arm,ticker,accession,formation,span,flagged,quote,condition,localised,keyword_flagged,host_sector
unplanted_reread,BTU,0001193125-20-326738,2021-02-28,,False,,,False,True,Energy
unplanted_reread,EBS,0001367644-22-000135,2022-10-31,,False,,,False,True,Health Care
unplanted_reread,RCL,0001104659-21-026708,2021-02-28,,False,,,False,True,Consumer Discretionary
unplanted_reread,ARR,0001428205-20-000314,2021-01-31,,False,,,False,False,Financials
unplanted_reread,AGEN,0001193125-18-297322,2018-12-31,,False,,,False,False,Health Care
unplanted_reread,NEO,0001077183-22-000176,2022-12-31,,False,,,False,True,Health Care
unplanted_reread,SPG,0001104659-20-042357,2020-05-31,,False,,,False,True,Real Estate
unplanted_reread,XEL,0000072903-21-000079,2021-10-31,,False,,,False,False,Utilities
unplanted_reread,SPG,0001104659-20-135064,2021-01-31,,False,,,False,True,Real Estate
unplanted_reread,AGIO,0001193125-22-120194,2022-06-30,,False,,,False,False,Health Care
unplanted_reread,FIS,0001136893-21-000203,2021-10-31,,False,,,False,True,Financials
unplanted_reread,CLVT,0001764046-22-000166,2022-12-31,,False,,,False,True,Industrials
unplanted_reread,OGS,0001587732-21-000059,2021-07-31,,False,,,False,False,Utilities
unplanted_reread,LRMR,0000950170-25-063125,2025-07-31,,True,The acceptability of FXN concentrations as an RLSE to support approval will be a matter of review in a future marketing application,FDA agreement on frataxin concentration as a surrogate endpoint,True,False,Health Care
unplanted_reread,AR,0001104659-19-004086,2019-03-31,,False,,,False,False,Energy
unplanted_reread,OKE,0001039684-20-000082,2021-02-28,,False,,,False,False,Energy
unplanted_reread,LUMN,0001193125-22-304791,2022-12-31,,False,,,False,False,Communication
unplanted_reread,BCRX,0001171843-19-004220,2019-08-31,,False,,,False,True,Health Care
unplanted_reread,CLX,0001206774-21-001046,2021-06-30,,False,,,False,False,Consumer Staples
unplanted_reread,PYPL,0001193125-22-156247,2022-06-30,,False,,,False,True,Financials
unplanted_reread,CCO,0001193125-20-091896,2020-05-31,,False,,,False,True,Communication
unplanted_reread,IBRX,0001193125-25-164789,2025-07-31,,False,,,False,True,Health Care
unplanted_reread,SAGE,0001193125-25-012790,2025-01-31,,False,,,False,False,Health Care
unplanted_reread,AMRX,0001723128-23-000006,2023-04-30,,False,,,False,True,Health Care
unplanted_reread,MRCY,0001049521-21-000025,2021-06-30,,False,,,False,False,Industrials
unplanted_reread,APPS,0001628280-24-038529,2024-09-30,,False,,,False,False,Information Technology
unplanted_reread,IOVA,0001104659-21-080846,2021-07-31,,False,,,False,False,Health Care
unplanted_reread,ASPS,0001462418-20-000008,2020-05-31,,False,,,False,False,Real Estate
unplanted_reread,WEC,0000107815-21-000087,2021-03-31,,False,,,False,False,Utilities
unplanted_reread,NFE,0001749723-24-000125,2025-01-31,,False,,,False,True,Energy
unplanted_reread,ADNT,0001670541-19-000014,2019-04-30,,False,,,False,True,Consumer Discretionary
unplanted_reread,ADMA,0001193805-21-000065,2021-01-31,,False,,,False,True,Health Care
unplanted_reread,BMRC,0001403475-19-000029,2019-08-31,,False,,,False,False,Financials
unplanted_reread,ABEO,0001104659-19-074462,2020-02-29,,False,,,False,True,Health Care
unplanted_reread,AGL,0001628280-24-007195,2024-04-30,,False,,,False,True,Health Care
unplanted_reread,WLFC,0001018164-25-000156,2025-12-31,,False,,,False,False,Industrials
unplanted_reread,ACDC,0001104659-25-123836,2025-12-31,,False,,,False,False,Energy
unplanted_reread,AHT,0001232582-19-000046,2019-08-31,,False,,,False,False,Real Estate
unplanted_reread,OXY,0001140361-20-019096,2020-10-31,,False,,,False,False,Energy
unplanted_reread,RUN,0001193125-21-237695,2021-10-31,,False,,,False,False,Industrials
unplanted_reread,PSX,0001534701-20-000160,2021-01-31,,False,,,False,False,Energy
unplanted_reread,LW,0001104659-21-127749,2021-10-31,,False,,,False,True,Consumer Staples
unplanted_reread,HE,0000354707-21-000014,2021-03-31,,False,,,False,False,Utilities
unplanted_reread,MOH,0001437749-25-035866,2025-12-31,,False,,,False,True,Health Care
unplanted_reread,MVIS,0001493152-26-010200,2026-04-30,,False,,,False,False,Information Technology
unplanted_reread,M,0000794367-20-000074,2020-05-31,,False,,,False,False,Consumer Discretionary
unplanted_reread,CNC,0001071739-20-000014,2020-02-29,,False,,,False,False,Health Care
unplanted_reread,ARCT,0001193805-25-000946,2025-07-31,,False,,,False,True,Health Care
unplanted_reread,DJT,0001140361-25-020095,2025-07-31,,False,,,False,True,Communication
unplanted_reread,ADNT,0001670541-24-000135,2025-01-31,,False,,,False,True,Consumer Discretionary
unplanted_reread,LVS,0001300514-21-000144,2021-10-31,,False,,,False,True,Consumer Discretionary
unplanted_reread,ABEO,0001493152-20-006853,2020-05-31,,False,,,False,True,Health Care
unplanted_reread,RCL,0001104659-20-141047,2021-01-31,,False,,,False,True,Consumer Discretionary
unplanted_reread,OGS,0001193125-21-180550,2021-06-30,,False,,,False,True,Utilities
unplanted_reread,ADTN,0001193125-23-204377,2023-10-31,,True,"Although new customer acquisitions remain near an all-time high, we anticipate the second half of 2023 will continue to present challenges due to customers optimizing inventory and the macroeconomic environment.",macroeconomic environment,True,True,Information Technology
unplanted_reread,FE,0001031296-21-000004,2021-03-31,,False,,,False,True,Utilities
unplanted_reread,CCK,0001219601-18-000033,2018-09-30,,False,,,False,False,Materials
unplanted_reread,AVD,0001193125-25-115977,2025-07-31,,False,,,False,True,Materials
unplanted_reread,CCCC,0001564590-22-023555,2022-06-30,,False,,,False,False,Health Care
unplanted_reread,VRTX,0000875320-21-000020,2021-06-30,,False,,,False,False,Health Care
unplanted_reread,ASPN,0000950170-25-061852,2025-07-31,,False,,,False,False,Materials
unplanted_reread,ZIP,0001617553-26-000004,2026-04-30,,False,,,False,False,Communication
unplanted_reread,BLMN,0001546417-24-000170,2025-01-31,,False,,,False,True,Consumer Discretionary
unplanted_reread,AMCX,0001514991-23-000035,2023-10-31,,False,,,False,True,Communication
unplanted_reread,AKR,0001564590-21-010639,2021-03-31,,False,,,False,True,Real Estate
unplanted_reread,AMCX,0001193125-20-246295,2020-10-31,,False,,,False,True,Communication
unplanted_reread,OPRX,0001213900-24-111528,2025-01-31,,False,,,False,False,Health Care
unplanted_reread,TNYA,0000950170-25-009946,2025-01-31,,False,,,False,True,Health Care
unplanted_reread,ARR,0001428205-20-000348,2021-02-28,,False,,,False,False,Financials
unplanted_reread,BHE,0000863436-18-000033,2018-09-30,,False,,,False,False,Information Technology
unplanted_reread,AGL,0001628280-25-022679,2025-07-31,,False,,,False,True,Health Care
unplanted_reread,OXY,0001140361-20-029193,2021-01-31,,False,,,False,True,Energy
unplanted_reread,PRGO,0001585364-25-000153,2025-12-31,,False,,,False,True,Health Care
unplanted_reread,UAL,0001104659-20-110493,2020-10-31,,False,,,False,True,Industrials
unplanted_reread,CLVT,0001104659-22-118941,2022-12-31,,False,,,False,True,Industrials
unplanted_reread,XNCR,0001326732-25-000063,2025-07-31,,False,,,False,False,Health Care
unplanted_reread,NTLA,0000950170-22-024693,2022-12-31,,False,,,False,True,Health Care
unplanted_reread,AMLX,0001193125-24-062878,2024-05-31,,False,,,False,True,Health Care
unplanted_reread,ARRY,0001193125-24-158325,2024-06-30,,False,,,False,True,Industrials
unplanted_reread,SRPT,0001564590-21-000577,2021-03-31,,False,,,False,True,Health Care
unplanted_reread,NVAX,0001104659-22-106808,2022-12-31,,False,,,False,False,Health Care
unplanted_reread,SPG,0001104659-20-140015,2021-02-28,,False,,,False,False,Real Estate
unplanted_reread,BBBY,0001104659-18-073205,2018-12-31,,False,,,False,True,Consumer Discretionary
unplanted_reread,CABA,0000950170-24-110389,2024-09-30,,False,,,False,False,Health Care
unplanted_reread,ASAN,0001477720-26-000019,2026-04-30,,False,,,False,True,Information Technology
unplanted_reread,BKD,0001332349-21-000004,2021-01-31,,False,,,False,False,Health Care
unplanted_reread,SLB,0001193125-20-301712,2021-01-31,,False,,,False,False,Energy
unplanted_reread,BHR,0001574085-24-000014,2024-03-31,,False,,,False,False,Real Estate
unplanted_reread,BLNK,0001493152-24-009599,2024-04-30,,False,,,False,False,Industrials
unplanted_reread,ABEO,0001493152-20-004018,2020-05-31,,False,,,False,False,Health Care
unplanted_reread,PCG,0000950157-19-000727,2019-08-31,,False,,,False,True,Utilities
unplanted_reread,FIVE,0001193125-24-221442,2024-09-30,,False,,,False,False,Consumer Discretionary
unplanted_reread,TRGP,0001193125-20-215722,2020-10-31,,False,,,False,False,Energy
unplanted_reread,RUN,0001469367-21-000221,2021-10-31,,False,,,False,False,Industrials
unplanted_reread,MKC,0000063754-20-000184,2021-01-31,,False,,,False,False,Consumer Staples
unplanted_reread,TFIN,0001539638-25-000022,2025-12-31,,False,,,False,True,Financials
unplanted_reread,NCLH,0001558370-20-011712,2020-10-31,,False,,,False,False,Consumer Discretionary
unplanted_reread,BHR,0001574085-24-000008,2024-04-30,,False,,,False,False,Real Estate
unplanted_reread,CRNC,0001193125-24-284230,2025-01-31,,False,,,False,True,Information Technology
unplanted_reread,ACET,0000950170-24-035366,2024-04-30,,False,,,False,False,Health Care
unplanted_reread,AMRC,0001488139-24-000006,2024-03-31,,False,,,False,True,Industrials
unplanted_reread,BTU,0001193125-21-022513,2021-02-28,,False,,,False,True,Energy
unplanted_reread,AAT,0001500217-21-000016,2021-03-31,,False,,,False,False,Real Estate
unplanted_reread,ARR,0001428205-21-000044,2021-02-28,,False,,,False,False,Financials
unplanted_reread,LYFT,0001759509-22-000030,2022-06-30,,False,,,False,True,Industrials
unplanted_reread,KMX,0001170010-26-000006,2026-04-30,,False,,,False,False,Consumer Discretionary
unplanted_reread,ADV,0001193125-26-065365,2026-04-30,,False,,,False,True,Communication
unplanted_reread,SAM,0001564590-21-047356,2021-10-31,,False,,,False,False,Consumer Staples
unplanted_reread,AVD,0001193125-24-065851,2024-04-30,,False,,,False,True,Materials
unplanted_reread,BHR,0001104659-20-055826,2020-05-31,,False,,,False,False,Real Estate
unplanted_reread,WTI,0001104659-25-003486,2025-01-31,,False,,,False,False,Energy
unplanted_reread,BCBP,0001193125-24-015410,2024-03-31,,False,,,False,False,Financials
unplanted_reread,HPP,0001482512-21-000018,2021-03-31,,False,,,False,False,Real Estate
unplanted_reread,BRO,0000079282-18-000035,2018-12-31,,False,,,False,True,Financials
unplanted_reread,ADMA,0001193805-21-000004,2021-01-31,,False,,,False,False,Health Care
unplanted_reread,AHT,0001232582-20-000003,2020-02-29,,False,,,False,False,Real Estate
unplanted_reread,NTRA,0001104659-22-046150,2022-06-30,,False,,,False,False,Health Care
unplanted_reread,JELD,0001674335-25-000003,2025-01-31,,False,,,False,True,Industrials
unplanted_reread,APLD,0001144879-24-000125,2024-06-30,,False,,,False,False,Information Technology
unplanted_reread,AAP,0001193125-23-244749,2023-10-31,,False,,,False,False,Consumer Discretionary
planted_condition,AGEN,0001193125-18-325489,2018-12-31,"Payment of the Dividend is conditioned upon the Board not having revoked the dividend prior to the Payment Date, including for a material change to the solvency or surplus analysis presented to the Board.",False,,,False,False,Health Care
planted_condition,HELE,0000916789-22-000076,2022-12-31,"the satisfaction of conditions to the closing of the Rasmussen Acquisition, including the failure to obtain or delay in obtaining required regulatory and accreditor approvals",False,,,False,True,Consumer Discretionary
planted_condition,WNC,0000879526-25-000032,2025-07-31,"require us to achieve certain concessions from our renewable contract customers by September 30, 2018 that will generate at least $25.0 million of incremental benefits to us",False,,,False,False,Industrials
planted_condition,BWB,0001558370-23-016721,2023-10-31,uncertainty relating to adverse litigation outcomes and the timing of resolution of litigation matters,False,,,False,True,Financials
planted_condition,CAR,0000950142-24-000731,2024-03-31,"assessing the spread of the virus across the state, its impact on the reliability of our global supply chain and that ripple effect on the 787 program",False,,,False,False,Industrials
planted_condition,LW,0001679273-24-000067,2024-09-30,These estimates incorporate projected customer demand in light of recently announced industry consolidation and the current expectations regarding end-consumer demand for ready-to-drink glass and can volumes.,True,These estimates incorporate projected customer demand in light of recently announced industry consolidation and the current expectations regarding end-consumer demand for ready-to-drink glass and can volumes.,end-consumer demand for ready-to-drink glass and can volumes,True,True,Consumer Staples
planted_condition,BTU,0001193125-20-025061,2020-02-29,"While market conditions in the Permian completions market are expected to remain challenging, Atlas is well positioned to enhance our market position and generate meaningful Adjusted Free Cash Flow in 2026.",False,,,False,True,Energy
planted_condition,ARE,0001104659-26-019662,2026-04-30,continuing waivers of financial covenants related to our bank credit facilities and private placement notes,True,continuing waivers of financial covenants related to our bank credit facilities and private placement notes,continuing waivers of financial covenants,True,True,Real Estate
planted_condition,BW,0001630805-19-000017,2019-04-30,"The offering is expected to close on September 19, 2024, subject to market and other conditions, including the Company amending its existing ABL credit agreement to among other things increase the commitments by $50 million to $325 million.",True,requiring our independent registered public accounting firm certify our consolidated financial statements without a going concern qualification,independent registered public accounting firm certifying consolidated financial statements without a going concern qualification,False,True,Industrials
planted_condition,EQT,0001104659-19-013388,2019-04-30,"In response to the uncertainties related to COVID-19 and the resulting high market volatility, performance under the STI Plan for fiscal year 2021 will be based on two six-month measurement periods, which allows the Company to more effectively establish performance goals under the plan.",False,,,False,False,Energy
planted_condition,CAG,0001193125-19-017870,2019-03-31,"This decision was based on cost-reduction initiatives intended to reduce operating expenses, sharpen the Company s focus on a set of key growth priorities, and target cash flow positive operations within the second half of 2023.",False,,,False,False,Consumer Staples
planted_condition,MPC,0001510295-20-000095,2020-10-31,"The Company expects to explore with potential strategic partners financings, commercial ventures or asset sales that are intended to enhance the Company s liquidity and financial flexibility. The Company cannot provide assurance that its exploration will result in pursuing a transaction or that any transaction, if pursued, will be completed on attractive terms.",False,,,False,True,Energy
planted_condition,ALIT,0001193125-26-079261,2026-04-30,"Given the drop in travel demand and financial outlook for United Airlines, it is extremely unlikely that either of these programs will pay out for 2020.",False,,,False,False,Industrials
planted_condition,ARDX,0001558370-19-002233,2019-04-30,the U.S. Food and Drug Administration is allowing the Company s Bayview manufacturing facility to resume production of Johnson Johnson s Covid-19 vaccine bulk drug substance,False,,,False,False,Health Care
planted_condition,BCRX,0001171843-23-004942,2023-10-31,"DENALI Part 2, if successful, has the potential to support an accelerated approval, subject to FDA review.",False,,,False,True,Health Care
planted_condition,BGSF,0001474903-20-000071,2021-01-31,We firmly believe that the erosion in our market capitalization was driven by the effects of the COVID-19 pandemic on the stock market and that a return to normalcy in the markets will cause our market capitalization to recover.,True,We firmly believe that the erosion in our market capitalization was driven by the effects of the COVID-19 pandemic on the stock market and that a return to normalcy in the markets will cause our market capitalization to recover.,return to normalcy in the markets,True,False,Industrials
planted_condition,M,0000794367-20-000116,2020-10-31,"COVID-19 has negatively impacted, and may continue to impact, the ability or desire of people to travel, including on cruises, and may impact our ability to obtain acceptable financing to fund any resulting shortfalls in cash from operations.",False,,,False,False,Consumer Discretionary
planted_condition,TWLO,0001447669-22-000141,2022-10-31,"We believe that as markets return to normal, our continued focus on these measures, will lead to sustainable margin expansions and shareholder value creation in the mid-term.",False,,,False,True,Information Technology
planted_condition,ZD,0001084048-25-000071,2025-12-31,"AMC s ability to obtain additional liquidity, which if not realized or insufficient to generate the material amounts of additional liquidity that will be required unless it is able to achieve more normalized levels of operating revenues, likely would result with AMC seeking an in-court or out-of-court restructuring of its liabilities",False,,,False,True,Communication
planted_condition,DJT,0001140361-25-039596,2025-12-31,"it is very difficult to predict when theatre attendance levels will normalize, which we expect will depend on the widespread availability and use of effective vaccines for the coronavirus.",True,"it is very difficult to predict when theatre attendance levels will normalize, which we expect will depend on the widespread availability and use of effective vaccines for the coronavirus.",widespread availability and use of effective vaccines for the coronavirus,True,True,Communication
planted_condition,LXRX,0001062822-24-000064,2025-01-31,"The restructuring plan resulted from a company-wide review of our organizational structure, operational budgets, current and future capital projects and existing capability and infrastructure undertaken in response to industry challenges, including increased competition, downward pricing pressure and resulting volume reductions.",False,,,False,False,Health Care
planted_condition,OGS,0001193125-21-180550,2021-07-31,PSCo filed a request with the Colorado Public Utilities Commission (CPUC) to recover $263 million in weather-related electric costs and $287 million in incremental gas costs over 24 months with no financing charge.,False,,,False,True,Utilities
planted_condition,AVB,0001104659-21-029172,2021-03-31,"The Highly Regulated Life Science Industry Has Confronted the Cumulative Impact of a Wave of Market, Regulatory, Policy, and Global Headwinds",False,,,False,False,Real Estate
planted_condition,WLFC,0001018164-25-000138,2025-12-31,The Company plans to continue to proactively evaluate and cancel flights on a rolling 60-day basis until it sees signs of a recovery in demand.,True,The Company plans to continue to proactively evaluate and cancel flights on a rolling 60-day basis until it sees signs of a recovery in demand.,recovery in demand,True,True,Industrials
planted_condition,BSET,0001437749-18-017984,2018-12-31,"The current, and uncertain future, impact of the COVID-19 outbreak, including its effect on the ability or desire of people to travel (including on cruises), is expected to continue to impact our results, operations, outlooks, plans, goals, reputation, litigation, cash flows, liquidity, and stock price",False,,,False,False,Consumer Discretionary
planted_condition,MRNA,0001682852-22-000045,2022-10-31,its ability to receive regulatory approval from the FDA and comparable foreign authorities for its product candidates,False,,,False,True,Health Care
planted_condition,EIX,0000827052-21-000018,2021-03-31,"PG E believes that any securitization of costs relating to the 2017 Northern California wildfires would not occur, if at all, until (a) PG E has paid claims relating to the 2017 Northern California wildfires, (b) PG E has filed application for recovery of such costs and (c) the CPUC makes a determination that such costs are just and reasonable or in excess of the Disallowance Threshold.",False,,,False,True,Utilities
planted_condition,IPGP,0001111928-19-000007,2019-03-31,"In light of the Joint Release, the Company expects that it will have access to substantially all of its corporate deposits and cash held in trust on behalf of its customers at SVB.",False,,,False,False,Information Technology
planted_condition,AROC,0001104659-21-027733,2021-02-28,"Upon the termination of the LCF Forbearance Agreement, if a further forbearance is not agreed to, the lenders could require the Company to cash collateralize the outstanding principal balance of the loans and all other amounts owing under the Letter of Credit Agreement.",False,,,False,False,Energy
planted_condition,BHR,0001104659-20-054454,2020-05-31,The Company and the institutional investors entered into the Third Amendment to extend the Covenant Relief Period previously provided by the Second Amendment and to modify certain provisions of the Existing Note Purchase Agreement in light of the continuing financial and operational impacts of the COVID-19 pandemic on the Company and its tenants and borrowers.,False,,,False,False,Real Estate
planted_condition,HLF,0001193125-19-009020,2019-03-31,"There can be no assurance as to the ultimate outcome of the Joint Juice Litigation, including no assurance that the California Federal Settlement will be approved by the U.S. District Court or that the Multistate Settlement will be approved by the California Superior Court.",False,,,False,False,Consumer Staples
planted_condition,PPL,0000922224-21-000017,2021-06-30,"the impact of the 2017 and 2018 Northern California wildfires, including whether the Utility will be able to timely recover costs incurred in connection therewith in excess of the Utility's currently authorized revenue requirements",False,,,False,True,Utilities
planted_condition,OGS,0001587732-21-000022,2021-03-31,"The terms and conditions of Mr. Vesey s compensation arrangements are subject to the approval of the U.S. Bankruptcy Court for the Northern District of California (the Bankruptcy Court ), where the Chapter 11 cases of the Corporation and the Utility are pending.",False,,,False,True,Utilities
planted_condition,WVE,0001193125-26-183563,2026-04-30,"Following productive discussions between Atara and the U.S. Food and Drug Administration (FDA), the FDA and Atara are now aligned on analytical comparability between manufacturing process versions. This alignment supports Atara s ability to pool the pivotal clinical trial data from different process versions in the Biologics License Application (BLA) submission.",False,,,False,False,Health Care
planted_condition,HE,0000354707-21-000008,2021-03-31,"the impact of the 2017 and 2018 Northern California wildfires, including whether the Utility will be able to timely recover costs incurred in connection therewith in excess of the Utility's currently authorized revenue requirements",False,,,False,True,Utilities
planted_condition,ASPN,0000950170-23-002903,2023-04-30,"Absent a recovery in the Company s stock price, the Company expects to record a significant non-cash impairment within goodwill and other intangible assets.",True,"Absent a recovery in the Company s stock price, the Company expects to record a significant non-cash impairment within goodwill and other intangible assets.",recovery in the Company's stock price,True,True,Materials
planted_condition,ARQT,0001193125-21-189048,2021-06-30,The FDA's decision regarding the NDA is now expected in the fourth quarter of 2025.,False,,,False,False,Health Care
planted_condition,BLNK,0001493152-23-003711,2023-04-30,"While navigating this pandemic, we are committed to three goals: 1. Ensuring adequate cash to weather the downturn; 2. Reducing our cash burn by removing as much expense as possible; and 3. Restoring confidence in air travel.",False,,,False,True,Industrials
planted_condition,WOOF,0000950170-24-105135,2024-09-30,"will become earned 100% upon achievement of at least 3% positive same store sales growth for four consecutive quarters over a specified performance period that ends on February 1, 2028",False,,,False,True,Consumer Discretionary
planted_condition,ADUS,0001193125-21-236284,2021-10-31,"If the FDA does not accept the data from the Company s prior TRANQUILITY II Phase 3 trial, the Company may be required to conduct additional clinical trials which would increase its costs and delay potential submission of an sNDA for BXCL501 which in turn would adversely affect its financial position and operations.",False,,,False,False,Health Care
planted_condition,BYND,0001655210-24-000017,2024-03-31,These estimates incorporate projected customer demand in light of recently announced industry consolidation and the current expectations regarding end-consumer demand for ready-to-drink glass and can volumes.,False,,,False,True,Consumer Staples
planted_condition,AMRC,0001488139-23-000166,2023-10-31,EB works with local authorities and businesses to create the infrastructure the United Kingdom needs to meet the 2050 net zero emissions target and prepare for the 2030 ban on the sale of new petrol and diesel cars and vans.,False,,,False,False,Industrials
planted_condition,EQT,0001104659-20-003265,2020-02-29,unless the Company s liquidity equals or exceeds the principal amount of each of the respective senior notes series that remain outstanding on each of the respective springing maturity dates,True,unless the Company s liquidity equals or exceeds the principal amount of each of the respective senior notes series that remain outstanding on each of the respective springing maturity dates,liquidity equaling or exceeding principal amount of outstanding senior notes on springing maturity dates,True,True,Energy
planted_condition,EQT,0001104659-19-040347,2019-08-31,unless the Company s liquidity equals or exceeds the principal amount of each of the respective senior notes series that remain outstanding on each of the respective springing maturity dates,False,,,False,True,Energy
planted_condition,BRO,0000079282-19-000008,2019-03-31,uncertainty relating to adverse litigation outcomes and the timing of resolution of litigation matters,False,,,False,False,Financials
planted_condition,ROL,0000084839-21-000004,2021-10-31,"The vaccine is not being distributed as quickly as any of us believed, and new restrictions on international travel that require customers to have a negative COVID-19 test have dampened demand.",False,,,False,True,Industrials
planted_condition,SSTI,0001193125-24-269175,2025-01-31,the amount of available credit under the Credit Line and the approval of each draw may be reduced or declined by the Bank due to changes in Chinese government regulations and/or changes in Global Technology s financial and operational condition at the time of each requested draw,False,,,False,False,Information Technology
planted_condition,CRMT,0001171843-24-004987,2024-09-30,NCLC borrowed under the Fourth Amended and Restated Credit Agreement and the Norwegian Epic Credit Agreement as a precautionary measure in order to increase its cash position and facilitate financial flexibility in light of current uncertainty in the global markets resulting from the COVID-19 outbreak.,False,,,False,True,Consumer Discretionary
planted_condition,PLTR,0001193125-22-214147,2022-10-31,"with our broad portfolio and geographic reach, uniquely positioning us to benefit from what we anticipate to be a return to normalized spending",False,,,False,True,Information Technology
planted_condition,CHGG,0001364954-22-000037,2022-06-30,"COVID-19 has negatively impacted, and may continue to impact, the ability or desire of people to travel, including on cruises, and may impact our ability to obtain acceptable financing to fund any resulting shortfalls in cash from operations.",False,,,False,False,Consumer Discretionary
planted_condition,BGS,0001558370-20-001316,2020-02-29,"This decision was based on cost-reduction initiatives intended to reduce operating expenses, sharpen the Company s focus on a set of key growth priorities, and target cash flow positive operations within the second half of 2023.",False,,,False,False,Consumer Staples
planted_condition,APLD,0001144879-24-000125,2024-05-31,"Completion of the transactions contemplated by the Merger Agreement is subject to customary closing conditions, including the receipt of regulatory approvals.",False,,,False,True,Information Technology
planted_condition,ATRO,0000008063-20-000015,2020-05-31,"Under the terms of the DPA, the criminal information will be dismissed after three years, provided that the Company fully complies with its obligations under the DPA.",True,"These actions, combined with others we have taken in recent weeks, position us well to survive the COVID-19 market disruption that we anticipate.",COVID-19 market disruption,False,True,Industrials
planted_condition,AROC,0001104659-21-026369,2021-02-28,"The Amended Agreement also provides for contingent earnout payments to the Seller of up to $260 million based upon future commodity prices, with upside participation beginning at a $2.75 Henry Hub natural gas price or a $50 WTI oil price.",True,"The Amended Agreement also provides for contingent earnout payments to the Seller of up to $260 million based upon future commodity prices, with upside participation beginning at a $2.75 Henry Hub natural gas price or a $50 WTI oil price.",future commodity prices (Henry Hub natural gas price or WTI oil price),True,True,Energy
planted_condition,ETR,0000065984-21-000121,2021-03-31,the effectiveness of our ongoing discussions with the U.S. Attorney s Office of the S.D. Ohio to resolve its investigation with respect to us,False,,,False,False,Utilities
planted_condition,AXSM,0001564590-21-036470,2021-07-31,The FDA's decision regarding the NDA is now expected in the fourth quarter of 2025.,True,The FDA's decision regarding the NDA is now expected in the fourth quarter of 2025.,FDA approval decision,True,False,Health Care
planted_condition,CDE,0000215466-19-000067,2019-03-31,We have taken actions to reduce costs to deliver the earnings it is capable of generating and we will assess opportunities to optimize its footprint to return it to levels of profitability that provide an appropriate return on investment,False,,,False,True,Materials
planted_condition,TWLO,0001193125-22-151997,2022-06-30,"with our broad portfolio and geographic reach, uniquely positioning us to benefit from what we anticipate to be a return to normalized spending",False,,,False,True,Information Technology
planted_condition,MEG,0000950170-25-006702,2025-01-31,"require us to commence a process by February 28, 2019 to refinance our revolving credit facility",False,,,False,False,Industrials
planted_condition,BRBR,0001628280-25-052201,2025-12-31,"The Company can regain compliance at any time during the six-month cure period if, on the last trading day of any calendar month during the six-month cure period, the Common Stock has (i) a closing price of at least $1.00 per share and (ii) an average closing price of at least $1.00 per share over the 30 consecutive trading-day period ending on the last trading day of that month.",True,"The Company can regain compliance at any time during the six-month cure period if, on the last trading day of any calendar month during the six-month cure period, the Common Stock has (i) a closing price of at least $1.00 per share and (ii) an average closing price of at least $1.00 per share over the 30 consecutive trading-day period ending on the last trading day of that month.",stock price recovery above $1.00 per share,True,False,Consumer Staples
planted_condition,ALGN,0001097149-22-000062,2022-12-31,"To regain compliance with the Price Criteria for Capital or Common Stock, the Company anticipates pursuing a reverse stock split, subject to approval by the Company s stockholders.",False,,,False,True,Health Care
planted_condition,BXC,0001301787-20-000006,2020-05-31,"While it will take time for the vaccine to be widely distributed, the Company s confidence is even stronger in the recovery and the trajectory of the rebound in 2021 and beyond.",False,,,False,True,Industrials
planted_condition,KEX,0001140361-21-006340,2021-02-28,"require us to commence a process by February 28, 2019 to refinance our revolving credit facility",False,,,False,False,Industrials
planted_condition,BYRN,0001437749-26-011756,2026-04-30,Widespread vaccinations among our customers and our employees will be essential to Delta's sustained recovery and the start of our rebound.,True,Widespread vaccinations among our customers and our employees will be essential to Delta's sustained recovery and the start of our rebound.,Widespread vaccinations among customers and employees,True,False,Industrials
planted_condition,AMC,0001104659-20-123668,2021-01-31,"The Transaction will enhance consumer choice by making available a broad set of programming offerings, and is subject to regulatory approvals, Fubo shareholder approval, and the satisfaction of other customary closing conditions.",False,,,False,True,Communication
planted_condition,EQT,0001104659-19-002753,2019-03-31,condition Occidental s obligation to accept for purchase and to pay for any of the Subject Notes on its receipt of proceeds from an issuance of senior unsecured debt securities with an aggregate principal amount of at least $2 billion,False,,,False,False,Energy
planted_condition,CCL,0000815097-20-000111,2021-02-28,"As we look ahead, we are planning for the crisis to continue to impact our business in the near-term",False,,,False,False,Consumer Discretionary
planted_condition,BCC,0001328581-25-000090,2025-12-31,"assessing the spread of the virus across the state, its impact on the reliability of our global supply chain and that ripple effect on the 787 program",False,,,False,False,Industrials
planted_condition,BYND,0001655210-25-000193,2025-12-31,"We believe that temporarily increasing our maximum consolidated leverage ratio is a prudent measure given the current difficult consumer environment in the packaged foods industry, our working capital needs and tariff uncertainty.",True,"We believe that temporarily increasing our maximum consolidated leverage ratio is a prudent measure given the current difficult consumer environment in the packaged foods industry, our working capital needs and tariff uncertainty.",consumer environment in the packaged foods industry,True,True,Consumer Staples
planted_condition,CDNA,0001193125-22-298916,2022-12-31,"Between 0% and 200% of the PSUs can be earned based on the Company s achievement of stock price hurdles over a three-year period from March 1, 2020 through February 28, 2023, with 50% of such units earned at a stock price of $8.00 per share and 200% of such units earned at a stock price of $20.00 per share.",False,,,False,False,Health Care
planted_condition,AR,0001104659-19-004086,2019-04-30,"Upon the termination of the Term Loan B Forbearance Agreement, if a further forbearance or debt restructuring is not agreed to, the lenders could accelerate the outstanding principal balance of the loans and all other amounts owing under the TLB Credit Agreement and other loan documents, in which case substantially all of the Company s other outstanding debt would become payable on demand.",False,,,False,True,Energy
planted_condition,EIX,0000827052-21-000022,2021-03-31,the effectiveness of our ongoing discussions with the U.S. Attorney s Office of the S.D. Ohio to resolve its investigation with respect to us,False,,,False,False,Utilities
planted_condition,BMBL,0001193125-24-056954,2024-04-30,"Effective vaccines against the coronavirus, which are expected to become widely available this year, together with the expected release later this year of major movie titles that have so far been delayed, are expected to have a material positive impact on our industry and have generated optimism that movie theatre attendance levels ultimately will significantly rebound from current levels.",False,,,False,True,Communication
planted_condition,MORN,0001104659-26-034527,2026-04-30,Reversals of $920 thousand to the allowance for credit losses on loans and $612 thousand to the allowance for credit losses on unfunded loan commitments in the second quarter of 2021 were driven primarily by an improvement in economic forecasts.,False,,,False,False,Financials
planted_condition,WEAV,0001609151-26-000035,2026-04-30,the ability of II-VI and Finisar Corporation ( Finisar ) to complete the proposed transaction on the anticipated terms and timing or at all,False,,,False,False,Information Technology
planted_condition,TDOC,0001104659-22-112474,2022-12-31,"In the event that AGEN2034 is not approved by the FDA by the end of 2021 and all Tokens are converted into Agenus stock, a total of 1.85 Million shares would be issued",False,,,False,True,Health Care
planted_condition,ATRA,0001193125-19-199083,2019-08-31,the Agreement and Amendment addresses the Company s royalty payment obligations to Stanford depending on the decision of the Supreme Court with respect to the Review,False,,,False,True,Health Care
planted_condition,WTI,0001104659-25-006983,2025-01-31,"Formation of the joint venture is subject to customary closing conditions, including the termination or expiration of the waiting period under the Hart-Scott-Rodino Antitrust Improvements Act of 1976, as amended, the receipt of certain other required regulatory approvals and the absence of injunctions or other legal restraints preventing the formation of the joint venture.",True,"Formation of the joint venture is subject to customary closing conditions, including the termination or expiration of the waiting period under the Hart-Scott-Rodino Antitrust Improvements Act of 1976, as amended, the receipt of certain other required regulatory approvals and the absence of injunctions or other legal restraints preventing the formation of the joint venture.","termination or expiration of the Hart-Scott-Rodino waiting period, receipt of required regulatory approvals, and absence of legal restraints",True,True,Energy
planted_condition,LSCC,0001437749-24-029278,2024-09-30,"in the event the full intended additional megawatt energization for the Facility is not conditionally approved by the applicable regulatory authority within 120 days of the Closing, the Purchase Price is subject to a reduction of up to $34,000,000",False,,,False,True,Information Technology
planted_condition,ELS,0000895417-21-000009,2021-03-31,"In addition, even after the restrictions are lifted, the propensity of people to travel and for businesses to hold conferences will likely remain below historical levels for an additional period of time that is difficult to predict.",True,"In addition, even after the restrictions are lifted, the propensity of people to travel and for businesses to hold conferences will likely remain below historical levels for an additional period of time that is difficult to predict.",lifting of travel restrictions and recovery of propensity to travel and hold conferences,True,True,Real Estate
planted_condition,COP,0001104659-21-013719,2021-02-28,"Upon the termination of the LCF Forbearance Agreement, if a further forbearance is not agreed to, the lenders could require the Company to cash collateralize the outstanding principal balance of the loans and all other amounts owing under the Letter of Credit Agreement.",False,,,False,False,Energy
planted_condition,ACVA,0001637873-25-000025,2025-12-31,"In particular, the consequences of the COVID-19 outbreak to economic conditions and the travel industry in general and the financial position and operating results of the Company in particular have been material, are changing rapidly, and cannot be predicted.",False,,,False,False,Industrials
planted_condition,NWL,0001193125-19-036005,2019-04-30,The closing of this offering is conditioned upon the closing of a new asset-based credit agreement.,False,,,False,False,Consumer Discretionary
planted_condition,NWL,0001193125-19-181893,2019-08-31,"As a result of the COVID-19 outbreak, we have paused our guest cruise operations, and if we are unable to re-commence normal operations in the near-term, we may be out of compliance with a maintenance covenant in certain of our debt facilities as of May 31, 2021",False,,,False,True,Consumer Discretionary
planted_condition,ELS,0000895417-21-000003,2021-03-31,"These reductions will be effective until such time as AINC s Chief Executive Officer, Mr. Monty J. Bennett, determines in his discretion that the effects of the COVID-19 novel coronavirus have subsided and it has been determined that the Company is in a healthy financial position.",False,,,False,True,Real Estate
planted_condition,ROKU,0001428439-22-000033,2022-12-31,The Company increased its borrowings under the Revolving Credit Facility as a precautionary measure in order to increase liquidity and preserve financial flexibility in light of current uncertainty resulting from the COVID-19 pandemic.,False,,,False,False,Communication
planted_condition,ALGM,0000950103-24-010880,2024-09-30,"Now, following successful treatments, I am pleased to report that my doctors have given me a favorable long-term prognosis.",False,,,False,False,Information Technology
planted_condition,BYND,0001655210-25-000220,2025-12-31,"The Company can regain compliance at any time during the six-month cure period if, on the last trading day of any calendar month during the six-month cure period, the Common Stock has (i) a closing price of at least $1.00 per share and (ii) an average closing price of at least $1.00 per share over the 30 consecutive trading-day period ending on the last trading day of that month.",False,,,False,False,Consumer Staples
planted_condition,ALXO,0001193125-23-251917,2023-10-31,"the Company may, at its option, extend the maturity date to the sixth anniversary of the Effective Date if, prior to December 31, 2024, the Company receives approval from the FDA of an NDA in respect of the use of BXCL501 for the acute treatment of agitation associated with Alzheimer s Disease",False,,,False,True,Health Care
planted_condition,FSLY,0001517413-24-000244,2025-01-31,The extent to which the coronavirus will impact our business and our consolidated financial results will depend on future developments which are highly uncertain and cannot be predicted at the time of the filing of this Annual Report on Form 10-K.,False,,,False,True,Information Technology
planted_condition,OGE,0001021635-21-000011,2021-02-28,the effectiveness of our ongoing discussions with the U.S. Attorney s Office of the S.D. Ohio to resolve its investigation with respect to us,False,,,False,False,Utilities
planted_condition,DNUT,0001857154-25-000102,2025-07-31,"The Amendment provides that the Company will use the net proceeds of any junior capital raise of $50 million or more to pay down the then outstanding principal balance of the line of credit and will pay a fee to the lenders of 0.10% of the total permitted borrowings under the line of credit if the Company has not completed such a capital raise by October 31, 2024.",False,,,False,False,Consumer Discretionary
planted_condition,ALDX,0001193125-20-006782,2020-02-29,The Company intends to issue a press release following the U.S. Food and Drug Adminstration s decision regarding its acceptance of the filing.,True,The Company intends to issue a press release following the U.S. Food and Drug Adminstration s decision regarding its acceptance of the filing.,FDA acceptance of filing,True,True,Health Care
planted_condition,BILL,0001786352-24-000033,2024-09-30,"With the ongoing implementation of our cost improvement measures, we believe that we are transforming into a more streamlined and efficient company. We expect that this will position us well to excel when spending returns to normal levels.",True,"With the ongoing implementation of our cost improvement measures, we believe that we are transforming into a more streamlined and efficient company. We expect that this will position us well to excel when spending returns to normal levels.",spending returns to normal levels,True,True,Information Technology
planted_condition,CNC,0001140361-20-002399,2020-02-29,its ability to receive regulatory approval for its product candidates and the possibility that the FDA does not conclude that its product candidates satisfy the regulatory requirements for approval,False,,,False,False,Health Care
planted_condition,BNGO,0001140361-23-004345,2023-04-30,"Although we expect to commence a Phase 3 trial in the second half of 2021, such commencement is subject to reaching alignment with the FDA on these matters.",False,,,False,True,Health Care
planted_condition,ARRY,0001193125-24-147322,2024-06-30,"While it will take time for the vaccine to be widely distributed, the Company s confidence is even stronger in the recovery and the trajectory of the rebound in 2021 and beyond.",True,"While it will take time for the vaccine to be widely distributed, the Company s confidence is even stronger in the recovery and the trajectory of the rebound in 2021 and beyond.",vaccine distribution,True,False,Industrials
planted_condition,MTDR,0001520006-19-000112,2019-08-31,"we expect that oil prices in the near term will continue to be influenced by the duration and severity of the COVID-19 pandemic and its resulting impact on oil and gas demand, the extent to which countries abide by the OPEC+ production agreement and U.S. production levels.",True,"we expect that oil prices in the near term will continue to be influenced by the duration and severity of the COVID-19 pandemic and its resulting impact on oil and gas demand, the extent to which countries abide by the OPEC+ production agreement and U.S. production levels.","duration and severity of the COVID-19 pandemic and its impact on oil and gas demand, OPEC+ production agreement compliance, and U.S. production levels",True,True,Energy
planted_condition,AESI,0001193125-25-244603,2025-12-31,"The extent to which the COVID-19 pandemic adversely affects our business, results of operations, and financial condition will depend on future developments, which are highly uncertain and cannot be predicted, including the scope and duration of the pandemic and actions taken by governmental authorities and other third parties in response to the pandemic.",False,,,False,True,Energy
planted_condition,UAL,0001104659-20-128224,2021-01-31,"Under the terms of the DPA, the criminal information will be dismissed after three years, provided that the Company fully complies with its obligations under the DPA.",False,,,False,False,Industrials
planted_condition,CARE,0001104659-21-001609,2021-03-31,Reversals of $920 thousand to the allowance for credit losses on loans and $612 thousand to the allowance for credit losses on unfunded loan commitments in the second quarter of 2021 were driven primarily by an improvement in economic forecasts.,False,,,False,True,Financials
planted_condition,MKTX,0001193125-21-220060,2021-07-31,The Company can regain compliance at any time within the six-month period following receipt of the NYSE notice if on the last trading day of any calendar month during the cure period the Company has a closing share price of at least $1.00 and an average closing share price of at least $1.00 over the 30 trading-day period ending on the last trading day of that month.,False,,,False,True,Financials
planted_condition,KMX,0001170010-26-000002,2026-04-30,"The current, and uncertain future, impact of the COVID-19 outbreak, including its effect on the ability or desire of people to travel (including on cruises), is expected to continue to impact our results, operations, outlooks, plans, goals, reputation, litigation, cash flows, liquidity, and stock price",False,,,False,True,Consumer Discretionary
planted_condition,ALKT,0001529274-26-000005,2026-04-30,cautious service provider spending due to economic uncertainty and continued customer inventory adjustments,False,,,False,False,Information Technology
planted_condition,CBL,0000910612-18-000073,2018-09-30,"The extent to which COVID-19 impacts us, our tenants and guests will depend on future developments, which are highly uncertain and cannot be predicted with confidence, including the scope, severity and duration of the pandemic, the actions taken to contain the pandemic or mitigate its impact, and the direct and indirect economic effects of the pandemic and containment measures, among others.",False,,,False,True,Real Estate
planted_condition,ABEO,0001493152-20-018550,2020-10-31,"that the FDA, PMDA, EMA or other applicable regulatory agency may not approve berotralstat, within the timeframe expected, or at all, may ultimately determine that there are deficiencies in the development program or execution thereof, may require additional information or studies, may disagree with our analyses regarding the safety and efficacy conclusions",False,,,False,True,Health Care
planted_condition,BYND,0001655210-21-000076,2021-06-30,"There can be no assurance as to the ultimate outcome of the Joint Juice Litigation, including no assurance that the California Federal Settlement will be approved by the U.S. District Court or that the Multistate Settlement will be approved by the California Superior Court.",False,,,False,True,Consumer Staples
planted_condition,TREX,0001193125-25-226786,2025-12-31,"require us to achieve certain concessions from certain of our renewable loss contract customers by February 15, 2019 that will generate at least $25.0 million of incremental benefits to us",False,,,False,True,Industrials
planted_condition,BTU,0001193125-21-085942,2021-03-31,Improving demand recovery supported by various government measures to stimulate economic activity and continued supply discipline from the major producers set the conditions for a long-term activity rebound.,True,Improving demand recovery supported by various government measures to stimulate economic activity and continued supply discipline from the major producers set the conditions for a long-term activity rebound.,demand recovery,True,True,Energy
planted_condition,AA,0001193125-23-092334,2023-04-30,The repayment of these borrowings is expected to occur when the uncertainty in the global markets subsides,False,,,False,False,Materials
planted_condition,ARR,0001428205-21-000093,2021-03-31,The Company can regain compliance at any time within the six-month period following receipt of the NYSE notice if on the last trading day of any calendar month during the cure period the Company has a closing share price of at least $1.00 and an average closing share price of at least $1.00 over the 30 trading-day period ending on the last trading day of that month.,False,,,False,False,Financials
planted_condition,ZNTL,0001725160-24-000177,2025-01-31,"The restructuring plan resulted from a company-wide review of our organizational structure, operational budgets, current and future capital projects and existing capability and infrastructure undertaken in response to industry challenges, including increased competition, downward pricing pressure and resulting volume reductions.",False,,,False,True,Health Care
planted_condition,MRCY,0001049521-21-000041,2021-10-31,"we are required to achieve certain concessions from our renewable contract customers that will generate at least $25.0 million of incremental benefits to us from September 30, 2018 to October 31, 2018",False,,,False,False,Industrials
planted_condition,BLMN,0001546417-25-000137,2025-12-31,"COVID-19 has negatively impacted, and may continue to impact, the ability or desire of people to travel, including on cruises, and may impact our ability to obtain acceptable financing to fund any resulting shortfalls in cash from operations.",False,,,False,False,Consumer Discretionary
planted_condition,NVAX,0001104659-20-005603,2020-02-29,"An investigation is underway to further characterize the observed abnormality, including any clinical relevance, evidence of clonal expansion or potential relationship to gene editing. The Company expects to provide additional updates in the coming weeks following consultation with the FDA.",False,,,False,False,Health Care
planted_condition,BRCC,0001140361-25-023163,2025-07-31,"We are making solid progress in our transition to a sustainable growth model, one that emphasizes the achievement of cash flow positive operations within the second half of 2023.",True,"We are making solid progress in our transition to a sustainable growth model, one that emphasizes the achievement of cash flow positive operations within the second half of 2023.",achievement of cash flow positive operations,True,True,Consumer Staples
planted_condition,BALY,0001747079-24-000017,2024-03-31,"As we work closely with the U.S. Centers for Disease Control and Prevention and government authorities around the world toward this shared goal, we are extending the suspension of certain sailings for our cruise lines.",False,,,False,False,Consumer Discretionary
planted_condition,AHT,0001232582-20-000019,2020-05-31,continuing waivers of financial covenants related to our bank credit facilities and private placement notes,True,continuing waivers of financial covenants related to our bank credit facilities and private placement notes,continuing waivers of financial covenants related to bank credit facilities and private placement notes,True,True,Real Estate
planted_condition,ACLS,0001104659-25-046247,2025-07-31,"Completion of the transactions contemplated by the Merger Agreement is subject to customary closing conditions, including the receipt of regulatory approvals.",False,,,False,True,Information Technology
planted_condition,CARG,0001193125-21-191699,2021-07-31,"The Transaction will enhance consumer choice by making available a broad set of programming offerings, and is subject to regulatory approvals, Fubo shareholder approval, and the satisfaction of other customary closing conditions.",False,,,False,True,Communication
planted_boilerplate,BW,0001630805-19-000015,2019-04-30,The forward-looking statements in this presentation represent Larimar&#x2019;s management&#x2019;s views only as of the date hereof.,False,,,False,True,Industrials
planted_boilerplate,RNG,0001384905-22-000042,2022-10-31,"Words such as ""believes,"" ""anticipates,"" ""plans,"" ""expects,"" ""will,"" ""intends,"" ""potential,"" ""possible"" and similar expressions are intended to identify forward-looking statements.",False,,,False,False,Information Technology
planted_boilerplate,BNED,0001634117-20-000005,2020-02-29,"By their nature, forward-looking statements involve risks and uncertainties because they relate to events and depend on circumstances that may or may not occur in the future.",False,,,False,False,Consumer Discretionary
planted_boilerplate,ROL,0001171200-21-000248,2021-07-31,Cautionary Note Regarding Forward-Looking Statements This press release contains forward-looking statements within the meaning of the federal securities laws.,False,,,False,False,Industrials
planted_boilerplate,INO,0001193125-21-163719,2021-06-30,"Forward-looking statements are not guarantees of future performance, and involve risks, uncertainties and assumptions that may cause our actual results to differ materially from the expectations that we describe in our forward-looking statements.",False,,,False,True,Health Care
planted_boilerplate,KSS,0001193125-20-145553,2020-05-31,"We have attempted to identify forward-looking statements by such terminology as may, will, believe, estimate, expect, and similar expressions (as well as other words or expressions referencing future events, conditions or circumstances), which constitute and are intended to identify forward-looking statements.",False,,,False,True,Consumer Discretionary
planted_boilerplate,DJT,0001140361-25-025413,2025-07-31,"Except for the historical information contained in this Current Report on Form 8-K, the matters set forth herein include forward-looking statements.",False,,,False,False,Communication
planted_boilerplate,CRI,0001060822-25-000132,2025-07-31,"Although we believe that our plans, intentions, and expectations reflected in or suggested by these forward-looking statements are reasonable, we cannot assure you that we will achieve or realize these plans, intentions, or expectations.",False,,,False,False,Consumer Discretionary
planted_boilerplate,EL,0001001250-25-000002,2025-01-31,"The Company disclaims any intent or obligation to update these forward-looking statements, other than as may be required under applicable law.",False,,,False,False,Consumer Staples
planted_boilerplate,CASH,0000907471-19-000027,2019-04-30,"When used, words such as anticipate, expect, believe, project, intend, may be and will be and similar words or phrases, or the negative thereof, unless the context requires otherwise, are intended to identify forward-looking statements and may include, without limitation, information regarding our expectations, goals or intentions regarding the future, and the expected effect of our acquisitions.",False,,,False,False,Financials
planted_boilerplate,ANGI,0001705110-26-000023,2026-04-30,Forward-Looking Statements Clinical-Stage Novel Protein Replacement Therapy Platform Nomlabofusp is designed to directly address frataxin deficiency in patients with Friedreich&#x2019;s ataxia (FA) by delivering a recombinant fusion protein to mitochondria.,False,,,False,True,Communication
planted_boilerplate,NOV,0001193125-20-230623,2020-10-31,"Forward-looking statements are predictions, projections and other statements about future events or conditions that are based on current expectations and assumptions and, as a result, are subject to risks and uncertainties.",False,,,False,False,Energy
planted_boilerplate,BYND,0001193125-25-115042,2025-07-31,"In addition, the exhibit furnished herewith contains statements intended as forward-looking statements that are subject to the cautionary statements about forward-looking statements set forth in such exhibit.",False,,,False,True,Consumer Staples
planted_boilerplate,APRE,0001104659-21-003257,2021-02-28,"All forward-looking statements are based on current expectations and assumptions about future events that may or may not be correct or necessarily take place and that are by their nature subject to significant uncertainties and contingencies, many of which are outside the control of Petco.",False,,,False,False,Health Care
planted_boilerplate,ACET,0000950170-24-057429,2024-05-31,Forward Looking Statements This press release may contain statements that constitute forward-looking statements within the meaning of the Private Securities Litigation Reform Act of 1995.,False,,,False,False,Health Care
planted_boilerplate,CCL,0000815097-20-000111,2021-01-31,"Any statements in this press release that are not statements of historical fact are forward-looking statements, including, but not limited to, Mr.",False,,,False,False,Consumer Discretionary
planted_boilerplate,ALGT,0001362468-22-000047,2022-10-31,"All forward-looking statements in this press release are based on information available to us as of the date hereof, and we do not assume any obligation to update the forward-looking statements provided to reflect events that occur or circumstances that exist after the date on which they were made.",False,,,False,True,Industrials
planted_boilerplate,ETR,0000065984-21-000089,2021-03-31,"The forward-looking statements included in this document are made only as of the date of this document, unless otherwise specified, and, except as required by law, Adient assumes no obligation, and disclaims any obligation, to update such statements to reflect events or circumstances occurring after the date of this document.",False,,,False,False,Utilities
planted_boilerplate,MTCH,0000891103-22-000092,2022-12-31,"The information in this release is provided only as of the date of this release, and Aldeyra undertakes no obligation to update any forward-looking statements contained in this release on account of new information, future events, or otherwise, except as required by law.",False,,,False,False,Communication
planted_boilerplate,BSET,0001437749-19-000985,2019-03-31,Such statements are subject to certain risks and uncertainties and readers are cautioned not to place undue reliance on these forward-looking statements.,False,,,False,False,Consumer Discretionary
planted_boilerplate,AMN,0000950142-24-001871,2024-09-30,Potential investors and others should consider these factors in evaluating the forward-looking statements and should not place undue reliance on such statements.,False,,,False,False,Health Care
planted_boilerplate,BMRC,0001403475-24-000006,2024-03-31,"Any statements that refer to or implicate future events, including with respect to the terms of a potential offer for shares of Clear Media Limited and the timing and completion of a potential offer, are forward-looking statements.",False,,,False,False,Financials
planted_boilerplate,WLFC,0001018164-25-000143,2025-12-31,"These forward-looking statements include, but are not limited to, statements about our deleveraging strategy.",False,,,False,False,Industrials
planted_boilerplate,HPP,0001482512-20-000118,2021-01-31,Forward Looking Statements This press release may contain statements that constitute forward-looking statements within the meaning of the Private Securities Litigation Reform Act of 1995.,False,,,False,False,Real Estate
planted_boilerplate,BW,0001104659-24-033489,2024-03-31,All forward-looking statements are expressly qualified in their entirety by this cautionary statement.,False,,,False,False,Industrials
planted_boilerplate,IOVA,0001144204-19-010531,2019-03-31,"Forward-Looking Statements This Current Report on Form 8-K includes forward-looking statements that are not historical facts, including statements about the beliefs, expectations, estimates, future plans and strategies of PG E Corporation and the Utility.",True,"We are well financed to complete the registration-enabling study, Cohort 4, and file the Biologics License Application (BLA) in 2020 for lifileucel.",FDA approval for lifileucel,False,True,Health Care
planted_boilerplate,EOG,0000821189-20-000045,2020-10-31,Forward-looking statements involve numerous risks and uncertainties and you should not rely on them as predictions of future events.,False,,,False,False,Energy
planted_boilerplate,PCG,0000950157-19-000456,2019-04-30,"Words such as expect, will, intend, redeem, and variations of such words and similar expressions are intended to identify forward-looking statements.",False,,,False,True,Utilities
planted_boilerplate,ADNT,0001193125-19-030139,2019-04-30,"By their nature, forward-looking statements involve risks and uncertainties because they relate to events and depend on circumstances that may or may not occur in the future.",False,,,False,False,Consumer Discretionary
planted_boilerplate,BTU,0001193125-20-288517,2021-01-31,"1 Press release dated May 16, 2022 104 Cover Page Interactive Data File (cover page XBRL tags are embedded within the Inline XBRL document) Forward-Looking Statements.",False,,,False,True,Energy
planted_boilerplate,ALLO,0001737287-24-000075,2025-01-31,"These forward-looking statements are only predictions, not historical fact, and involve certain risks and uncertainties, as well as assumptions.",False,,,False,False,Health Care
planted_boilerplate,PCG,0000950157-19-000751,2019-08-31,"All forward-looking statements speak only as of the date they are made and reflect Peabody s good faith beliefs, assumptions and expectations, but they are not guarantees of future performance or events.",False,,,False,False,Utilities
planted_boilerplate,BYND,0001655210-22-000068,2022-06-30,"Arcturus may not actually achieve the plans, carry out the intentions or meet the expectations or projections disclosed in any forward-looking statements such as the foregoing and you should not place undue reliance on such forward-looking statements.",False,,,False,False,Consumer Staples
planted_boilerplate,AAL,0000006201-20-000038,2020-05-31,"Twilio undertakes no obligation to update any forward-looking statements made in this press release or the accompanying conference call to reflect events or circumstances after the date of this press release or to reflect new information or the occurrence of unanticipated events, except as required by law.",False,,,False,True,Industrials
planted_boilerplate,LW,0001679273-24-000064,2024-09-30,Forward-looking statements involve numerous risks and uncertainties and you should not rely on them as predictions of future events.,False,,,False,False,Consumer Staples
planted_boilerplate,FIS,0001136893-21-000210,2021-10-31,"Given these risks and uncertainties, readers are cautioned not to place undue reliance on such forward-looking statements.",False,,,False,True,Financials
planted_boilerplate,ACLS,0001104659-24-114804,2025-01-31,Note Regarding Forward-Looking Statements Certain statements included or incorporated by reference in this Current Report on Form 8-K constitute forward-looking statements within the meaning of the federal securities laws.,False,,,False,False,Information Technology
planted_boilerplate,WEC,0000107815-21-000153,2021-07-31,"Cautionary Statement Regarding Forward-Looking Statements The Company, from time to time, may discuss forward-looking information.",False,,,False,True,Utilities
planted_boilerplate,RCL,0001104659-20-132057,2021-02-28,These documents contain and identify important factors that could cause actual results to differ materially from those contained in our projections or forward-looking statements.,False,,,False,True,Consumer Discretionary
planted_boilerplate,CCOI,0001104659-21-077096,2021-06-30,"The Company undertakes no obligation to revise the forward-looking statements or to update them to reflect events or circumstances occurring after the date of this presentation, whether as a result of new information, future developments or otherwise, except as required by the federal securities laws.",False,,,False,False,Communication
planted_boilerplate,DVN,0001193125-21-011469,2021-01-31,Forward-Looking Statements This Current Report on Form 8-K contains forward-looking statements within the meaning of the securities laws .,False,,,False,False,Energy
planted_boilerplate,INCY,0001104659-21-120276,2021-10-31,"Forward-Looking Statements This press release and the accompanying conference call contain forward-looking statements within the meaning of the federal securities laws, which statements involve substantial risks and uncertainties.",False,,,False,False,Health Care
planted_boilerplate,AMC,0001104659-21-029374,2021-03-31,"In addition, the exhibit furnished herewith contains statements intended as forward-looking statements that are subject to the cautionary statements about forward-looking statements set forth in such exhibit.",False,,,False,True,Communication
planted_boilerplate,PCG,0000950157-19-000372,2019-04-30,"Words such as ""believes,"" ""anticipates,"" ""plans,"" ""expects,"" ""will,"" ""intends,"" ""potential,"" ""possible"" and similar expressions are intended to identify forward-looking statements.",False,,,False,False,Utilities
planted_boilerplate,ARCT,0001193805-22-001014,2022-06-30,"These statements involve known and unknown risks, uncertainties and other factors which may cause BioCryst s actual results, performance or achievements to be materially different from any future results, performances or achievements expressed or implied by the forward-looking statements.",False,,,False,False,Health Care
planted_boilerplate,AI,0001628280-24-029881,2024-06-30,The forward-looking statements included in this Current Report on Form 8-K involve risks and uncertainties that could cause actual results to differ materially from projected results.,False,,,False,False,Information Technology
planted_boilerplate,ADPT,0001193125-24-084748,2024-04-30,"This Current Report contains forward-looking statements related to the financial results of the Company within the meaning of Section 27A of the Securities Act of 1933, as amended (the Securities Act ), and Section 21E of the Exchange Act, that involve substantial risks and uncertainties.",False,,,False,False,Health Care
planted_boilerplate,BTAI,0001104659-23-107819,2023-10-31,"Risks that contribute to the uncertain nature of the forward-looking statements include the risks and uncertainties set forth in Amylyx United States Securities and Exchange Commission (SEC) filings, including Amylyx Annual Report on Form 10-K for the year ended December 31, 2023, and subsequent filings with the SEC.",False,,,False,True,Health Care
planted_boilerplate,PCG,0001193125-19-055751,2019-03-31,"Edison International and SCE have no obligation to publicly update or revise any forward-looking statements, whether due to new information, future events, or otherwise.",False,,,False,True,Utilities
planted_boilerplate,EVRG,0001711269-21-000004,2021-03-31,"Accordingly, actual results could differ materially from those predicted or implied by forward-looking statements.",False,,,False,False,Utilities
planted_boilerplate,BHR,0001104659-24-050085,2024-04-30,The forward-looking statements included in this Current Report on Form 8-K involve risks and uncertainties that could cause actual results to differ materially from projected results.,False,,,False,False,Real Estate
planted_boilerplate,BLND,0001855747-26-000011,2026-04-30,"As a result, these statements are not guarantees of future performance and actual events may differ materially from those expressed in or suggested by the forward-looking statements.",True,"ongoing uncertainty or deterioration in economic conditions, such as increased mortgage interest rates, credit availability, real estate prices, tariffs and regulatory changes, inflation or consumer confidence, adversely affect our industry, markets and business",mortgage interest rates and U.S. aggregate industry mortgage origination volumes,False,True,Information Technology
planted_boilerplate,AMG,0001004434-19-000003,2019-03-31,"The matters discussed in these forward-looking statements are subject to various risks, uncertainties and other factors that could cause actual results and trends to differ materially from those made, projected, or implied in or by the forward-looking statements.",False,,,False,False,Financials
planted_boilerplate,ADPT,0001564590-22-031433,2022-10-31,"01 of Current Report on Form 8-K contains forward-looking statements that are made pursuant to the safe harbor provisions of the federal securities laws, including statements regarding the status of potential corporate transactions.",False,,,False,True,Health Care
planted_boilerplate,KHC,0001193125-19-083650,2019-03-31,"Except for the historical information contained in this Current Report on Form 8-K, the matters set forth herein include forward-looking statements.",False,,,False,False,Consumer Staples
planted_boilerplate,BTU,0001193125-20-065151,2020-05-31,"Petco cautions that the foregoing list of risks, uncertainties and other factors is not complete, and forward-looking statements speak only as of the date they are made.",False,,,False,False,Energy
planted_boilerplate,VST,0001193125-21-157637,2021-07-31,"This Current Report on Form 8-K may be deemed to contain forward-looking statements, which are subject to the safe harbor provisions of the Private Securities Litigation Reform Act of 1995.",False,,,False,True,Utilities
planted_boilerplate,AAP,0001193125-24-065470,2024-03-31,Any such forward-looking statements should be considered in light of such important factors and in conjunction with factors and other matters discussed in PPL Corporation's Form 10-K and other reports on file with the Securities and Exchange Commission.,False,,,False,True,Consumer Discretionary
planted_boilerplate,ARVN,0001655759-25-000130,2025-07-31,"Twilio undertakes no obligation to update any forward-looking statements made in this press release to reflect events or circumstances after the date of this press release or to reflect new information or the occurrence of unanticipated events, except as required by law.",False,,,False,False,Health Care
planted_boilerplate,ADC,0001104659-21-002965,2021-03-31,"Words such as guidance, expect, anticipate, should, believe, hope, target, project, plan, goals, estimate, potential, predict, may, will, might, could, intend, shall, and variations of these terms or the negative of these terms and similar expressions are intended to identify these forward-looking statements.",False,,,False,False,Real Estate
planted_boilerplate,LYEL,0001193125-24-273688,2025-01-31,"Forward-looking statements are not guarantees of future performance, and involve risks, uncertainties and assumptions that may cause our actual results to differ materially from the expectations that we describe in our forward-looking statements.",False,,,False,False,Health Care
planted_boilerplate,ABEO,0001144204-19-007291,2019-04-30,The forward-looking statements in this presentation represent Larimar&#x2019;s management&#x2019;s views only as of the date hereof.,False,,,False,True,Health Care
planted_boilerplate,BHR,0001574085-24-000020,2024-04-30,"Any statements that are not statements of historical fact (including statements containing the words believes, plans, goal, anticipates, projects, forecasts, expects, intends, continues, will, may, or estimates or similar expressions) should also be considered to be forward-looking statements.",False,,,False,False,Real Estate
planted_boilerplate,ABEO,0001144204-18-063355,2018-12-31,", All Rights Reserved Cautionary Language Concerning Forward-Looking Statements This press release includes forward-looking statements.",False,,,False,False,Health Care
planted_boilerplate,BHF,0001685040-18-000015,2018-09-30,"Forward-Looking Statements Certain statements contained in this release, as well as statements using words such as expects, believes or intends are forward-looking statements that involve a number of risks and uncertainties.",False,,,False,False,Financials
planted_boilerplate,APLD,0001144879-24-000095,2024-05-31,Forward Looking Statements Certain statements included in this report that are not historical facts are forward-looking statements for purposes of the safe harbor provisions under the Private Securities Litigation Reform Act of 1995.,False,,,False,True,Information Technology
planted_boilerplate,APLD,0001493152-24-038431,2024-09-30,These forward-looking statements should not be relied upon as representing our views as of any date subsequent to the date of this press release.,False,,,False,False,Information Technology
planted_boilerplate,BGSF,0001474903-21-000024,2021-02-28,"Forward-Looking Statements This Current Report on Form 8-K contains forward-looking statements, including statements regarding future results, performance or achievements.",False,,,False,True,Industrials
planted_boilerplate,ATRA,0001193125-19-165471,2019-08-31,"Given these risks and uncertainties, we caution you not to place undue reliance on forward-looking statements.",False,,,False,True,Health Care
planted_boilerplate,CSTM,0001140361-25-001112,2025-01-31,All forward-looking statements are expressly qualified in their entirety by this cautionary statement.,False,,,False,True,Materials
planted_boilerplate,DJT,0001140361-25-021584,2025-07-31,Such guidance constitutes forward-looking statements for the purposes of the Safe Harbor provision under the Private Securities Litigation Reform Act of 1995.,False,,,False,False,Communication
planted_boilerplate,AMBA,0001193125-18-239747,2018-09-30,"In this document, statements regarding Adient s future financial position, sales, costs, earnings, cash flows, other measures of results of operations, capital expenditures or debt levels and plans, objectives, outlook, targets, guidance or goals are forward-looking statements.",False,,,False,False,Information Technology
planted_boilerplate,ADNT,0001193125-19-043453,2019-04-30,"This Current Report contains forward-looking statements related to the financial results of the Company within the meaning of Section 27A of the Securities Act of 1933, as amended (the Securities Act ), and Section 21E of the Exchange Act, that involve substantial risks and uncertainties.",False,,,False,False,Consumer Discretionary
planted_boilerplate,EVH,0001628908-24-000117,2025-01-31,"Although we believe that our plans, intentions, and expectations reflected in or suggested by these forward-looking statements are reasonable, we cannot assure you that we will achieve or realize these plans, intentions, or expectations.",False,,,False,True,Health Care
planted_boilerplate,AMKR,0001047127-25-000092,2025-07-31,"Forward-looking statements include, without limitation, any statement that predicts, forecasts, indicates or implies future results, performance, liquidity levels or achievements, and may contain the words believe, anticipate, expect, estimate, intend, project, plan, will be, will likely continue, will likely result or words or phrases of similar meaning.",False,,,False,True,Information Technology
planted_boilerplate,BW,0001630805-19-000017,2019-03-31,These forward-looking statements are based on management s current expectations and are subject to uncertainties and changes in circumstances.,False,,,False,True,Industrials
planted_boilerplate,HR,0001360604-21-000011,2021-03-31,"If any of these risks or uncertainties materialize, or if any of our assumptions prove incorrect, our actual results could differ materially from the results expressed or implied by these forward-looking statements.",False,,,False,True,Real Estate
planted_boilerplate,WEN,0001193125-25-321131,2025-12-31,"We have attempted to identify forward looking statements by such terminology as may, will, believe, estimate, expect, and similar expressions (as well as other words or expressions referencing future events, conditions or circumstances), which constitute and are intended to identify forward-looking statements.",False,,,False,True,Consumer Discretionary
planted_boilerplate,AHT,0001232582-22-000046,2022-06-30,"Forward-looking statements can also generally be identified by the use of words such as believe, expect, intend, estimate, anticipate, will, may, could and similar expressions.",False,,,False,False,Real Estate
planted_boilerplate,ALXO,0001193125-23-229584,2023-10-31,Aldeyra intends such forward-looking statements to be covered by the safe harbor provisions for forward-looking statements contained in Section 21E of the Securities Exchange Act of 1934 and the Private Securities Litigation Reform Act of 1995.,False,,,False,True,Health Care
planted_boilerplate,EBS,0001367644-21-000099,2021-06-30,Forward-looking statements are based on beliefs and assumptions using information available at the time the statements are made.,False,,,False,True,Health Care
planted_boilerplate,ADNT,0001670541-19-000011,2019-04-30,"Forward Looking Statements This press release contains forward-looking statements within the meaning of the federal securities laws, which statements involve substantial risks and uncertainties.",False,,,False,False,Consumer Discretionary
planted_boilerplate,CALM,0001562762-21-000217,2021-07-31,"Forward-looking statements, which are based on certain assumptions and describe our future plans, strategies and expectations are generally identifiable by use of the words may, will, should, expect, anticipate, estimate, believe, intend or project, or the negative thereof, or other variations thereon or comparable terminology.",False,,,False,False,Consumer Staples
planted_boilerplate,CCOI,0001104659-21-058995,2021-06-30,"These forward-looking statements include, but are not limited to, statements about our deleveraging strategy.",False,,,False,True,Communication
planted_boilerplate,CAR,0000950142-24-000731,2024-04-30,"These forward-looking statements are made as of the date they were first issued and were based on current expectations, estimates, forecasts, and projections as well as the beliefs and assumptions of management.",False,,,False,False,Industrials
planted_boilerplate,CNC,0001140361-20-001310,2020-02-29,"Except for the historical information contained in this report, the statements made by the Company are forward-looking statements that involve risks and uncertainties.",False,,,False,True,Health Care
planted_boilerplate,PNW,0000764622-21-000053,2021-10-31,"In addition, forward-looking statements generally can be identified by the use of forward-looking terminology such as may, will, should, could, would, expects, plans, intends, anticipates, believes, estimates, predicts, projects, potential, or continue or the negative of such terms and other similar terminology.",False,,,False,False,Utilities
planted_boilerplate,APLD,0001144879-24-000175,2024-06-30,"Forward-looking statements contained in this press release include, but are not limited to, statements regarding the anticipated benefits of the transaction.",False,,,False,False,Information Technology
planted_boilerplate,BRBR,0001628280-26-010629,2026-04-30,See the risk factors contained in the press release for a discussion of certain risks and uncertainties that may impact such forward-looking statements.,False,,,False,False,Consumer Staples
planted_boilerplate,IOVA,0001104659-21-069172,2021-06-30,"Words such as anticipate, believe, could, driving, estimate, expect, goal, intend, look into, may, plan, project, seek, should, will, would, considering , and similar expressions are intended to help identify forward-looking statements.",False,,,False,False,Health Care
planted_boilerplate,CVGI,0001628280-24-052389,2025-01-31,Forward-Looking Statements: This Current Report contains certain forward-looking statements within the meaning of the U.,False,,,False,True,Industrials
planted_boilerplate,RCL,0001104659-20-032003,2020-05-31,The Company cautions investors not to place considerable reliance on the forward-looking statements contained in this Item 7.,False,,,False,False,Consumer Discretionary
planted_boilerplate,MOH,0001437749-26-005871,2026-04-30,"Cautionary Statement Concerning Forward-Looking Statements Certain statements in this Current Report on Form 8-K relating to, among other things, our future performance estimates, forecasts and projections constitute forward-looking statements under the Private Securities Litigation Reform Act of 1995.",False,,,False,False,Health Care
planted_boilerplate,IRWD,0001104659-25-007212,2025-01-31,"In this document, statements regarding Adient s future financial position, sales, costs, earnings, cash flows, other measures of results of operations, capital expenditures or debt levels and plans, objectives, outlook, targets, guidance or goals are forward-looking statements.",False,,,False,False,Health Care
planted_boilerplate,AROC,0001389050-20-000064,2020-05-31,"Forward-looking statements in this press release are based on estimates and assumptions made by our management that, although believed by us to be reasonable, are inherently uncertain.",False,,,False,False,Energy
planted_boilerplate,WHR,0001193125-26-084113,2026-04-30,"The Company undertakes no obligation to revise these forward-looking statements or update them to reflect events or circumstances occurring after the date of this presentation, whether as a result of new information, future developments or otherwise, except as required by the federal securities laws.",False,,,False,False,Consumer Discretionary
planted_boilerplate,EBS,0001367644-21-000110,2021-07-31,"Forward-looking statements are based on the Company s current expectations and what the Company believes to be reasonable assumptions based on information currently available to it, and are subject to risks and uncertainties.",False,,,False,False,Health Care
planted_boilerplate,PRGO,0001193125-19-045474,2019-03-31,The forward-looking statements included in this Current Report on Form 8-K involve risks and uncertainties that could cause actual results to differ materially from projected results.,False,,,False,False,Health Care
planted_boilerplate,CCSI,0001866633-24-000011,2024-06-30,"By their nature, forward-looking statements involve risks and uncertainties that could cause actual results to differ materially from the Company s forward-looking statements.",False,,,False,False,Information Technology
planted_boilerplate,MTDR,0001520006-19-000096,2019-08-31,"All forward-looking statements are based on current expectations and assumptions about future events that may or may not be correct or necessarily take place and that are by their nature subject to significant uncertainties and contingencies, many of which are outside the control of Petco.",False,,,False,True,Energy
planted_boilerplate,NSIT,0000932696-25-000032,2025-12-31,"The forward-looking statements included in this document are made only as of the date of this document, unless otherwise specified, and, except as required by law, Adient assumes no obligation, and disclaims any obligation, to update such statements to reflect events or circumstances occurring after the date of this document.",False,,,False,False,Information Technology
planted_boilerplate,MTCH,0000891103-22-000079,2022-10-31,"Such forward-looking statements involve known and unknown risks, uncertainties and other factors which may cause actual results to be materially different from any future results expressed or implied by such forward-looking statements.",False,,,False,False,Communication
planted_boilerplate,GH,0001193125-22-142536,2022-06-30,"This Current Report on Form 8-K and certain of the materials furnished or filed herewith contain forward-looking statements within the meaning of the Private Securities Litigation Reform Act of 1995, as amended.",False,,,False,False,Health Care
planted_boilerplate,CABO,0000950157-24-000894,2024-06-30,"It is not possible for management to predict all of these risks, nor can it assess the extent to which any factor, or a combination of factors, may cause our business, strategy, or actual results to differ materially from those contained in forward-looking statements.",False,,,False,False,Communication
planted_boilerplate,BHE,0001144204-18-039376,2018-09-30,These forward-looking statements are subject to various risks and uncertainties that may be outside the control of Edison International and SCE.,False,,,False,True,Information Technology
planted_boilerplate,ATKR,0001666138-24-000067,2024-09-30,"Forward-looking statements contained in this press release include, but are not limited to, statements regarding the anticipated benefits of the transaction.",False,,,False,True,Industrials
planted_boilerplate,KMI,0001506307-21-000024,2021-02-28,"Cautionary Statement Regarding Forward-Looking Statements: Adient has made statements in this document that are forward-looking and, therefore, are subject to risks and uncertainties.",False,,,False,True,Energy
planted_boilerplate,BKD,0001332349-23-000044,2023-04-30,"Such forward-looking statements involve known and unknown risks, uncertainties and other factors which may cause actual results to be materially different from any future results expressed or implied by such forward-looking statements.",False,,,False,False,Health Care
planted_boilerplate,BW,0001630805-19-000011,2019-03-31,Forward Looking Statements Certain statements included in this report that are not historical facts are forward-looking statements for purposes of the safe harbor provisions under the Private Securities Litigation Reform Act of 1995.,True,requiring our independent registered public accounting firm certify our consolidated financial statements without a going concern qualification,independent registered public accounting firm certifying consolidated financial statements without a going concern qualification,False,True,Industrials
planted_boilerplate,ARVN,0001193125-20-316409,2021-02-28,"Cautionary Statement Regarding Forward-Looking Statements The Company, from time to time, may discuss forward-looking information.",False,,,False,True,Health Care
planted_boilerplate,BTBT,0001213900-25-121063,2025-12-31,"2 Disclaimers and Forward-Looking Statements FORWARD-LOOKING STATEMENTS AND OTHER INFORMATION Statements in this presentation that are not historical factual statements are forward-looking statements within the meaning of Section 27A of the Securities Act of 1933, as amended, and Section 21E of the Securities Exchange Act of 1934, as amended.",False,,,False,False,Information Technology
planted_boilerplate,AMC,0001104659-21-039221,2021-03-31,"In this document, statements regarding Adient s future financial position, sales, costs, earnings, cash flows, other measures of results of operations, capital expenditures or debt levels and plans, objectives, outlook, targets, guidance or goals are forward-looking statements.",False,,,False,False,Communication
planted_boilerplate,WOR,0000950170-24-110367,2024-09-30,The forward-looking statements included in this press release represent our views as of the date of this press release.,False,,,False,True,Industrials
planted_boilerplate,AIV,0001193125-20-326727,2021-02-28,"It is not possible for our management to predict all risks, nor can we assess the impact of all factors on our business or the extent to which any factor, or combination of factors, may cause actual results to differ materially from those contained in any forward-looking statements we may make.",False,,,False,True,Real Estate
planted_boilerplate,CBL,0000910612-19-000003,2019-03-31,"Larimar undertakes no obligation to update any forward-looking statements for any reason, except as required by law.",False,,,False,False,Real Estate
planted_boilerplate,AGIO,0001193125-22-154024,2022-06-30,"All statements in this document other than statements of historical fact are statements that are, or could be, deemed forward-looking statements within the meaning of the Private Securities Litigation Reform Act of 1995.",False,,,False,False,Health Care
planted_boilerplate,AROC,0001104659-20-135742,2021-01-31,"By their nature, forward-looking statements are subject to risks and uncertainties that could cause actual results to differ materially from those suggested by the forward-looking statements.",False,,,False,True,Energy
planted_boilerplate,CE,0001104659-24-128023,2025-01-31,"Except for the historical information contained in this release, all forward-looking statements are estimates by the Company s management and are subject to various risks and uncertainties that may cause results to differ from management s current expectations.",False,,,False,False,Materials
planted_boilerplate,EBS,0001367644-22-000152,2022-12-31,"Edison International and Southern California Edison Company (""SCE"") based these forward-looking statements on their current expectations and projections about future events in light of their knowledge of facts as of the date of this current report and their assumptions about future circumstances.",False,,,False,False,Health Care
planted_boilerplate,BMBL,0000950170-24-021093,2024-04-30,"The matters discussed in these forward-looking statements are subject to various risks, uncertainties and other factors that could cause actual results and trends to differ materially from those made, projected, or implied in or by the forward-looking statements.",False,,,False,True,Communication
