arm,ticker,accession,formation,span,flagged,quote,condition,localised,keyword_flagged
planted_condition,BTU,0001193125-20-326738,2021-02-28,"In the event that AGEN2034 is not approved by the FDA by the end of 2021 and all Tokens are converted into Agenus stock, a total of 1.85 Million shares would be issued",False,,,False,True
planted_condition,EBS,0001367644-22-000135,2022-10-31,"Nonetheless, we incurred significant negative operating cash flow in 2020, we continue to do so, and we expect to continue to do so until there is a significant recovery in demand for air travel.",False,,,False,True
planted_condition,RCL,0001104659-21-026708,2021-02-28,to support the transition of Avance Nerve Graft from a 361 HCT/P tissue product to a biologic product,False,,,False,True
planted_condition,ARR,0001428205-20-000314,2021-01-31,"Any such claim by Mr. Soto, if allowed, would be treated under the terms of a confirmed and effective Chapter 11 plan of reorganization.",False,,,False,False
planted_condition,AGEN,0001193125-18-297322,2018-12-31,as we ride the powerful momentum of a resurgent domestic box office for the remainder of 2025 and into what we believe will be an even more robust 2026,False,,,False,False
planted_condition,NEO,0001077183-22-000176,2022-12-31,As I write this we are unsure about delivery dates given Boeing s problems. Long term the MAX should be extremely accretive.,False,,,False,True
planted_condition,SPG,0001104659-20-042357,2020-05-31,"In particular, the consequences of the COVID-19 outbreak to economic conditions and the travel industry in general and the financial position and operating results of the Company in particular have been material, are changing rapidly, and cannot be predicted.",False,,,False,True
planted_condition,XEL,0000072903-21-000079,2021-10-31,"Subject to NCLC consummating a debt or equity financing resulting in at least $1.0 billion of aggregate gross proceeds prior to June 30, 2020, the incremental liquidity will increase by approximately $75 million in connection with the amendment to the Norwegian Jewel facility, and the maturity of the Norwegian Epic facility will be further extended to March 2022.",False,,,False,True
planted_condition,SPG,0001104659-20-135064,2021-01-31,ALX Oncology also has access up to an additional $50 million with $12.5 million available in each of two tranches based upon the achievement of milestones related to the development of evorpacept and one pre-clinical product candidate,False,,,False,True
planted_condition,AGIO,0001193125-22-120194,2022-06-30,"DENALI Part 2, if successful, has the potential to support an accelerated approval, subject to FDA review.",False,,,False,True
planted_condition,FIS,0001136893-21-000203,2021-10-31,Widespread vaccinations among our customers and our employees will be essential to Delta's sustained recovery and the start of our rebound.,False,,,False,True
planted_condition,CLVT,0001764046-22-000166,2022-12-31,"While market conditions in the Permian completions market are expected to remain challenging, Atlas is well positioned to enhance our market position and generate meaningful Adjusted Free Cash Flow in 2026.",False,,,False,True
planted_condition,OGS,0001587732-21-000059,2021-07-31,whether the Utility will satisfy the eligibility conditions to participate in the Wildfire Fund,False,,,False,False
planted_condition,LRMR,0000950170-25-063125,2025-07-31,its ability to receive regulatory approval for its product candidates and the possibility that the FDA does not conclude that its product candidates satisfy the regulatory requirements for approval,False,,,False,False
planted_condition,AR,0001104659-19-004086,2019-03-31,"In particular, the consequences of the COVID-19 outbreak to economic conditions and the travel industry in general and the financial position and operating results of the Company in particular have been material, are changing rapidly, and cannot be predicted.",False,,,False,False
planted_condition,OKE,0001039684-20-000082,2021-02-28,"With the ATM Program completed, we are now one step closer to finalizing our PMT and receiving our first funding disbursements from the CHIPS office and our other lenders.",False,,,False,True
planted_condition,LUMN,0001193125-22-304791,2022-12-31,"The transactions are accretive to net interest income, adding more than $2 million annually in the current higher for longer rate environment",False,,,False,True
planted_condition,BCRX,0001171843-19-004220,2019-08-31,A hearing and a CPUC decision on the settlement is expected in the first quarter of 2022.,False,,,False,True
planted_condition,CLX,0001206774-21-001046,2021-06-30,add an Event of Default for the failure to complete one or more Takeout Transactions for 95% of the Eligible Solar Loans within sixty (60) days of the Amendment No. 7 Effective Date,False,,,False,False
planted_condition,PYPL,0001193125-22-156247,2022-06-30,to support the transition of Avance Nerve Graft from a 361 HCT/P tissue product to a biologic product,False,,,False,True
planted_condition,CCO,0001193125-20-091896,2020-05-31,"AMC s ability to obtain additional liquidity, which if not realized or insufficient to generate the material amounts of additional liquidity that will be required unless it is able to achieve more normalized levels of operating revenues, likely would result with AMC seeking an in-court or out-of-court restructuring of its liabilities",False,,,False,True
planted_condition,IBRX,0001193125-25-164789,2025-07-31,"we are engaged in discussions with pharmaceutical companies that could lead to significant cash infusions, strengthening our financial position",True,"we are engaged in discussions with pharmaceutical companies that could lead to significant cash infusions, strengthening our financial position",discussions with pharmaceutical companies that could lead to significant cash infusions,True,True
planted_condition,SAGE,0001193125-25-012790,2025-01-31,the ability of II-VI and Finisar Corporation ( Finisar ) to complete the proposed transaction on the anticipated terms and timing or at all,False,,,False,False
planted_condition,AMRX,0001723128-23-000006,2023-04-30,In negotiations with multiple regulatory authorities regarding ARCT-021 Phase 3 study program,False,,,False,True
planted_condition,MRCY,0001049521-21-000025,2021-06-30,"The extent to which the COVID-19 pandemic adversely affects our business, results of operations, and financial condition will depend on future developments, which are highly uncertain and cannot be predicted, including the scope and duration of the pandemic and actions taken by governmental authorities and other third parties in response to the pandemic.",False,,,False,True
planted_condition,APPS,0001628280-24-038529,2024-09-30,"provides that the Company will grant a lien over substantially all of its assets, subject to customary exceptions, upon the occurrence of the Company receiving a public debt rating from any two of S P, Fitch or Moody s that is below BB+ (in the case of S P and Fitch) or below Ba1 (in the case of Moody s), as applicable",False,,,False,False
planted_condition,IOVA,0001104659-21-080846,2021-07-31,The store closures will remain in place until state and local governments allow us to re-open.,False,,,False,False
planted_condition,ASPS,0001462418-20-000008,2020-05-31,The Company may regain compliance at any time during the six-month cure period if on the last trading day of any calendar month during the six-month cure period the Common Stock has a closing share price of at least $1.00 and an average closing share price of at least $1.00 over the 30 trading-day period ending on the last trading day of that month.,False,,,False,False
planted_condition,WEC,0000107815-21-000087,2021-03-31,"in the event the full intended additional megawatt energization for the Facility is not conditionally approved by the applicable regulatory authority within 120 days of the Closing, the Purchase Price is subject to a reduction of up to $34,000,000",True,"in the event the full intended additional megawatt energization for the Facility is not conditionally approved by the applicable regulatory authority within 120 days of the Closing, the Purchase Price is subject to a reduction of up to $34,000,000",regulatory authority approval of additional megawatt energization for the Facility,True,True
planted_condition,NFE,0001749723-24-000125,2025-01-31,"actions it has taken in response to the weakened commodity price environment, broader uncertainties related to COVID-19 and the resulting high market volatility",False,,,False,True
planted_condition,ADNT,0001670541-19-000014,2019-04-30,as we ride the powerful momentum of a resurgent domestic box office for the remainder of 2025 and into what we believe will be an even more robust 2026,False,,,False,True
planted_condition,ADMA,0001193805-21-000065,2021-01-31,"The offering is expected to close on September 19, 2024, subject to market and other conditions, including the Company amending its existing ABL credit agreement to among other things increase the commitments by $50 million to $325 million.",False,,,False,True
planted_condition,BMRC,0001403475-19-000029,2019-08-31,These notices are part of American s response to the impacts of the COVID-19 pandemic on its business.,False,,,False,False
planted_condition,ABEO,0001104659-19-074462,2020-02-29,The Reverse Stock Split is intended to increase the price of the Company s common stock above $1.00 per share in compliance with the minimum bid price requirement for continued listing on the New York Stock Exchange,False,,,False,True
planted_condition,AGL,0001628280-24-007195,2024-04-30,"the earliest of (a) November 1, 2024, (b) the occurrence of both (x) the execution of a hyperscale lease agreement with respect to the Company s Ellendale facility under construction, and (y) the close and initial funding of the initial project financing to fund the construction and operation of that facility",True,Medicare Advantage program is designed to adjust to changes in utilization over time.,adjustment of Medicare Advantage program to changes in utilization over time,False,True
planted_condition,WLFC,0001018164-25-000156,2025-12-31,a number of additional actions the Company is taking to offset the anticipated impacts of the COVID-19 pandemic on the Company s revenue and cash flows,False,,,False,False
planted_condition,ACDC,0001104659-25-123836,2025-12-31,"The extent to which the COVID-19 pandemic adversely affects our business, results of operations, and financial condition will depend on future developments, which are highly uncertain and cannot be predicted, including the scope and duration of the pandemic and actions taken by governmental authorities and other third parties in response to the pandemic.",False,,,False,False
planted_condition,AHT,0001232582-19-000046,2019-08-31,As I write this we are unsure about delivery dates given Boeing s problems. Long term the MAX should be extremely accretive.,False,,,False,False
planted_condition,OXY,0001140361-20-019096,2020-10-31,"Due to significant actions taken by the Company, we believe our current cash balance is sufficient to withstand a global suspension of operations until a partial reopening in July. After giving effect to the proposed Notes Offering, we believe the Company will have sufficient liquidity to withstand a global suspension of operations until a partial reopening ahead of Thanksgiving.",True,"Due to significant actions taken by the Company, we believe our current cash balance is sufficient to withstand a global suspension of operations until a partial reopening in July. After giving effect to the proposed Notes Offering, we believe the Company will have sufficient liquidity to withstand a global suspension of operations until a partial reopening ahead of Thanksgiving.",partial reopening of operations,True,False
planted_condition,RUN,0001193125-21-237695,2021-10-31,In response to the anticipated continued impact to Altisource Portfolio Solutions S.A. s ( Altisource or the Company ) revenue and cash flow from government and servicers measures to assist borrowers in response to the COVID-19 pandemic,False,,,False,True
planted_condition,PSX,0001534701-20-000160,2021-01-31,continuing waivers of financial covenants related to our bank credit facilities and private placement notes,False,,,False,False
planted_condition,LW,0001104659-21-127749,2021-10-31,"actions it has taken in response to the weakened commodity price environment, broader uncertainties related to COVID-19 and the resulting high market volatility",False,,,False,True
planted_condition,HE,0000354707-21-000014,2021-03-31,Reversals of $920 thousand to the allowance for credit losses on loans and $612 thousand to the allowance for credit losses on unfunded loan commitments in the second quarter of 2021 were driven primarily by an improvement in economic forecasts.,False,,,False,False
planted_condition,MOH,0001437749-25-035866,2025-12-31,"This decision was based on cost-reduction initiatives intended to reduce operating expenses, sharpen the Company s focus on a set of key growth priorities, and target cash flow positive operations within the second half of 2023.",False,,,False,True
planted_condition,MVIS,0001493152-26-010200,2026-04-30,"Within the Next Eight Weeks, Amylyx Will Continue to Engage With Regulatory Authorities and the ALS Community to Share Topline Data; Amylyx Will Share Plans for RELYVRIO/ALBRIOZA in ALS Which May Include Voluntarily Withdrawing RELYVRIO/ALBRIOZA From the Market",False,,,False,False
planted_condition,M,0000794367-20-000074,2020-05-31,the effectiveness of our ongoing discussions with the U.S. Attorney s Office of the S.D. Ohio to resolve its investigation with respect to us,False,,,False,False
planted_condition,CNC,0001071739-20-000014,2020-02-29,"AMC s ability to obtain additional liquidity, which if not realized or insufficient to generate the material amounts of additional liquidity that will be required unless it is able to achieve more normalized levels of operating revenues, likely would result with AMC seeking an in-court or out-of-court restructuring of its liabilities",False,,,False,True
planted_condition,ARCT,0001193805-25-000946,2025-07-31,"Due to the continuing uncertainty regarding the timing of the return of these aircraft to service, on March 24, 2019 we announced flight cancellations through April 24, 2019 assuming that our 737 MAX 8 aircraft will not be available through that date.",False,,,False,True
planted_condition,DJT,0001140361-25-020095,2025-07-31,"In light of the Joint Release, the Company expects that it will have access to substantially all of its corporate deposits and cash held in trust on behalf of its customers at SVB.",True,"In light of the Joint Release, the Company expects that it will have access to substantially all of its corporate deposits and cash held in trust on behalf of its customers at SVB.",access to corporate deposits and cash held in trust at SVB following Joint Release,True,True
planted_condition,ADNT,0001670541-24-000135,2025-01-31,"COVID-19 has had, and is expected to continue to have, a significant impact on our financial condition and operations, which impacts our ability to obtain acceptable financing to fund resulting reductions in cash from operations.",False,,,False,True
planted_condition,LVS,0001300514-21-000144,2021-10-31,"Completion of the transactions contemplated by the Merger Agreement is subject to customary closing conditions, including the receipt of regulatory approvals.",False,,,False,True
planted_condition,ABEO,0001493152-20-006853,2020-05-31,The Reverse Stock Split is intended to increase the price of the Company s common stock above $1.00 per share in compliance with the minimum bid price requirement for continued listing on the New York Stock Exchange,False,,,False,True
planted_condition,RCL,0001104659-20-141047,2021-01-31,its ability to receive regulatory approval for its product candidates and the possibility that the FDA does not conclude that its product candidates satisfy the regulatory requirements for approval,False,,,False,True
planted_condition,OGS,0001193125-21-180550,2021-06-30,The repayment of these borrowings is expected to occur when the uncertainty in the global markets subsides,False,,,False,True
planted_condition,ADTN,0001193125-23-204377,2023-10-31,"The FDIC will pay uninsured depositors an advance dividend within the next week. Uninsured depositors will receive a receivership certificate for the remaining amount of their uninsured funds. As the FDIC sells the assets of SVB, future dividend payments may be made to uninsured depositors.",False,,,False,True
planted_condition,FE,0001031296-21-000004,2021-03-31,The Company now plans to meet with the FDA regarding registrational trial designs for rese-cel in the first half of 2025 based on the emerging clinical and translational data and increased pace of enrollment.,False,,,False,True
planted_condition,CCK,0001219601-18-000033,2018-09-30,the Company s expense containment efforts being implemented due to ongoing macro-economic headwinds,False,,,False,False
planted_condition,AVD,0001193125-25-115977,2025-07-31,"AMC s ability to obtain additional liquidity, which if not realized or insufficient to generate the material amounts of additional liquidity that will be required unless it is able to achieve more normalized levels of operating revenues, likely would result with AMC seeking an in-court or out-of-court restructuring of its liabilities",True,"AMC s ability to obtain additional liquidity, which if not realized or insufficient to generate the material amounts of additional liquidity that will be required unless it is able to achieve more normalized levels of operating revenues, likely would result with AMC seeking an in-court or out-of-court restructuring of its liabilities",ability to obtain additional liquidity,True,True
planted_condition,CCCC,0001564590-22-023555,2022-06-30,"The funding obligations of the lenders under the New Senior Credit Facilities are subject to certain currently unsatisfied conditions, including the consummation of the Merger. Accordingly, no borrowings are currently outstanding under the New Senior Credit Facilities, and the Company currently is not able to borrow under the New Senior Credit Facilities.",False,,,False,True
planted_condition,VRTX,0000875320-21-000020,2021-06-30,"our ability to satisfy covenants under our debt instruments or other agreements, or our inability to obtain waivers related to any breach of such covenants",False,,,False,True
planted_condition,ASPN,0000950170-25-061852,2025-07-31,The closing of this offering is conditioned upon the closing of a new asset-based credit agreement.,True,The closing of this offering is conditioned upon the closing of a new asset-based credit agreement.,closing of a new asset-based credit agreement,True,False
planted_condition,ZIP,0001617553-26-000004,2026-04-30,the Company issued a press release announcing the receipt of a complete response letter from the FDA regarding the Company s supplemental new drug application for pimavanserin for the treatment of hallucinations and delusions associated with dementia-related psychosis,False,,,False,True
planted_condition,BLMN,0001546417-24-000170,2025-01-31,"We're confident that ZipRecruiter will emerge from this cycle stronger than ever - leading innovation, defining the future of modern recruiting, and growing market share.",False,,,False,True
planted_condition,AMCX,0001514991-23-000035,2023-10-31,we are confident that we are well-positioned to achieve profitability prior to the new 2024 maturity date of the loan,False,,,False,True
planted_condition,AKR,0001564590-21-010639,2021-03-31,"We're confident that ZipRecruiter will emerge from this cycle stronger than ever - leading innovation, defining the future of modern recruiting, and growing market share.",False,,,False,True
planted_condition,AMCX,0001193125-20-246295,2020-10-31,"We look forward to utilizing Crypto.com s blockchain technology and improving regulatory clarity to implement this first-of-its kind token distribution, reward Trump Media shareholders, and promote fair and transparent markets.",False,,,False,True
planted_condition,OPRX,0001213900-24-111528,2025-01-31,The repayment of these borrowings is expected to occur when the uncertainty in the global markets subsides,True,The repayment of these borrowings is expected to occur when the uncertainty in the global markets subsides,uncertainty in the global markets subsides,True,False
planted_condition,TNYA,0000950170-25-009946,2025-01-31,"the timing, amount and certainty of receipt of any contingent consideration under the transaction, which is subject to the future net sales performance of the disposed business",False,,,False,True
planted_condition,ARR,0001428205-20-000348,2021-02-28,"the consequences of the coronavirus outbreak to economic conditions and the travel industry in general and the financial position and operating results of our company in particular have been material, are changing rapidly, and cannot be predicted",False,,,False,False
planted_condition,BHE,0000863436-18-000033,2018-09-30,"Based on these compelling data, we continue to target the BLA filing for Q2 2026 and believe that nomlabofusp could be the first disease modifying therapy for patients with FA",False,,,False,False
planted_condition,AGL,0001628280-25-022679,2025-07-31,The Company continues to expect the recovery in demand to be volatile and difficult to accurately forecast.,True,The Company continues to expect the recovery in demand to be volatile and difficult to accurately forecast.,recovery in demand,True,True
planted_condition,OXY,0001140361-20-029193,2021-01-31,"The Company will provide further updates upon completion of the review, the timing of which is uncertain based upon near-term funding issues faced by the FDA.",False,,,False,True
planted_condition,PRGO,0001585364-25-000153,2025-12-31,"If such Capital is not fully funded 120 days from July 3, 2025, or October 31, 2025, the Agreement will be null and void with no further obligation between the parties except those stated in the Prior and Underlying Agreements.",True,"If such Capital is not fully funded 120 days from July 3, 2025, or October 31, 2025, the Agreement will be null and void with no further obligation between the parties except those stated in the Prior and Underlying Agreements.","full funding of Capital within 120 days from July 3, 2025",True,True
planted_condition,UAL,0001104659-20-110493,2020-10-31,"it is very difficult to predict when theatre attendance levels will normalize, which we expect will depend on the widespread availability and use of effective vaccines for the coronavirus.",True,"it is very difficult to predict when theatre attendance levels will normalize, which we expect will depend on the widespread availability and use of effective vaccines for the coronavirus.",widespread availability and use of effective vaccines for the coronavirus,True,True
planted_condition,CLVT,0001104659-22-118941,2022-12-31,"In 2026, the combined company plans to site and begin construction on the world s first utility-scale fusion power plant (50 MWe), subject to required approvals.",True,"In 2026, the combined company plans to site and begin construction on the world's first utility-scale fusion power plant (50 MWe), subject to required approvals.",required regulatory approvals for fusion power plant construction,True,True
planted_condition,XNCR,0001326732-25-000063,2025-07-31,"The Company will provide further updates upon completion of the review, the timing of which is uncertain based upon near-term funding issues faced by the FDA.",True,"The Company will provide further updates upon completion of the review, the timing of which is uncertain based upon near-term funding issues faced by the FDA.",FDA funding for regulatory review completion,True,True
planted_condition,NTLA,0000950170-22-024693,2022-12-31,we are confident that we are well-positioned to achieve profitability prior to the new 2024 maturity date of the loan,False,,,False,True
planted_condition,AMLX,0001193125-24-062878,2024-05-31,The Company continues to expect the recovery in demand to be volatile and difficult to accurately forecast.,False,,,False,True
planted_condition,ARRY,0001193125-24-158325,2024-06-30,"Completion of the transactions contemplated by the Merger Agreement is subject to customary closing conditions, including the receipt of regulatory approvals.",False,,,False,True
planted_condition,SRPT,0001564590-21-000577,2021-03-31,"the impact of the 2017 and 2018 Northern California wildfires, including whether the Utility will be able to timely recover costs incurred in connection therewith in excess of the Utility's currently authorized revenue requirements",False,,,False,True
planted_condition,NVAX,0001104659-22-106808,2022-12-31,"As a condition to the effectiveness of the Third Amendment, among other things, the Company shall have received at least $40.0 million in gross proceeds from a registered public sale of the Company s common stock, warrants and/or pre-funded warrants.",True,"As a condition to the effectiveness of the Third Amendment, among other things, the Company shall have received at least $40.0 million in gross proceeds from a registered public sale of the Company s common stock, warrants and/or pre-funded warrants.","receipt of at least $40.0 million in gross proceeds from a registered public sale of common stock, warrants and/or pre-funded warrants",True,False
planted_condition,SPG,0001104659-20-140015,2021-02-28,"the timing, amount and certainty of receipt of any contingent consideration under the transaction, which is subject to the future net sales performance of the disposed business",True,"the timing, amount and certainty of receipt of any contingent consideration under the transaction, which is subject to the future net sales performance of the disposed business",future net sales performance of the disposed business,True,False
planted_condition,BBBY,0001104659-18-073205,2018-12-31,"PG E believes that any securitization of costs relating to the 2017 Northern California wildfires would not occur, if at all, until (a) PG E has paid claims relating to the 2017 Northern California wildfires, (b) PG E has filed application for recovery of such costs and (c) the CPUC makes a determination that such costs are just and reasonable or in excess of the Disallowance Threshold.",False,,,False,True
planted_condition,CABA,0000950170-24-110389,2024-09-30,"If the Lexmark Acquisition is not consummated on or prior to December 22, 2025 (subject to extension) or upon the occurrence of certain other events, the Notes will be subject to a special mandatory redemption at a price equal to 98% of the aggregate principal amount of the Notes, plus accrued and unpaid interest",False,,,False,False
planted_condition,ASAN,0001477720-26-000019,2026-04-30,"the consequences of the coronavirus outbreak to economic conditions and the travel industry in general and the financial position and operating results of our company in particular have been material, are changing rapidly, and cannot be predicted",False,,,False,True
planted_condition,BKD,0001332349-21-000004,2021-01-31,"the earliest of (a) November 1, 2024, (b) the occurrence of both (x) the execution of a hyperscale lease agreement with respect to the Company s Ellendale facility under construction, and (y) the close and initial funding of the initial project financing to fund the construction and operation of that facility",False,,,False,True
planted_condition,SLB,0001193125-20-301712,2021-01-31,"There can be no assurances that the Bankruptcy Court will grant final approval of the DIP Facilities at the final hearing, or at all.",False,,,False,False
planted_condition,BHR,0001574085-24-000014,2024-03-31,"Based on this interaction, the Company anticipates potential FDA action on the NDA in the second quarter of 2022.",False,,,False,False
planted_condition,BLNK,0001493152-24-009599,2024-04-30,"The funding obligations of the lenders under the New Senior Credit Facilities are subject to certain currently unsatisfied conditions, including the consummation of the Merger. Accordingly, no borrowings are currently outstanding under the New Senior Credit Facilities, and the Company currently is not able to borrow under the New Senior Credit Facilities.",False,,,False,True
planted_condition,ABEO,0001493152-20-004018,2020-05-31,"Within the Next Eight Weeks, Amylyx Will Continue to Engage With Regulatory Authorities and the ALS Community to Share Topline Data; Amylyx Will Share Plans for RELYVRIO/ALBRIOZA in ALS Which May Include Voluntarily Withdrawing RELYVRIO/ALBRIOZA From the Market",False,,,False,False
planted_condition,PCG,0000950157-19-000727,2019-08-31,"Due to the continuing uncertainty regarding the timing of the return of these aircraft to service, on March 24, 2019 we announced flight cancellations through April 24, 2019 assuming that our 737 MAX 8 aircraft will not be available through that date.",True,"there can be no assurance that the Debtors will successfully develop, consummate or implement the Debtor Plan which will ultimately require Bankruptcy Court, creditor and regulatory approval",regulatory approval,False,True
planted_condition,FIVE,0001193125-24-221442,2024-09-30,"The transactions contemplated by the Term Sheet are subject to certain closing conditions, including that the Company shall secure an agreement to extend the maturity of its obligations under that certain Senior Secured Promissory Note issued to Oramed on September 21, 2023 to December 31, 2025",False,,,False,False
planted_condition,TRGP,0001193125-20-215722,2020-10-31,"The consummation of the Collaboration Agreement is subject to obtaining any necessary consents and approvals, including review by the appropriate regulatory agencies under the Hart-Scott-Rodino Act.",False,,,False,True
planted_condition,RUN,0001469367-21-000221,2021-10-31,"While navigating this pandemic, we are committed to three goals: 1. Ensuring adequate cash to weather the downturn; 2. Reducing our cash burn by removing as much expense as possible; and 3. Restoring confidence in air travel.",False,,,False,False
planted_condition,MKC,0000063754-20-000184,2021-01-31,"While metallurgical coal prices have recently appreciated, steelmaking fundamentals, particularly in traditional markets, are in the early stages of recovery from the COVID-19 pandemic. As a result, customer demand this year has been and continues to be severely impacted.",False,,,False,False
planted_condition,TFIN,0001539638-25-000022,2025-12-31,the Company issued a press release announcing the receipt of a complete response letter from the FDA regarding the Company s supplemental new drug application for pimavanserin for the treatment of hallucinations and delusions associated with dementia-related psychosis,False,,,False,True
planted_condition,NCLH,0001558370-20-011712,2020-10-31,The Company will continue to evaluate the recoverability of the assets on an ongoing basis as additional information regarding Avaya s financial condition and prospects is made available.,False,,,False,True
planted_condition,BHR,0001574085-24-000008,2024-04-30,"the effect of the COVID-19 pandemic and its impact on the Company s future financial and operational results, the length and severity of such outbreak across the globe and the pace of recovery following the COVID-19 pandemic",False,,,False,False
planted_condition,CRNC,0001193125-24-284230,2025-01-31,the Company has identified conditions and events that raise substantial doubt about its ability to continue as a going concern,False,,,False,True
planted_condition,ACET,0000950170-24-035366,2024-04-30,"in light of the COVID-19 pandemic and its potential impact on the Company s business and industry, and the economy in general",False,,,False,True
planted_condition,AMRC,0001488139-24-000006,2024-03-31,"that the FDA, PMDA, EMA or other applicable regulatory agency may not approve berotralstat, within the timeframe expected, or at all, may ultimately determine that there are deficiencies in the development program or execution thereof, may require additional information or studies, may disagree with our analyses regarding the safety and efficacy conclusions",False,,,False,True
planted_condition,BTU,0001193125-21-022513,2021-02-28,"While navigating this pandemic, we are committed to three goals: 1. Ensuring adequate cash to weather the downturn; 2. Reducing our cash burn by removing as much expense as possible; and 3. Restoring confidence in air travel.",False,,,False,True
planted_condition,AAT,0001500217-21-000016,2021-03-31,"The vaccine is not being distributed as quickly as any of us believed, and new restrictions on international travel that require customers to have a negative COVID-19 test have dampened demand.",True,"The vaccine is not being distributed as quickly as any of us believed, and new restrictions on international travel that require customers to have a negative COVID-19 test have dampened demand.",speed of vaccine distribution and easing of travel restrictions,True,False
planted_condition,ARR,0001428205-21-000044,2021-02-28,the short and long-term impact of COVID-19 on the economy and the pace of recovery thereafter,False,,,False,True
planted_condition,LYFT,0001759509-22-000030,2022-06-30,The Corporation believes the ongoing effects of COVID-19 on its operations and global bookings will have a material negative impact on its financial results and liquidity.,True,The Corporation believes the ongoing effects of COVID-19 on its operations and global bookings will have a material negative impact on its financial results and liquidity.,COVID-19 effects on operations and global bookings,True,True
planted_condition,KMX,0001170010-26-000006,2026-04-30,"Now that HB1662 is law, Entergy Arkansas intends to work collaboratively with the Arkansas Public Service Commission ( APSC ) Staff and stakeholders to help achieve a timely implementation of the law in Entergy Arkansas rates.",False,,,False,False
planted_condition,ADV,0001193125-26-065365,2026-04-30,"The extent to which the COVID-19 pandemic adversely affects our business, results of operations, and financial condition will depend on future developments, which are highly uncertain and cannot be predicted, including the scope and duration of the pandemic and actions taken by governmental authorities and other third parties in response to the pandemic.",True,"The extent to which the COVID-19 pandemic adversely affects our business, results of operations, and financial condition will depend on future developments, which are highly uncertain and cannot be predicted, including the scope and duration of the pandemic and actions taken by governmental authorities and other third parties in response to the pandemic.",scope and duration of the COVID-19 pandemic and governmental responses,True,True
planted_condition,SAM,0001564590-21-047356,2021-10-31,"Within the Next Eight Weeks, Amylyx Will Continue to Engage With Regulatory Authorities and the ALS Community to Share Topline Data; Amylyx Will Share Plans for RELYVRIO/ALBRIOZA in ALS Which May Include Voluntarily Withdrawing RELYVRIO/ALBRIOZA From the Market",False,,,False,True
planted_condition,AVD,0001193125-24-065851,2024-04-30,"We're confident that ZipRecruiter will emerge from this cycle stronger than ever - leading innovation, defining the future of modern recruiting, and growing market share.",False,,,False,True
planted_condition,BHR,0001104659-20-055826,2020-05-31,Five 700 sq. ft. Block 1 BlueBird Satellites expected to be transported from our assembly facilities to the launch site between July and August of 2024,False,,,False,False
planted_condition,WTI,0001104659-25-003486,2025-01-31,"If such Capital is not fully funded 120 days from July 3, 2025, or October 31, 2025, the Agreement will be null and void with no further obligation between the parties except those stated in the Prior and Underlying Agreements.",True,"If such Capital is not fully funded 120 days from July 3, 2025, or October 31, 2025, the Agreement will be null and void with no further obligation between the parties except those stated in the Prior and Underlying Agreements.","full funding of Capital within 120 days from July 3, 2025, or October 31, 2025",True,False
planted_condition,BCBP,0001193125-24-015410,2024-03-31,"The remainder of the DIP Revolving Facility (including the remainder of the $750 million letter of credit subfacility), and the DIP Initial Term Loan Facility and the DIP Delayed Draw Term Loan Facility, are currently unavailable for borrowing and will remain unavailable until and unless the Bankruptcy Court approves the availability thereof following a final hearing.",False,,,False,True
planted_condition,HPP,0001482512-21-000018,2021-03-31,"In the event that AGEN2034 is not approved by the FDA by the end of 2021 and all Tokens are converted into Agenus stock, a total of 1.85 Million shares would be issued",False,,,False,False
planted_condition,BRO,0000079282-18-000035,2018-12-31,"AMC s ability to obtain additional liquidity, which if not realized or insufficient to generate the material amounts of additional liquidity that will be required unless it is able to achieve more normalized levels of operating revenues, likely would result with AMC seeking an in-court or out-of-court restructuring of its liabilities",False,,,False,True
planted_condition,ADMA,0001193805-21-000004,2021-01-31,"the impact of the 2017 and 2018 Northern California wildfires, including whether the Utility will be able to timely recover costs incurred in connection therewith in excess of the Utility's currently authorized revenue requirements",False,,,False,False
planted_condition,AHT,0001232582-20-000003,2020-02-29,The Company plans to proactively evaluate and cancel flights on a rolling 90-day basis until it sees signs of a recovery in demand.,False,,,False,False
planted_condition,NTRA,0001104659-22-046150,2022-06-30,"the consequences of the coronavirus outbreak to economic conditions and the travel industry in general and the financial position and operating results of our company in particular have been material, are changing rapidly, and cannot be predicted",False,,,False,False
planted_condition,JELD,0001674335-25-000003,2025-01-31,"In particular, the consequences of the COVID-19 outbreak to economic conditions and the travel industry in general and the financial position and operating results of the Company in particular have been material, are changing rapidly, and cannot be predicted.",False,,,False,True
planted_condition,APLD,0001144879-24-000125,2024-06-30,PSCo filed a request with the Colorado Public Utilities Commission (CPUC) to recover $263 million in weather-related electric costs and $287 million in incremental gas costs over 24 months with no financing charge.,False,,,False,False
planted_condition,AAP,0001193125-23-244749,2023-10-31,whether the Utility will satisfy the eligibility conditions to participate in the Wildfire Fund,False,,,False,False
planted_boilerplate,AGEN,0001193125-18-325489,2018-12-31,The forward-looking statements in this presentation represent Larimar&#x2019;s management&#x2019;s views only as of the date hereof.,False,,,False,False
planted_boilerplate,HELE,0000916789-22-000076,2022-12-31,"Words such as ""believes,"" ""anticipates,"" ""plans,"" ""expects,"" ""will,"" ""intends,"" ""potential,"" ""possible"" and similar expressions are intended to identify forward-looking statements.",False,,,False,True
planted_boilerplate,WNC,0000879526-25-000032,2025-07-31,"By their nature, forward-looking statements involve risks and uncertainties because they relate to events and depend on circumstances that may or may not occur in the future.",False,,,False,False
planted_boilerplate,BWB,0001558370-23-016721,2023-10-31,Cautionary Note Regarding Forward-Looking Statements This press release contains forward-looking statements within the meaning of the federal securities laws.,False,,,False,True
planted_boilerplate,CAR,0000950142-24-000731,2024-03-31,"Forward-looking statements are not guarantees of future performance, and involve risks, uncertainties and assumptions that may cause our actual results to differ materially from the expectations that we describe in our forward-looking statements.",False,,,False,False
planted_boilerplate,LW,0001679273-24-000067,2024-09-30,"We have attempted to identify forward-looking statements by such terminology as may, will, believe, estimate, expect, and similar expressions (as well as other words or expressions referencing future events, conditions or circumstances), which constitute and are intended to identify forward-looking statements.",False,,,False,False
planted_boilerplate,BTU,0001193125-20-025061,2020-02-29,"Except for the historical information contained in this Current Report on Form 8-K, the matters set forth herein include forward-looking statements.",False,,,False,True
planted_boilerplate,ARE,0001104659-26-019662,2026-04-30,"Although we believe that our plans, intentions, and expectations reflected in or suggested by these forward-looking statements are reasonable, we cannot assure you that we will achieve or realize these plans, intentions, or expectations.",False,,,False,True
planted_boilerplate,BW,0001630805-19-000017,2019-04-30,"The Company disclaims any intent or obligation to update these forward-looking statements, other than as may be required under applicable law.",False,,,False,True
planted_boilerplate,EQT,0001104659-19-013388,2019-04-30,"When used, words such as anticipate, expect, believe, project, intend, may be and will be and similar words or phrases, or the negative thereof, unless the context requires otherwise, are intended to identify forward-looking statements and may include, without limitation, information regarding our expectations, goals or intentions regarding the future, and the expected effect of our acquisitions.",False,,,False,False
planted_boilerplate,CAG,0001193125-19-017870,2019-03-31,Forward-Looking Statements Clinical-Stage Novel Protein Replacement Therapy Platform Nomlabofusp is designed to directly address frataxin deficiency in patients with Friedreich&#x2019;s ataxia (FA) by delivering a recombinant fusion protein to mitochondria.,False,,,False,False
planted_boilerplate,MPC,0001510295-20-000095,2020-10-31,"Forward-looking statements are predictions, projections and other statements about future events or conditions that are based on current expectations and assumptions and, as a result, are subject to risks and uncertainties.",False,,,False,True
planted_boilerplate,ALIT,0001193125-26-079261,2026-04-30,"In addition, the exhibit furnished herewith contains statements intended as forward-looking statements that are subject to the cautionary statements about forward-looking statements set forth in such exhibit.",False,,,False,False
planted_boilerplate,ARDX,0001558370-19-002233,2019-04-30,"All forward-looking statements are based on current expectations and assumptions about future events that may or may not be correct or necessarily take place and that are by their nature subject to significant uncertainties and contingencies, many of which are outside the control of Petco.",False,,,False,False
planted_boilerplate,BCRX,0001171843-23-004942,2023-10-31,Forward Looking Statements This press release may contain statements that constitute forward-looking statements within the meaning of the Private Securities Litigation Reform Act of 1995.,False,,,False,False
planted_boilerplate,BGSF,0001474903-20-000071,2021-01-31,"Any statements in this press release that are not statements of historical fact are forward-looking statements, including, but not limited to, Mr.",False,,,False,False
planted_boilerplate,M,0000794367-20-000116,2020-10-31,"All forward-looking statements in this press release are based on information available to us as of the date hereof, and we do not assume any obligation to update the forward-looking statements provided to reflect events that occur or circumstances that exist after the date on which they were made.",False,,,False,False
planted_boilerplate,TWLO,0001447669-22-000141,2022-10-31,"The forward-looking statements included in this document are made only as of the date of this document, unless otherwise specified, and, except as required by law, Adient assumes no obligation, and disclaims any obligation, to update such statements to reflect events or circumstances occurring after the date of this document.",False,,,False,True
planted_boilerplate,ZD,0001084048-25-000071,2025-12-31,"The information in this release is provided only as of the date of this release, and Aldeyra undertakes no obligation to update any forward-looking statements contained in this release on account of new information, future events, or otherwise, except as required by law.",False,,,False,False
planted_boilerplate,DJT,0001140361-25-039596,2025-12-31,Such statements are subject to certain risks and uncertainties and readers are cautioned not to place undue reliance on these forward-looking statements.,False,,,False,True
planted_boilerplate,LXRX,0001062822-24-000064,2025-01-31,Potential investors and others should consider these factors in evaluating the forward-looking statements and should not place undue reliance on such statements.,False,,,False,False
planted_boilerplate,OGS,0001193125-21-180550,2021-07-31,"Any statements that refer to or implicate future events, including with respect to the terms of a potential offer for shares of Clear Media Limited and the timing and completion of a potential offer, are forward-looking statements.",False,,,False,True
planted_boilerplate,AVB,0001104659-21-029172,2021-03-31,"These forward-looking statements include, but are not limited to, statements about our deleveraging strategy.",False,,,False,False
planted_boilerplate,WLFC,0001018164-25-000138,2025-12-31,Forward Looking Statements This press release may contain statements that constitute forward-looking statements within the meaning of the Private Securities Litigation Reform Act of 1995.,False,,,False,False
planted_boilerplate,BSET,0001437749-18-017984,2018-12-31,All forward-looking statements are expressly qualified in their entirety by this cautionary statement.,False,,,False,False
planted_boilerplate,MRNA,0001682852-22-000045,2022-10-31,"Forward-Looking Statements This Current Report on Form 8-K includes forward-looking statements that are not historical facts, including statements about the beliefs, expectations, estimates, future plans and strategies of PG E Corporation and the Utility.",False,,,False,True
planted_boilerplate,EIX,0000827052-21-000018,2021-03-31,Forward-looking statements involve numerous risks and uncertainties and you should not rely on them as predictions of future events.,False,,,False,True
planted_boilerplate,IPGP,0001111928-19-000007,2019-03-31,"Words such as expect, will, intend, redeem, and variations of such words and similar expressions are intended to identify forward-looking statements.",False,,,False,False
planted_boilerplate,AROC,0001104659-21-027733,2021-02-28,"By their nature, forward-looking statements involve risks and uncertainties because they relate to events and depend on circumstances that may or may not occur in the future.",False,,,False,False
planted_boilerplate,BHR,0001104659-20-054454,2020-05-31,"1 Press release dated May 16, 2022 104 Cover Page Interactive Data File (cover page XBRL tags are embedded within the Inline XBRL document) Forward-Looking Statements.",False,,,False,False
planted_boilerplate,HLF,0001193125-19-009020,2019-03-31,"These forward-looking statements are only predictions, not historical fact, and involve certain risks and uncertainties, as well as assumptions.",False,,,False,False
planted_boilerplate,PPL,0000922224-21-000017,2021-06-30,"All forward-looking statements speak only as of the date they are made and reflect Peabody s good faith beliefs, assumptions and expectations, but they are not guarantees of future performance or events.",False,,,False,True
planted_boilerplate,OGS,0001587732-21-000022,2021-03-31,"Arcturus may not actually achieve the plans, carry out the intentions or meet the expectations or projections disclosed in any forward-looking statements such as the foregoing and you should not place undue reliance on such forward-looking statements.",False,,,False,False
planted_boilerplate,WVE,0001193125-26-183563,2026-04-30,"Twilio undertakes no obligation to update any forward-looking statements made in this press release or the accompanying conference call to reflect events or circumstances after the date of this press release or to reflect new information or the occurrence of unanticipated events, except as required by law.",False,,,False,False
planted_boilerplate,HE,0000354707-21-000008,2021-03-31,Forward-looking statements involve numerous risks and uncertainties and you should not rely on them as predictions of future events.,False,,,False,True
planted_boilerplate,ASPN,0000950170-23-002903,2023-04-30,"Given these risks and uncertainties, readers are cautioned not to place undue reliance on such forward-looking statements.",False,,,False,True
planted_boilerplate,ARQT,0001193125-21-189048,2021-06-30,Note Regarding Forward-Looking Statements Certain statements included or incorporated by reference in this Current Report on Form 8-K constitute forward-looking statements within the meaning of the federal securities laws.,False,,,False,False
planted_boilerplate,BLNK,0001493152-23-003711,2023-04-30,"Cautionary Statement Regarding Forward-Looking Statements The Company, from time to time, may discuss forward-looking information.",False,,,False,True
planted_boilerplate,WOOF,0000950170-24-105135,2024-09-30,These documents contain and identify important factors that could cause actual results to differ materially from those contained in our projections or forward-looking statements.,False,,,False,True
planted_boilerplate,ADUS,0001193125-21-236284,2021-10-31,"The Company undertakes no obligation to revise the forward-looking statements or to update them to reflect events or circumstances occurring after the date of this presentation, whether as a result of new information, future developments or otherwise, except as required by the federal securities laws.",False,,,False,False
planted_boilerplate,BYND,0001655210-24-000017,2024-03-31,Forward-Looking Statements This Current Report on Form 8-K contains forward-looking statements within the meaning of the securities laws .,False,,,False,True
planted_boilerplate,AMRC,0001488139-23-000166,2023-10-31,"Forward-Looking Statements This press release and the accompanying conference call contain forward-looking statements within the meaning of the federal securities laws, which statements involve substantial risks and uncertainties.",False,,,False,False
planted_boilerplate,EQT,0001104659-20-003265,2020-02-29,"In addition, the exhibit furnished herewith contains statements intended as forward-looking statements that are subject to the cautionary statements about forward-looking statements set forth in such exhibit.",False,,,False,True
planted_boilerplate,EQT,0001104659-19-040347,2019-08-31,"Words such as ""believes,"" ""anticipates,"" ""plans,"" ""expects,"" ""will,"" ""intends,"" ""potential,"" ""possible"" and similar expressions are intended to identify forward-looking statements.",False,,,False,False
planted_boilerplate,BRO,0000079282-19-000008,2019-03-31,"These statements involve known and unknown risks, uncertainties and other factors which may cause BioCryst s actual results, performance or achievements to be materially different from any future results, performances or achievements expressed or implied by the forward-looking statements.",False,,,False,False
planted_boilerplate,ROL,0000084839-21-000004,2021-10-31,The forward-looking statements included in this Current Report on Form 8-K involve risks and uncertainties that could cause actual results to differ materially from projected results.,False,,,False,False
planted_boilerplate,SSTI,0001193125-24-269175,2025-01-31,"This Current Report contains forward-looking statements related to the financial results of the Company within the meaning of Section 27A of the Securities Act of 1933, as amended (the Securities Act ), and Section 21E of the Exchange Act, that involve substantial risks and uncertainties.",False,,,False,False
planted_boilerplate,CRMT,0001171843-24-004987,2024-09-30,"Risks that contribute to the uncertain nature of the forward-looking statements include the risks and uncertainties set forth in Amylyx United States Securities and Exchange Commission (SEC) filings, including Amylyx Annual Report on Form 10-K for the year ended December 31, 2023, and subsequent filings with the SEC.",False,,,False,True
planted_boilerplate,PLTR,0001193125-22-214147,2022-10-31,"Edison International and SCE have no obligation to publicly update or revise any forward-looking statements, whether due to new information, future events, or otherwise.",False,,,False,True
planted_boilerplate,CHGG,0001364954-22-000037,2022-06-30,"Accordingly, actual results could differ materially from those predicted or implied by forward-looking statements.",False,,,False,False
planted_boilerplate,BGS,0001558370-20-001316,2020-02-29,The forward-looking statements included in this Current Report on Form 8-K involve risks and uncertainties that could cause actual results to differ materially from projected results.,False,,,False,False
planted_boilerplate,APLD,0001144879-24-000125,2024-05-31,"As a result, these statements are not guarantees of future performance and actual events may differ materially from those expressed in or suggested by the forward-looking statements.",False,,,False,False
planted_boilerplate,ATRO,0000008063-20-000015,2020-05-31,"The matters discussed in these forward-looking statements are subject to various risks, uncertainties and other factors that could cause actual results and trends to differ materially from those made, projected, or implied in or by the forward-looking statements.",False,,,False,True
planted_boilerplate,AROC,0001104659-21-026369,2021-02-28,"01 of Current Report on Form 8-K contains forward-looking statements that are made pursuant to the safe harbor provisions of the federal securities laws, including statements regarding the status of potential corporate transactions.",False,,,False,True
planted_boilerplate,ETR,0000065984-21-000121,2021-03-31,"Except for the historical information contained in this Current Report on Form 8-K, the matters set forth herein include forward-looking statements.",False,,,False,False
planted_boilerplate,AXSM,0001564590-21-036470,2021-07-31,"Petco cautions that the foregoing list of risks, uncertainties and other factors is not complete, and forward-looking statements speak only as of the date they are made.",False,,,False,False
planted_boilerplate,CDE,0000215466-19-000067,2019-03-31,"This Current Report on Form 8-K may be deemed to contain forward-looking statements, which are subject to the safe harbor provisions of the Private Securities Litigation Reform Act of 1995.",False,,,False,True
planted_boilerplate,TWLO,0001193125-22-151997,2022-06-30,Any such forward-looking statements should be considered in light of such important factors and in conjunction with factors and other matters discussed in PPL Corporation's Form 10-K and other reports on file with the Securities and Exchange Commission.,False,,,False,True
planted_boilerplate,MEG,0000950170-25-006702,2025-01-31,"Twilio undertakes no obligation to update any forward-looking statements made in this press release to reflect events or circumstances after the date of this press release or to reflect new information or the occurrence of unanticipated events, except as required by law.",False,,,False,False
planted_boilerplate,BRBR,0001628280-25-052201,2025-12-31,"Words such as guidance, expect, anticipate, should, believe, hope, target, project, plan, goals, estimate, potential, predict, may, will, might, could, intend, shall, and variations of these terms or the negative of these terms and similar expressions are intended to identify these forward-looking statements.",False,,,False,False
planted_boilerplate,ALGN,0001097149-22-000062,2022-12-31,"Forward-looking statements are not guarantees of future performance, and involve risks, uncertainties and assumptions that may cause our actual results to differ materially from the expectations that we describe in our forward-looking statements.",False,,,False,False
planted_boilerplate,BXC,0001301787-20-000006,2020-05-31,The forward-looking statements in this presentation represent Larimar&#x2019;s management&#x2019;s views only as of the date hereof.,False,,,False,True
planted_boilerplate,KEX,0001140361-21-006340,2021-02-28,"Any statements that are not statements of historical fact (including statements containing the words believes, plans, goal, anticipates, projects, forecasts, expects, intends, continues, will, may, or estimates or similar expressions) should also be considered to be forward-looking statements.",False,,,False,False
planted_boilerplate,BYRN,0001437749-26-011756,2026-04-30,", All Rights Reserved Cautionary Language Concerning Forward-Looking Statements This press release includes forward-looking statements.",False,,,False,False
planted_boilerplate,AMC,0001104659-20-123668,2021-01-31,"Forward-Looking Statements Certain statements contained in this release, as well as statements using words such as expects, believes or intends are forward-looking statements that involve a number of risks and uncertainties.",False,,,False,True
planted_boilerplate,EQT,0001104659-19-002753,2019-03-31,Forward Looking Statements Certain statements included in this report that are not historical facts are forward-looking statements for purposes of the safe harbor provisions under the Private Securities Litigation Reform Act of 1995.,False,,,False,False
planted_boilerplate,CCL,0000815097-20-000111,2021-02-28,These forward-looking statements should not be relied upon as representing our views as of any date subsequent to the date of this press release.,False,,,False,False
planted_boilerplate,BCC,0001328581-25-000090,2025-12-31,"Forward-Looking Statements This Current Report on Form 8-K contains forward-looking statements, including statements regarding future results, performance or achievements.",False,,,False,False
planted_boilerplate,BYND,0001655210-25-000193,2025-12-31,"Given these risks and uncertainties, we caution you not to place undue reliance on forward-looking statements.",False,,,False,False
planted_boilerplate,CDNA,0001193125-22-298916,2022-12-31,All forward-looking statements are expressly qualified in their entirety by this cautionary statement.,False,,,False,False
planted_boilerplate,AR,0001104659-19-004086,2019-04-30,Such guidance constitutes forward-looking statements for the purposes of the Safe Harbor provision under the Private Securities Litigation Reform Act of 1995.,False,,,False,False
planted_boilerplate,EIX,0000827052-21-000022,2021-03-31,"In this document, statements regarding Adient s future financial position, sales, costs, earnings, cash flows, other measures of results of operations, capital expenditures or debt levels and plans, objectives, outlook, targets, guidance or goals are forward-looking statements.",False,,,False,False
planted_boilerplate,BMBL,0001193125-24-056954,2024-04-30,"This Current Report contains forward-looking statements related to the financial results of the Company within the meaning of Section 27A of the Securities Act of 1933, as amended (the Securities Act ), and Section 21E of the Exchange Act, that involve substantial risks and uncertainties.",False,,,False,True
planted_boilerplate,MORN,0001104659-26-034527,2026-04-30,"Although we believe that our plans, intentions, and expectations reflected in or suggested by these forward-looking statements are reasonable, we cannot assure you that we will achieve or realize these plans, intentions, or expectations.",False,,,False,False
planted_boilerplate,WEAV,0001609151-26-000035,2026-04-30,"Forward-looking statements include, without limitation, any statement that predicts, forecasts, indicates or implies future results, performance, liquidity levels or achievements, and may contain the words believe, anticipate, expect, estimate, intend, project, plan, will be, will likely continue, will likely result or words or phrases of similar meaning.",False,,,False,True
planted_boilerplate,TDOC,0001104659-22-112474,2022-12-31,These forward-looking statements are based on management s current expectations and are subject to uncertainties and changes in circumstances.,False,,,False,True
planted_boilerplate,ATRA,0001193125-19-199083,2019-08-31,"If any of these risks or uncertainties materialize, or if any of our assumptions prove incorrect, our actual results could differ materially from the results expressed or implied by these forward-looking statements.",False,,,False,True
planted_boilerplate,WTI,0001104659-25-006983,2025-01-31,"We have attempted to identify forward looking statements by such terminology as may, will, believe, estimate, expect, and similar expressions (as well as other words or expressions referencing future events, conditions or circumstances), which constitute and are intended to identify forward-looking statements.",False,,,False,False
planted_boilerplate,LSCC,0001437749-24-029278,2024-09-30,"Forward-looking statements can also generally be identified by the use of words such as believe, expect, intend, estimate, anticipate, will, may, could and similar expressions.",False,,,False,False
planted_boilerplate,ELS,0000895417-21-000009,2021-03-31,Aldeyra intends such forward-looking statements to be covered by the safe harbor provisions for forward-looking statements contained in Section 21E of the Securities Exchange Act of 1934 and the Private Securities Litigation Reform Act of 1995.,False,,,False,True
planted_boilerplate,COP,0001104659-21-013719,2021-02-28,Forward-looking statements are based on beliefs and assumptions using information available at the time the statements are made.,False,,,False,False
planted_boilerplate,ACVA,0001637873-25-000025,2025-12-31,"Forward Looking Statements This press release contains forward-looking statements within the meaning of the federal securities laws, which statements involve substantial risks and uncertainties.",False,,,False,False
planted_boilerplate,NWL,0001193125-19-036005,2019-04-30,"Forward-looking statements, which are based on certain assumptions and describe our future plans, strategies and expectations are generally identifiable by use of the words may, will, should, expect, anticipate, estimate, believe, intend or project, or the negative thereof, or other variations thereon or comparable terminology.",False,,,False,False
planted_boilerplate,NWL,0001193125-19-181893,2019-08-31,"These forward-looking statements include, but are not limited to, statements about our deleveraging strategy.",False,,,False,True
planted_boilerplate,ELS,0000895417-21-000003,2021-03-31,"These forward-looking statements are made as of the date they were first issued and were based on current expectations, estimates, forecasts, and projections as well as the beliefs and assumptions of management.",False,,,False,True
planted_boilerplate,ROKU,0001428439-22-000033,2022-12-31,"Except for the historical information contained in this report, the statements made by the Company are forward-looking statements that involve risks and uncertainties.",False,,,False,False
planted_boilerplate,ALGM,0000950103-24-010880,2024-09-30,"In addition, forward-looking statements generally can be identified by the use of forward-looking terminology such as may, will, should, could, would, expects, plans, intends, anticipates, believes, estimates, predicts, projects, potential, or continue or the negative of such terms and other similar terminology.",False,,,False,False
planted_boilerplate,BYND,0001655210-25-000220,2025-12-31,"Forward-looking statements contained in this press release include, but are not limited to, statements regarding the anticipated benefits of the transaction.",False,,,False,False
planted_boilerplate,ALXO,0001193125-23-251917,2023-10-31,See the risk factors contained in the press release for a discussion of certain risks and uncertainties that may impact such forward-looking statements.,False,,,False,True
planted_boilerplate,FSLY,0001517413-24-000244,2025-01-31,"Words such as anticipate, believe, could, driving, estimate, expect, goal, intend, look into, may, plan, project, seek, should, will, would, considering , and similar expressions are intended to help identify forward-looking statements.",False,,,False,True
planted_boilerplate,OGE,0001021635-21-000011,2021-02-28,Forward-Looking Statements: This Current Report contains certain forward-looking statements within the meaning of the U.,False,,,False,False
planted_boilerplate,DNUT,0001857154-25-000102,2025-07-31,The Company cautions investors not to place considerable reliance on the forward-looking statements contained in this Item 7.,False,,,False,False
planted_boilerplate,ALDX,0001193125-20-006782,2020-02-29,"Cautionary Statement Concerning Forward-Looking Statements Certain statements in this Current Report on Form 8-K relating to, among other things, our future performance estimates, forecasts and projections constitute forward-looking statements under the Private Securities Litigation Reform Act of 1995.",False,,,False,True
planted_boilerplate,BILL,0001786352-24-000033,2024-09-30,"In this document, statements regarding Adient s future financial position, sales, costs, earnings, cash flows, other measures of results of operations, capital expenditures or debt levels and plans, objectives, outlook, targets, guidance or goals are forward-looking statements.",False,,,False,True
planted_boilerplate,CNC,0001140361-20-002399,2020-02-29,"Forward-looking statements in this press release are based on estimates and assumptions made by our management that, although believed by us to be reasonable, are inherently uncertain.",False,,,False,False
planted_boilerplate,BNGO,0001140361-23-004345,2023-04-30,"The Company undertakes no obligation to revise these forward-looking statements or update them to reflect events or circumstances occurring after the date of this presentation, whether as a result of new information, future developments or otherwise, except as required by the federal securities laws.",False,,,False,True
planted_boilerplate,ARRY,0001193125-24-147322,2024-06-30,"Forward-looking statements are based on the Company s current expectations and what the Company believes to be reasonable assumptions based on information currently available to it, and are subject to risks and uncertainties.",False,,,False,False
planted_boilerplate,MTDR,0001520006-19-000112,2019-08-31,The forward-looking statements included in this Current Report on Form 8-K involve risks and uncertainties that could cause actual results to differ materially from projected results.,False,,,False,False
planted_boilerplate,AESI,0001193125-25-244603,2025-12-31,"By their nature, forward-looking statements involve risks and uncertainties that could cause actual results to differ materially from the Company s forward-looking statements.",False,,,False,False
planted_boilerplate,UAL,0001104659-20-128224,2021-01-31,"All forward-looking statements are based on current expectations and assumptions about future events that may or may not be correct or necessarily take place and that are by their nature subject to significant uncertainties and contingencies, many of which are outside the control of Petco.",False,,,False,False
planted_boilerplate,CARE,0001104659-21-001609,2021-03-31,"The forward-looking statements included in this document are made only as of the date of this document, unless otherwise specified, and, except as required by law, Adient assumes no obligation, and disclaims any obligation, to update such statements to reflect events or circumstances occurring after the date of this document.",False,,,False,True
planted_boilerplate,MKTX,0001193125-21-220060,2021-07-31,"Such forward-looking statements involve known and unknown risks, uncertainties and other factors which may cause actual results to be materially different from any future results expressed or implied by such forward-looking statements.",False,,,False,True
planted_boilerplate,KMX,0001170010-26-000002,2026-04-30,"This Current Report on Form 8-K and certain of the materials furnished or filed herewith contain forward-looking statements within the meaning of the Private Securities Litigation Reform Act of 1995, as amended.",False,,,False,False
planted_boilerplate,ALKT,0001529274-26-000005,2026-04-30,"It is not possible for management to predict all of these risks, nor can it assess the extent to which any factor, or a combination of factors, may cause our business, strategy, or actual results to differ materially from those contained in forward-looking statements.",False,,,False,False
planted_boilerplate,CBL,0000910612-18-000073,2018-09-30,These forward-looking statements are subject to various risks and uncertainties that may be outside the control of Edison International and SCE.,False,,,False,False
planted_boilerplate,ABEO,0001493152-20-018550,2020-10-31,"Forward-looking statements contained in this press release include, but are not limited to, statements regarding the anticipated benefits of the transaction.",False,,,False,True
planted_boilerplate,BYND,0001655210-21-000076,2021-06-30,"Cautionary Statement Regarding Forward-Looking Statements: Adient has made statements in this document that are forward-looking and, therefore, are subject to risks and uncertainties.",False,,,False,True
planted_boilerplate,TREX,0001193125-25-226786,2025-12-31,"Such forward-looking statements involve known and unknown risks, uncertainties and other factors which may cause actual results to be materially different from any future results expressed or implied by such forward-looking statements.",False,,,False,True
planted_boilerplate,BTU,0001193125-21-085942,2021-03-31,Forward Looking Statements Certain statements included in this report that are not historical facts are forward-looking statements for purposes of the safe harbor provisions under the Private Securities Litigation Reform Act of 1995.,False,,,False,False
planted_boilerplate,AA,0001193125-23-092334,2023-04-30,"Cautionary Statement Regarding Forward-Looking Statements The Company, from time to time, may discuss forward-looking information.",False,,,False,False
planted_boilerplate,ARR,0001428205-21-000093,2021-03-31,"2 Disclaimers and Forward-Looking Statements FORWARD-LOOKING STATEMENTS AND OTHER INFORMATION Statements in this presentation that are not historical factual statements are forward-looking statements within the meaning of Section 27A of the Securities Act of 1933, as amended, and Section 21E of the Securities Exchange Act of 1934, as amended.",False,,,False,False
planted_boilerplate,ZNTL,0001725160-24-000177,2025-01-31,"In this document, statements regarding Adient s future financial position, sales, costs, earnings, cash flows, other measures of results of operations, capital expenditures or debt levels and plans, objectives, outlook, targets, guidance or goals are forward-looking statements.",False,,,False,True
planted_boilerplate,MRCY,0001049521-21-000041,2021-10-31,The forward-looking statements included in this press release represent our views as of the date of this press release.,False,,,False,False
planted_boilerplate,BLMN,0001546417-25-000137,2025-12-31,"It is not possible for our management to predict all risks, nor can we assess the impact of all factors on our business or the extent to which any factor, or combination of factors, may cause actual results to differ materially from those contained in any forward-looking statements we may make.",False,,,False,False
planted_boilerplate,NVAX,0001104659-20-005603,2020-02-29,"Larimar undertakes no obligation to update any forward-looking statements for any reason, except as required by law.",False,,,False,False
planted_boilerplate,BRCC,0001140361-25-023163,2025-07-31,"All statements in this document other than statements of historical fact are statements that are, or could be, deemed forward-looking statements within the meaning of the Private Securities Litigation Reform Act of 1995.",False,,,False,True
planted_boilerplate,BALY,0001747079-24-000017,2024-03-31,"By their nature, forward-looking statements are subject to risks and uncertainties that could cause actual results to differ materially from those suggested by the forward-looking statements.",False,,,False,False
planted_boilerplate,AHT,0001232582-20-000019,2020-05-31,"Except for the historical information contained in this release, all forward-looking statements are estimates by the Company s management and are subject to various risks and uncertainties that may cause results to differ from management s current expectations.",False,,,False,True
planted_boilerplate,ACLS,0001104659-25-046247,2025-07-31,"Edison International and Southern California Edison Company (""SCE"") based these forward-looking statements on their current expectations and projections about future events in light of their knowledge of facts as of the date of this current report and their assumptions about future circumstances.",False,,,False,True
planted_boilerplate,CARG,0001193125-21-191699,2021-07-31,"The matters discussed in these forward-looking statements are subject to various risks, uncertainties and other factors that could cause actual results and trends to differ materially from those made, projected, or implied in or by the forward-looking statements.",False,,,False,True
