formation,sigma,calendar_state,var_uncond,var_scaled,var_state,var_terc,es_scaled,prob_below_level,prob_below_own_var,realised,weight_l2_norm,earnings_weight_in_window,fomc_in_window
2015-09-30,0.17312000969362965,False,-0.030773129765239247,-0.04415039636904866,-0.037468711827821216,-0.04415039636904866,-0.08778916242889954,0.052830188679245285,0.09433962264150944,-0.08896516404971977,0.14608847880581557,0.0,False
2015-10-31,0.21136923069553407,False,-0.054034240462750044,-0.08343569734693373,-0.06546661435892576,-0.08343569734693373,-0.13099087853997138,0.10452961672473868,0.08362369337979095,0.023067867586183066,0.1631822270062895,0.0,False
2015-11-30,0.22710913991102988,False,-0.04870211581577563,-0.08811837180767602,-0.06820429661553215,-0.11586716219110207,-0.13752418985284373,0.10423452768729642,0.09446254071661238,0.10316563670567436,0.17554092524143902,0.0,False
2015-12-31,0.2518155486839334,False,-0.04075703384080551,-0.09032647739162934,-0.07205929805556008,-0.12099749264428518,-0.1490968262681211,0.11246200607902736,0.11550151975683891,0.05519812638416921,0.22283376759080353,0.0,False
2016-01-31,0.2881913981356073,False,-0.04931177743238274,-0.09406363318784593,-0.08114205234320783,-0.13206047842648727,-0.16646294016030305,0.12931034482758622,0.11494252873563218,-0.019822388209818076,0.22796313848702898,0.0,False
2016-02-29,0.3023085700026689,False,-0.057314561753073576,-0.09507890702659595,-0.08618468952334758,-0.13158761515913794,-0.17046803004322303,0.16304347826086957,0.11141304347826086,-0.028140127723766062,0.2252550886855824,0.0,False
2016-03-31,0.32731583380718526,False,-0.06974035407120864,-0.10283501202019854,-0.09374045830026803,-0.1427565891157587,-0.1824077856005904,0.1953727506426735,0.10796915167095116,-0.05527608600562639,0.23043190438112318,0.0,False
2016-04-30,0.32138999039885746,False,-0.07749156025776258,-0.10086630568755911,-0.0920216432995347,-0.09738746989018218,-0.17580739736355291,0.21951219512195122,0.1024390243902439,0.10841898244962911,0.20227339312075873,0.0,False
2016-05-31,0.3213471555363508,False,-0.0765326986458364,-0.09893159984197042,-0.09153768760245407,-0.08822801208349854,-0.1723245414554107,0.21809744779582366,0.10208816705336426,0.012352395764092083,0.1941483807855443,0.0,False
2016-06-30,0.31293624649095314,False,-0.07518306300221007,-0.09502352547225255,-0.08839038418128321,-0.08506609174559211,-0.16467511431486892,0.20750551876379691,0.09271523178807947,-0.0355666680765272,0.18381029289867237,0.0,False
2016-07-31,0.2806485819143079,False,-0.07435676575895675,-0.08463728911282618,-0.07839584059414723,-0.07552459504973502,-0.14506702194506343,0.17758985200845667,0.06765327695560254,-0.024410760775580798,0.16894768877220478,0.0,False
2016-08-31,0.24840374808242177,False,-0.07372963729393536,-0.07208797132134534,-0.06875167081373434,-0.06629661665212348,-0.12625485702664838,0.14919354838709678,0.05040322580645161,-0.008325931583350266,0.196261302170316,0.0,False
2016-09-30,0.20113933970221393,False,-0.07297507332859214,-0.057428005218673084,-0.05459782156143497,-0.06137829574128711,-0.10051715395673833,0.10058027079303675,0.03481624758220503,0.014805776829158956,0.20391614265286873,0.0,False
2016-10-31,0.17034845845327387,True,-0.0722941924380701,-0.04836643173836423,-0.04836643173836423,-0.051437035168226494,-0.08377645715343382,0.0724907063197026,0.027881040892193308,-0.061661943996817015,0.22606617356449302,0.0,True
2016-11-30,0.16855105295587458,True,-0.07120449586627538,-0.047843043321282086,-0.047843043321282086,-0.051896370029459356,-0.08211103223554846,0.06797853309481217,0.026833631484794274,-0.007152737096033257,0.11806133278274467,0.0,True
2016-12-31,0.14343493514422628,False,-0.07066817195851029,-0.04020922108664354,-0.03835666708864548,-0.04370402124806373,-0.06886916833949742,0.04310344827586207,0.020689655172413793,-0.011153520962365437,0.12424682884853713,0.0,False
2017-08-31,0.12763537816494328,False,-0.06837438624027671,-0.03543330004047225,-0.033696459528961754,-0.04043983444810631,-0.05962672584263996,0.03316749585406302,0.01824212271973466,-0.005384515399590284,0.12862649783686408,0.0,False
2017-09-30,0.11987629434861205,False,-0.0681407448664028,-0.03295949938444748,-0.031456708475172554,-0.036712487915452244,-0.05528479631937275,0.030497592295345103,0.012841091492776886,0.04841330845945979,0.1492379975054285,0.0,False
2017-10-31,0.12212017305019489,True,-0.06664893144791673,-0.032592721972590374,-0.032592721972590374,-0.036106961770812,-0.055604517797338035,0.02945736434108527,0.015503875968992248,-0.014728900890499386,0.18980004894843944,0.0,True
2017-11-30,0.13434235371321965,True,-0.06590904907060355,-0.03527822897957253,-0.03527822897957253,-0.03378488216980448,-0.06040846117635974,0.03153153153153153,0.018018018018018018,-0.001954907586139143,0.18527562593498434,0.0,True
2017-12-31,0.12271313182754896,False,-0.06387381481983298,-0.03402818276541277,-0.0318073992672792,-0.039833589252250466,-0.05540640721656906,0.029154518950437316,0.016034985422740525,0.025514635356564952,0.18484881515618048,0.00297815711316039,False
2018-01-31,0.125387605909402,False,-0.06301747117218327,-0.034279589081682514,-0.032471553810993425,-0.04035067946191682,-0.056001698396347895,0.028288543140028287,0.016973125884016973,0.03627127096261651,0.1899017196843028,3.645484947774719e-05,False
2018-02-28,0.13234370191981895,False,-0.06133102504181362,-0.0352865761117241,-0.03400455391798236,-0.03183595620958682,-0.058469345158844055,0.03168044077134986,0.01652892561983471,0.008792459469725955,0.1751311407524091,0.00041872604899887675,False
2018-03-31,0.15993720911228307,False,-0.06016702599955765,-0.041996389983183086,-0.04097414007249154,-0.0370043036101103,-0.06990630527737193,0.04819277108433735,0.024096385542168676,0.004895370965970036,0.2028942314297704,0.001481725269553157,False
2018-04-30,0.1707302246742111,True,-0.05908071213959644,-0.04660930629416221,-0.04660930629416221,-0.051786545658419204,-0.07487548789252452,0.0625,0.02734375,0.02560749843601795,0.2218794699333964,0.003605994487373658,True
2018-05-31,0.1694491411197958,True,-0.05771452818681645,-0.04500217323628859,-0.061660595320292055,-0.050179391132417726,-0.07359086769510442,0.05949367088607595,0.027848101265822784,-0.0010615604808302814,0.21493562897272647,0.0,True
2018-06-30,0.16514121291052847,False,-0.057484680479514605,-0.04381476602986386,-0.04258592714552489,-0.040861665541319994,-0.0712194475032144,0.0530209617755857,0.025893958076448828,0.018551912660261127,0.21722651597581066,0.0012781826772569262,False
2018-07-31,0.17422981469133333,True,-0.05716769465165114,-0.04714162311131129,-0.056416909806421944,-0.046954340074416005,-0.07464843877477291,0.0673076923076923,0.028846153846153848,0.05240877585806669,0.21692671557642287,0.0064469318942546785,True
2018-08-31,0.1721330569750688,False,-0.05692481654672564,-0.04569760592142668,-0.044129323626343836,-0.04680561291895095,-0.07310755616217746,0.06432748538011696,0.028070175438596492,-0.04073692841779908,0.2660570388998168,0.0005474224014422712,False
2018-09-30,0.1700870332489431,False,-0.056828405940477354,-0.04524413636307668,-0.043702371997780785,-0.05177455992826981,-0.07182865273855359,0.06077981651376147,0.02522935779816514,-0.07015920852146862,0.27074522192542894,0.0,False
2018-10-31,0.21626381735005243,True,-0.05923248835233333,-0.06223360171537765,-0.06910444400916084,-0.056981429917808524,-0.09661218187010732,0.11620111731843576,0.05698324022346369,0.027024656900049404,0.2679799169855056,0.002923766970337682,True
2018-11-30,0.23456550541672666,False,-0.05810479476027802,-0.06698746882629428,-0.06544108851812969,-0.06160122391381107,-0.10397156121066026,0.12663755458515283,0.07205240174672489,0.037699506099027946,0.277967106142884,0.0,False
2018-12-31,0.23602418708186068,False,-0.057653999278903495,-0.06705007678563137,-0.06557303364302446,-0.06050366455489211,-0.1038246396826043,0.125,0.07264957264957266,-0.002533287211296309,0.287222886413272,0.013804593072282031,False
2019-01-31,0.23730020066655613,False,-0.05756192633090831,-0.06664855773858266,-0.06533709115409267,-0.058720432891710125,-0.10361375146654046,0.12643678160919541,0.07105538140020899,-0.00542451735768823,0.2367250804827492,0.014275361945568507,False
2019-02-28,0.23872058601468094,False,-0.05756192633090831,-0.06643341711869431,-0.06390009695333757,-0.058917453789401754,-0.10347158571588763,0.12794268167860798,0.07267144319344933,-0.001968323543373507,0.12604237830830467,0.005333935172643871,False
2019-03-31,0.229104716785012,False,-0.057393659813670575,-0.06324189476265671,-0.060175812679633005,-0.056496755612745864,-0.09859060143655518,0.11523046092184369,0.06513026052104208,-0.03171067064237243,0.14758381293460412,0.0,False
2019-04-30,0.18948362286029682,True,-0.05702361626251026,-0.05189673149921867,-0.05927807453143633,-0.06237659083618544,-0.08096604579120223,0.08235294117647059,0.043137254901960784,0.02532769641933985,0.1410915504288199,0.047954944274675164,True
2019-05-31,0.16345858800498486,False,-0.056884575355063326,-0.043768296890347884,-0.04253824063137727,-0.05326403981267895,-0.06888066389260307,0.05182341650671785,0.025911708253358926,0.03801388365837388,0.16142170770931027,0.03866908746352882,False
2019-06-30,0.17063641571080035,False,-0.05673728516037595,-0.04666834487874725,-0.044812266975814266,-0.054989951060097006,-0.07160238046408098,0.06120527306967985,0.027306967984934087,0.05849789338673528,0.15630860265240934,0.00019502150563436627,False
2019-07-31,0.16933713361955233,False,-0.05593335138447962,-0.04528281874689329,-0.04426897250419466,-0.05396287679653232,-0.07059017539971021,0.05904059040590406,0.027675276752767528,0.11449464373840557,0.2514351485318953,0.012117930233409567,False
2019-08-31,0.17626962085493886,False,-0.05570714996327264,-0.04653363779996133,-0.045685593624815786,-0.056055466288467165,-0.07300023882089217,0.06329113924050633,0.03345388788426763,-0.17107035725525355,0.15871364697487167,0.0013815741564091489,False
2019-09-30,0.24157549340234757,True,-0.0582096745250224,-0.06965914387049023,-0.07433955792604482,-0.05834618144184944,-0.11959559367035028,0.12788632326820604,0.07371225577264653,0.023338300139375434,0.14026990058618316,0.0,True
2019-10-31,0.2500513117562979,False,-0.061132473668811575,-0.07422122048816363,-0.07135926270131246,-0.06342553304534924,-0.123807662197972,0.13577023498694518,0.07397737162750218,-0.04652608291329774,0.1396558067187544,0.025257074087993086,False
2019-11-30,0.26527891055687447,True,-0.06552036244909179,-0.08007380011763944,-0.0849443385059895,-0.0695407448438955,-0.13089369072733545,0.1514114627887083,0.07698887938408897,-0.03653635087057605,0.109571734284993,0.017844550633731002,True
2019-12-31,0.2592206308371396,False,-0.06391790318525305,-0.07763145770582261,-0.07357950990764837,-0.06791775683891658,-0.12707326358540386,0.14705882352941177,0.07647058823529412,0.02399175097002093,0.392822858924437,0.01016194444232824,False
2020-01-31,0.25768586164398016,False,-0.06372899947907468,-0.0766624464755621,-0.0726934119590384,-0.06739603783902948,-0.12550713871665395,0.14203137902559868,0.07431874483897605,0.026378447542487082,0.4190812311445244,0.029652556344605462,False
2020-02-29,0.2663534280346847,True,-0.06359518343093666,-0.07839132555172089,-0.08507124300593019,-0.06945667560881331,-0.1289140849563132,0.14715447154471545,0.08048780487804878,0.0913965330562081,0.369682798444669,0.006647141791986069,True
2020-03-31,0.2511640323145537,False,-0.06325489116435887,-0.07274811286666497,-0.06983776657052324,-0.06526878883936618,-0.12079107136915322,0.134185303514377,0.07028753993610223,-0.04399443797670943,0.335583387325131,0.0360501592401516,False
2020-04-30,0.3050068673703983,False,-0.06695474943389826,-0.09248943474961595,-0.08722777475082306,-0.0847605104260806,-0.14997110780889875,0.1791044776119403,0.09426551453260015,0.17997472609567522,0.2824843127806486,0.01426833999906806,False
2020-05-31,0.39612531106103044,True,-0.0710186981658755,-0.12169007344421127,-0.1295358453642175,-0.11540579220459844,-0.19690408131062667,0.23124516627996908,0.13921113689095127,-0.24789194195148867,0.3092799012482032,0.0002771882362514935,True
2020-06-30,0.5576833581907646,False,-0.07560180963808652,-0.18300144777956212,-0.17674679918196895,-0.19334131747673203,-0.3011721134946739,0.28821292775665397,0.20076045627376427,0.023917610836646563,0.3270361365480452,0.022944507901584758,False
2020-07-31,0.5953228136106283,False,-0.07558330257754561,-0.19134126725229797,-0.18860255160994754,-0.20558422578148536,-0.3196131892777486,0.29394166043380704,0.2094240837696335,-0.07760848303205525,0.32893130856688635,0.02482644944623529,False
2020-08-31,0.6134751003489528,False,-0.07557404904727517,-0.19597746490132884,-0.19264530050895606,-0.21167291487004763,-0.3274003721453063,0.296759941089838,0.2106038291605302,-0.060368282625229974,0.33330311938542767,0.007092367708814805,False
2020-09-30,0.6261332444195717,False,-0.07686365826014718,-0.1995758156331471,-0.19465468575424996,-0.21585687554000302,-0.3322112453077348,0.3009427121102248,0.2095721537345903,0.031196406491210693,0.3333183730896353,0.03949257594504619,False
2020-10-31,0.6087042459449683,True,-0.07573135906187278,-0.19286109609878513,-0.20470007431274115,-0.20929025326056158,-0.3193146823588078,0.29336188436830835,0.20556745182012848,-0.14578936557250055,0.322053812189803,0.0319880473382998,True
2020-11-30,0.6561377508071318,False,-0.08145424801971868,-0.20983789305648673,-0.20276258213640308,-0.2284465592572513,-0.3441143417152527,0.3131597466572836,0.21252638986629135,-0.05099888454472645,0.31438972020309514,0.03821961595198001,False
2020-12-31,0.5404350174464707,False,-0.08178327381270598,-0.17257183185550093,-0.16550403894554822,-0.1867428841684487,-0.2819154125224961,0.28135828135828134,0.17463617463617465,-0.06535908732603557,0.3381309748700224,0.07241221616696258,False
2021-01-31,0.5153971316598503,True,-0.0818015530234275,-0.16419502726845106,-0.17703399105058634,-0.17796171307118588,-0.2674408366264079,0.2756497948016416,0.16347469220246238,-0.051131915724652255,0.34307367228781593,0.19085747712383289,False
2021-02-28,0.502422354023903,False,-0.08500347883389803,-0.16067852834738947,-0.1526732211786126,-0.17386359768783094,-0.25988496727882043,0.2775151924375422,0.15259959486833222,-0.11707625698333235,0.19239693223626625,0.023792335714522394,False
2021-03-31,0.5258930987881665,True,-0.09312702887919642,-0.17414804498472772,-0.18595614385948903,-0.18570642738735652,-0.2730694977730841,0.2878989361702128,0.15159574468085107,0.05542969681156573,0.178956442161263,0.13573757243136633,False
2021-04-30,0.515524778389465,False,-0.09223145805505825,-0.16942912226636492,-0.15557509889129068,-0.18202884295080873,-0.2664115860899504,0.2804718217562254,0.14875491480996067,-0.10484964372896144,0.17135638820812818,0.05767431890497859,False
2021-05-31,0.39174579131080367,False,-0.0944676554138958,-0.1274769557351271,-0.11793006627543733,-0.13831237907828214,-0.20149631455264644,0.24369747899159663,0.09437621202327084,-0.019596859526537447,0.17683775853526404,0.001507417605073362,False
2021-06-30,0.37614867063029483,True,-0.09371770691186602,-0.12023274134313597,-0.13282038834084892,-0.13262904827959654,-0.19254754947351382,0.23518164435946462,0.08731676226896112,-0.046453926229786946,0.17404538195501126,0.12047916079494063,False
2021-07-31,0.36161386067693085,False,-0.09317885264556552,-0.11537935637528432,-0.10614377978120945,-0.12693516140855302,-0.18423716194961137,0.22327044025157233,0.0779874213836478,0.02725695850634735,0.1422683168125478,0.058464060174895055,False
2021-08-31,0.31535909065571693,False,-0.0930367354001445,-0.10017803475954609,-0.09151444878671952,-0.11020244991119268,-0.15992810611989913,0.19106699751861042,0.06017369727047146,0.0009029320465769874,0.11235871747100475,0.00914357476948026,False
2021-09-30,0.23820375093439,False,-0.09110554256521368,-0.07546329569982846,-0.06865894926877456,-0.08553495906018586,-0.12024752431087349,0.1401468788249694,0.03243574051407589,0.023716857302486183,0.13952799934790924,0.005012408665506684,False
2021-10-31,0.22601874575877312,True,-0.08952443126236666,-0.07087118108587248,-0.07949041944665465,-0.07989927903580414,-0.11358439478385621,0.12749244712990937,0.0283987915407855,0.015269038151038972,0.11835661527094042,0.0969346735337398,True
2021-11-30,0.19125108027765558,False,-0.08920751623266458,-0.05939947496342007,-0.05459185770154613,-0.06594103904964912,-0.09567869701906198,0.1001788908765653,0.022063208109719738,-0.08469690949611297,0.2620244284527582,0.0,False
2021-12-31,0.21259235210036703,True,-0.08899678036730724,-0.06815873078959292,-0.07506514040686033,-0.08223191949467454,-0.10755244313233189,0.11771630370806356,0.02766333137139494,0.003860968988072422,0.2680829989017441,0.22114202460713775,False
2022-01-31,0.21070448533017042,False,-0.08896615504466511,-0.06730614888866672,-0.06283470846610742,-0.0811468523433516,-0.10614139520558583,0.11518324607329843,0.027341477603257707,0.012903729751376325,0.27437895305876786,0.040705966765281855,False
2022-02-28,0.23352361801403226,False,-0.08841088944558173,-0.0744425226575905,-0.06889878810960724,-0.08959791585457454,-0.1171415896879942,0.14039125431530494,0.035097813578826235,0.2270528078703058,0.19789343402277024,0.004853759540443055,False
2022-03-31,0.33038414372724706,False,-0.08896516404971977,-0.10830229872386245,-0.1002198474644592,-0.11448552310548088,-0.16592804544897533,0.2021578648495173,0.07211811470755253,0.057057212906985066,0.32560582519008857,0.0037605537011826057,False
2022-04-30,0.35203716913316474,True,-0.08831307628014562,-0.11258419098368153,-0.12365263849205335,-0.12115538294361365,-0.1760892530547169,0.21055586749017405,0.08366086468276249,0.024487288592296652,0.1889134505796411,0.058953103131567146,True
2022-05-31,0.38677014766882856,False,-0.08574484014268303,-0.12351747552411185,-0.1163747110050874,-0.13219328909257966,-0.19269423891030665,0.23085460599334073,0.10432852386237514,0.06556770975884962,0.28342033985392434,0.0,False
2022-06-30,0.4104545703767562,False,-0.08554791973310556,-0.13072485710533518,-0.12282983539041141,-0.1400994639980282,-0.20369312346609061,0.23642347778387274,0.11245200219418541,-0.06724629802846194,0.18156819559049817,0.09447671694501102,False
2022-07-31,0.4514977782039257,False,-0.08555010893782386,-0.1430506990445459,-0.13269788360531046,-0.15393056607894856,-0.22319025160144268,0.255700325732899,0.13137893593919653,-0.1297674290503561,0.1643181956165383,0.0565827354457192,False
2022-08-31,0.4716474681929758,False,-0.08897309200928247,-0.14897547564707841,-0.13649912809294265,-0.16037968472122682,-0.23226003837645923,0.26541554959785524,0.13404825737265416,-0.025105421378384007,0.20704650210809392,0.0022255933868897365,False
2022-09-30,0.4166798854047119,False,-0.08880214210732623,-0.12987244989922805,-0.11991904450486482,-0.1404296296779235,-0.20440093426404582,0.23966065747614,0.10869565217391304,0.09180153570304994,0.17194466664846494,0.001168439833654581,False
2022-10-31,0.4121961517901425,True,-0.0881703054864683,-0.12783775092881203,-0.14311334823985378,-0.12531471449634696,-0.20142702706658494,0.2370214997378081,0.10749868904037756,-0.0789299302153964,0.16892813473608065,0.049354234203783647,True
2022-11-30,0.42408195365746926,True,-0.08924211797500331,-0.13106964782863448,-0.14653803804937618,-0.12157974193783473,-0.20645424447011515,0.24429460580912862,0.11203319502074689,-0.018445244814555672,0.17378737675888697,0.0,True
2022-12-31,0.4033309184985383,False,-0.08910531220797768,-0.12391349973414305,-0.1154288159899033,-0.1146055376252409,-0.19561312681463658,0.2344792201128784,0.10107747562852745,-0.0807957131639142,0.16855448764658948,0.00010633781556775566,False
