formation,long_n_names,long_effective_n,long_weight_l2,long_top1,long_top5,short_n_names,short_effective_n,short_weight_l2,short_top1,short_top5
2014-01-31,270,59.61181528764457,0.1295191025409282,0.07437772803512338,0.2026571003807759,270,36.95815495274577,0.16449202952126177,0.07611559015126677,0.2840810290810938
2014-02-28,270,35.98270162397657,0.16670672364018177,0.09742568624331374,0.29830558438241206,270,45.11092835884654,0.14888780167999216,0.0933990244744226,0.22392043617519758
2014-03-31,264,37.6296854164211,0.16301767926181435,0.1000488577894202,0.2814312875943375,264,19.188106291331334,0.2282884514853887,0.18877950367558224,0.3614731822250045
2014-04-30,263,53.3243867324765,0.13694212579433204,0.07073036951381285,0.21884022719831134,263,38.175364951360386,0.16184839657647832,0.10480181449727546,0.25866745773182154
2014-05-31,277,52.36891515330337,0.13818573450657304,0.07591483572973708,0.21993498569427067,277,13.831950967426886,0.26887986389578805,0.22927357215191002,0.43505067397454306
2014-06-30,260,49.576143206441174,0.14202461843599848,0.06324186039115719,0.234720663292135,261,14.663024959579671,0.2611489073495222,0.22562827176874856,0.4190405423333592
2014-07-31,259,33.18676773127297,0.1735871297164685,0.12900107704877556,0.2879641575189283,259,14.109648718609682,0.2662207479579631,0.20627112646906248,0.4906044219090248
2014-08-31,261,37.36477379418069,0.16359454617508587,0.10961224415416947,0.2777975117384243,261,10.709560846243765,0.30557243059933586,0.23728071538740989,0.5498955126330738
2014-09-30,261,35.559590395454514,0.16769558354571906,0.11426332095099061,0.28107293345445156,261,10.733607503604095,0.30522994949003884,0.23029187749511226,0.5866200809200031
2014-10-31,261,20.77396437061071,0.21940186189917404,0.17916823471478338,0.359255118890988,261,10.957738685978693,0.3020922127506903,0.21737782558306748,0.5897100271904382
2014-11-30,263,39.758992623524186,0.15859237901900639,0.0942320967180676,0.2623243462193002,263,10.896521558692427,0.30293960777137846,0.2409894733474132,0.5400710827697836
2014-12-31,249,44.099923084192284,0.15058478180342819,0.07800031599568293,0.2517081644759173,250,11.931678204469334,0.2895004439150918,0.25512729944784,0.4694922222675494
2015-01-31,248,36.5624885671256,0.16537967197556225,0.09499175779957682,0.30208539199172746,248,11.313169400322618,0.29730886222464686,0.26456476361019016,0.4837678161570412
2015-02-28,247,52.47832745760383,0.13804160731040493,0.06977646594167693,0.21495938231008468,247,9.75362184926391,0.32019684109664315,0.2892055184467556,0.526092038852234
2015-03-31,255,10.133332238488949,0.3141404481892444,0.2919597028566709,0.48325651630194844,255,10.631266684887658,0.30669556348530197,0.24005563850878767,0.557538288291871
2015-04-30,256,7.8462271953971525,0.3570011049511582,0.3454920068210128,0.46793326034733806,256,11.440552179946046,0.295649062963346,0.22933707673377976,0.5425120015214446
2015-05-31,256,7.585358756096185,0.36308803448006394,0.35395347177484343,0.44560065846671426,256,18.146254579915094,0.23475048612138952,0.20546132728290564,0.37838878554550076
2015-06-30,260,45.554659785612294,0.14816089616642597,0.08595635281560693,0.22893459909765104,260,33.24577938502502,0.17343300168158465,0.13074880605164693,0.2824914990105744
2015-07-31,258,48.13054614858825,0.1441416884916435,0.08778825165728713,0.2186351063061439,258,49.64901508323819,0.14192035251147533,0.05942104660630012,0.2284651280625826
2015-08-31,257,25.723102618275863,0.19716885974386889,0.13628518781496882,0.3688620382220765,257,38.26059701024766,0.16166802350056791,0.09579362005690373,0.2754159614927786
2015-09-30,260,25.92602188948472,0.19639573773807523,0.1417716648260156,0.3420757159273396,261,35.42715988192683,0.16800872319673488,0.09895796534232115,0.28059057456581377
2015-10-31,260,21.291965850238704,0.21671657053921317,0.18282564267430906,0.3444909143686871,260,38.68646714129342,0.1607757203791364,0.06857513486257774,0.26902739490751665
2015-11-30,271,19.645914430938394,0.225612872992662,0.17634143602876384,0.37760749904148866,271,39.818614562896904,0.15847360131270305,0.07906009169505464,0.26599818684513393
2015-12-31,274,14.687199724411887,0.26093389653983506,0.13782474554254426,0.5438868368204152,274,29.382585735333222,0.1844824229760026,0.09909890476275597,0.34993212223290066
2016-01-31,272,13.66663356729191,0.27050121796461774,0.14095508312472374,0.5477523497183198,272,27.60074580518888,0.19034417519087718,0.08620539683297307,0.356322059313343
2016-02-29,273,15.67324550821143,0.25259254679051113,0.16671851420601652,0.512641777577944,273,25.017441310750304,0.1999302712397077,0.1029161805530053,0.3762343445396488
2016-03-31,272,14.594000996745118,0.2617657453670404,0.17650714086761318,0.5369142664705145,272,26.153106400910332,0.19554123764810996,0.08821191196780417,0.36796725337046343
2016-04-30,271,19.823789373690463,0.22459840235166145,0.12378550284301446,0.4303550004434631,271,27.713971996499552,0.18995494906612437,0.08428328328825346,0.3506799908433491
2016-05-31,284,20.18730480072882,0.22256702966768332,0.109224311342189,0.4505715306920542,284,24.364089988877538,0.2025932178606733,0.0876455868470351,0.37017526771545456
2016-06-30,272,19.63397904651308,0.22568143696682025,0.1191287676409927,0.4629151374983853,272,28.098811188113583,0.18864966006920236,0.12246931841853327,0.3293236695749473
2016-07-31,271,26.88367714808729,0.19286599599845466,0.09924867540202663,0.3921500656185802,271,20.782316928850147,0.21935776789841877,0.15408067240567683,0.42441874943854496
2016-08-31,273,15.782588965291009,0.251716031973199,0.2324451979462234,0.3609214258016547,273,19.72031898911201,0.22518685326079957,0.17378737121762303,0.3969606005502375
2016-09-30,271,14.839013972741894,0.2595956902419805,0.23643260817160344,0.38920290209737163,271,24.144099526688876,0.20351409530206402,0.1635430399582309,0.34355692536033183
2016-10-31,270,10.39338245287579,0.31018553810999355,0.29506744634197035,0.4258583716714629,271,28.046718898202496,0.1888247720661353,0.15362583749679468,0.29276219994094455
2016-11-30,272,45.030224878720944,0.14902116082833547,0.08215023923967432,0.2766181481481351,272,26.714298822264166,0.1934764500211454,0.14202293489444884,0.3422756945012141
2016-12-31,271,45.57846397777298,0.14812220123524422,0.07245212694567141,0.2713196277177034,271,20.869976293606427,0.2188966031061532,0.13891187602915853,0.3997934443497606
2017-08-31,252,36.97341238634594,0.16445808641153414,0.08292464844817943,0.3038655855703865,252,36.89714428797071,0.16462796989105946,0.09172546611507527,0.29427091838201536
2017-09-30,251,33.271027837640304,0.17336718246462737,0.10076139883706231,0.3153947971652539,251,12.311925055379819,0.28499485409056413,0.2680835444943387,0.39228067890437646
2017-10-31,250,15.881091698141498,0.25093418130973455,0.18870259376935605,0.46193828401360854,250,13.899597995553252,0.2682247691098002,0.23850089357526216,0.4208436081824562
2017-11-30,248,17.59553238266054,0.2383959066660622,0.18110908378081225,0.4376642350562841,248,11.686293701046274,0.2925240661462794,0.20153569845534697,0.514366885390739
2017-12-31,260,18.082856469618708,0.23516164116797503,0.17563440304261518,0.43369326423864946,260,11.367063539146567,0.2966032163593087,0.21422708707429114,0.5207782308411777
2018-01-31,260,19.27831592295394,0.22775370651466403,0.1551543655559105,0.4273784669298757,260,8.63639394397938,0.3402779266207309,0.2646731359641693,0.5749334391614431
2018-02-28,258,23.80562030207495,0.20495581698559132,0.1330223443896368,0.3731962084622215,258,9.476858946672934,0.3248387208656841,0.2551482765165923,0.51975557642671
2018-03-31,259,17.802626871273887,0.23700524394922812,0.18080146097471095,0.41854883467767073,259,10.48463484639164,0.3088327475369997,0.2324248412999992,0.5431261355575348
2018-04-30,259,14.659184374996313,0.26118311453180415,0.20763231416707442,0.46044738461152046,259,10.579421813521884,0.3074461318781249,0.22439946793517787,0.5317305508234028
2018-05-31,258,15.696876197620465,0.2524023438448782,0.19995123673896428,0.44268958458035823,258,11.606536711308353,0.29352741864653786,0.21183657397143246,0.514161969668106
2018-06-30,270,11.358548930543433,0.29671436555652836,0.2631757191125334,0.4936163100686319,270,22.063660499180465,0.21289291909843944,0.13299762046720373,0.39616254742578283
2018-07-31,269,13.534832789915992,0.2718150833403086,0.23526564086006801,0.4502591082295897,270,15.957849365441907,0.2503299539023424,0.17716796898893217,0.4763474711058036
2018-08-31,270,7.090520298592059,0.3755441037231272,0.35895476210393545,0.5373115371888463,270,23.172972271899994,0.20773473916528795,0.11626762298538705,0.40519421304799835
2018-09-30,269,7.163754551024154,0.37361960014660933,0.35780554397568987,0.5298123968203108,269,22.125220056222776,0.21259654413643475,0.13295871061333797,0.3985005992431265
2018-10-31,267,10.443587686234165,0.309439065787613,0.22835621217979984,0.5329192080332025,267,21.357420047520417,0.216384229506574,0.15149327990282807,0.4096845660727201
2018-11-30,268,8.409468742291807,0.3448384780614024,0.33094391089730696,0.47015703592208585,268,24.10708742708634,0.2036702650387056,0.12233779125269259,0.3931481142022555
2018-12-31,267,8.758111768964897,0.33790510913698457,0.31014070089182716,0.5179844843800638,268,18.501349070908432,0.23248680085353207,0.1778585874965263,0.415916182733847
2019-01-31,266,14.631088492082155,0.26143376747331115,0.22270563339408375,0.4312133965461088,266,12.697701403358264,0.280632163851255,0.24799966044214092,0.4323913275481473
2019-02-28,266,48.667811718194194,0.1433438584503316,0.07120804486317799,0.2431705203301169,266,14.350008160112186,0.26398176361776393,0.16840055966013612,0.49290410080266694
2019-03-31,266,30.344717363302696,0.18153419831338102,0.1258786176956403,0.3280058127746722,265,17.700208961232292,0.23768994122453732,0.16921482631085985,0.44852747120826514
2019-04-30,266,38.795432739178196,0.16054977443547505,0.1003467943317035,0.2814480793438737,266,41.78220143148147,0.15470499666096243,0.06852517719882818,0.2677596351819124
2019-05-31,283,32.86568670305071,0.17443299775753648,0.10680799983404951,0.3222053895576706,283,9.430215374879923,0.32564108582207485,0.2919961916150122,0.530953619656139
2019-06-30,271,33.741387004454786,0.17215456147712394,0.07745180745654898,0.33111223919848015,271,26.665404599422782,0.19365374994061366,0.14365492959247564,0.33962013359850995
2019-07-31,269,13.755333697896935,0.26962765505726355,0.24153887980505345,0.4255527653559597,269,16.473826650911786,0.2463784701105194,0.2068282483340018,0.43231086104409233
2019-08-31,274,34.65056415966922,0.16988101417867948,0.09511637797772217,0.31395743136126525,274,38.77833092743258,0.16058517293376876,0.083900604241974,0.29538711013549435
2019-09-30,272,44.688242270265484,0.14959027604104178,0.0822876899726969,0.25000033068734373,272,41.32266906269986,0.15556282361768398,0.06859315821648636,0.2864697102139495
2019-10-31,271,42.44150089996969,0.15349867572809844,0.10609732513167995,0.25836326657658865,271,17.028835488648728,0.24233019124686178,0.20474356999140259,0.41422088937458473
2019-11-30,271,69.84337141538214,0.11965680501644003,0.04769101526708373,0.17389766436672016,271,13.92346684304509,0.2679947630938305,0.2352457981115007,0.4476855247232492
2019-12-31,270,5.2253956940488875,0.4374620748710523,0.4313660098761306,0.524527953582926,270,31.030914876942035,0.17951581289231325,0.10610125793149945,0.34728855709051315
2020-01-31,269,4.764454578349764,0.45813492911317655,0.4517482891323533,0.5535462551880588,269,22.70002112501806,0.2098876424180192,0.12600378766275436,0.38535520262155215
2020-02-29,268,6.555923526196999,0.39055577193084856,0.2732359069564906,0.6207879200797966,268,23.405986597557376,0.20669811877435212,0.1195069084835643,0.3970349112339564
2020-03-31,267,8.475484913323,0.34349286662648837,0.2510659028253697,0.5626632249373688,267,45.89941904312665,0.14760341503543892,0.09204790718812532,0.23823066060097325
2020-04-30,266,11.77700326549122,0.29139534001300044,0.20857248065893058,0.4733453143953104,266,36.26583696689509,0.1660546905285676,0.09967568459340344,0.2890656239791314
2020-05-31,274,9.670326500186011,0.32157289190608607,0.22654284830826288,0.5195955269391879,274,9.134968236811284,0.33086168654155934,0.3098923434877695,0.4932444791642127
2020-06-30,263,8.416066590486556,0.3447032820054739,0.21179720903393393,0.6419995471428606,263,13.769811824550123,0.2694858691688346,0.2476945812353539,0.40813773813192705
2020-07-31,262,8.535547744485502,0.3422821899837413,0.21747046912704338,0.6375536571393589,262,45.287299398241714,0.14859759765543176,0.07802810314452571,0.26188398081257136
2020-08-31,264,7.902078150046987,0.35573724697829406,0.2814531680616684,0.6006912753875283,264,13.82478276584762,0.26894956246983837,0.17770115244360013,0.48272819316022286
2020-09-30,263,8.057129613413846,0.3522977138530579,0.22969710098033025,0.6655994793285129,263,12.45799373079208,0.2833191603242135,0.18674271842594944,0.5065527802065489
2020-10-31,263,8.039283476723366,0.3526885240466803,0.27309373606743886,0.5978029189110042,263,11.704254635776532,0.29229953143546417,0.2173114153719209,0.5298067453666302
2020-11-30,264,8.141380322972275,0.3504701047693254,0.2743185380165956,0.6071248715088343,264,12.831769631688225,0.27916227116372944,0.1923462463623912,0.5156690416796028
2020-12-31,264,7.055270844816454,0.37648107917414697,0.3033880850335667,0.6572824896743176,264,11.280359616554795,0.29774092100123284,0.2088700884671753,0.5548277500217443
2021-01-31,263,6.8042105764234915,0.3833638228887474,0.30885938512764516,0.6774343039182044,263,12.177989915201257,0.28655777404919425,0.22534445998487787,0.4959932859431403
2021-02-28,264,16.547557247154494,0.24582896568847304,0.1761878272174571,0.4572283022001465,264,20.308656692722064,0.22190107232027034,0.13983366225306035,0.4067703573632313
2021-03-31,264,16.259641192031065,0.2479959115886415,0.20321350442606625,0.41126557776830525,264,20.411051594218332,0.2213437735822336,0.1598806465382962,0.39770067913339563
2021-04-30,263,10.336835198699674,0.3110328098984324,0.2965225851250125,0.4322276365273421,263,26.47086360550479,0.19436405219170594,0.09029511995372833,0.36914227202644156
2021-05-31,269,14.900457879956381,0.25905989962494125,0.23245430122276156,0.41326522840060426,269,18.977262409638207,0.22955312985812568,0.14530045956055382,0.4173957529409843
2021-06-30,235,11.666653253550773,0.29277019018291506,0.2690830787016969,0.4523445367789166,235,23.266582101206684,0.20731642219003707,0.09589069753093413,0.40657002971711215
2021-07-31,237,40.783879241548775,0.1565870108935527,0.09989282796513341,0.2749604517260071,237,23.841975833098758,0.20479949352669727,0.10362799883801303,0.399138021960261
2021-08-31,240,40.24842880903788,0.1576251577899352,0.07842825673737348,0.2764831708518587,241,42.95773969625833,0.1525735632410534,0.06619207480846302,0.2589540757181451
2021-09-30,241,39.407480874382834,0.1592981247269135,0.0887187686886158,0.28591512313758843,241,22.187518582670876,0.2122978680709364,0.11299343619854618,0.4106638723497465
2021-10-31,239,35.29626567552519,0.16831996033969307,0.08076574519859193,0.308196422002601,239,37.00941883221702,0.16437806634714303,0.09118110707558585,0.28511471265751603
2021-11-30,241,7.769438234263193,0.3587609709891038,0.33984017527277405,0.5207825846412086,241,41.966858124007395,0.15436426580717494,0.06194128017678341,0.25082297130645276
2021-12-31,241,10.109488979626843,0.3145106805949667,0.22925088090001286,0.5646304729209333,241,39.51656465782871,0.15907810495952013,0.07678669998183672,0.2975946364551245
2022-01-31,243,10.904535963657624,0.30282826296184323,0.18784883330148414,0.5809549489392483,243,40.6072332373437,0.15692722680214438,0.09230426703040981,0.27452431210656725
2022-02-28,242,21.237289314347173,0.21699536540570238,0.12933974611994314,0.4220823710435896,242,28.693627035255098,0.18668407640895662,0.1345859382429954,0.3301751022613955
2022-03-31,241,8.384284440705027,0.34535599416769647,0.32015203296375133,0.5264274015250392,241,11.884739557576683,0.29007156995085287,0.2599438093831856,0.4666852649208979
2022-04-30,241,24.8037857302988,0.20078950750958144,0.11556481534999076,0.36852183544788253,241,12.978267910773,0.27758221213639417,0.24388135984356754,0.459026929512334
2022-05-31,256,11.396222686953477,0.29622351877713005,0.2603336846674983,0.48148514490678124,256,8.996098633087835,0.3334056043659107,0.2438704978980993,0.5766709391922573
2022-06-30,236,25.47751289167407,0.19811688228946772,0.10155820149907395,0.35452287553929546,236,18.9437506956109,0.22975608121248425,0.14670585850698714,0.42303839758624534
2022-07-31,235,30.019757613887904,0.18251409501021604,0.0896338053429608,0.3182001772599545,235,19.430082778555956,0.2268624795904585,0.14306277620034188,0.40928693755769235
2022-08-31,239,17.730325306791617,0.23748798794331313,0.15613611214054904,0.4747510766549345,239,18.384067134970532,0.2332272015792108,0.14912259476493386,0.4401980090495515
2022-09-30,232,24.250514082196506,0.20306708060161918,0.13130944173370174,0.3703998783933672,232,20.758838693618326,0.2194817796019166,0.1360020410835578,0.40306449403972844
2022-10-31,232,27.65943375266222,0.19014213127025373,0.10110577362625581,0.37021153264400314,232,17.094629045999806,0.24186340323061906,0.17234118294086373,0.4429438708643685
2022-11-30,234,26.170116431796917,0.19547767845148806,0.10090012151875108,0.3808729780794017,234,32.94323662730466,0.17422756505741685,0.13464098779624142,0.2658700321785251
2022-12-31,234,27.561157840641485,0.19048082827643828,0.09957567401390431,0.36720637030145337,234,30.38335389942564,0.1814187389763725,0.12691414629526168,0.3075104397547933
2023-01-31,234,28.47468037974236,0.1874004248060535,0.11094516286053563,0.354642436440915,234,6.353691179243992,0.39672260675857984,0.38128541251897463,0.5413824429446968
2023-02-28,235,19.372039322372814,0.22720209364347319,0.17450968416174764,0.3913808580763074,235,24.900449271040166,0.2003993961176846,0.13304093177374277,0.343926252093085
2023-03-31,234,17.85969928993097,0.23662625419493072,0.1834347460624505,0.4171438051530026,234,16.710036517217254,0.244630892913025,0.21137202198441904,0.3870174477716642
2023-04-30,234,21.17826548268825,0.21729753808455166,0.16708391932922823,0.36378127567545826,235,44.62533109763536,0.14969568237639064,0.09532194576806725,0.24402188627906068
2023-05-31,249,12.378242157246378,0.2842303911298103,0.22991217306715173,0.5047944769595178,249,48.87949465958054,0.14303313129059134,0.07373573683386163,0.23873030276156396
2023-06-30,243,12.909141519838146,0.27832442406109875,0.20387645368471044,0.5254716258339149,243,51.582826583365595,0.13923468344059572,0.08206354181828737,0.22181581667606545
2023-07-31,243,10.66433586636832,0.30621967609352724,0.23990173409589624,0.5514242072872892,243,34.38211638700994,0.17054292091546353,0.08748909114708019,0.31079708983051085
2023-08-31,243,11.887293790721529,0.29004040431148687,0.22220269503527718,0.5424925220363618,243,24.053559923581965,0.20389675755040665,0.1034047246542183,0.41536250006216613
2023-09-30,243,14.206910691926199,0.26530789557931084,0.1927792490152702,0.4948828077359111,243,21.31996968892688,0.21657419486610568,0.10972022373816862,0.4411126297697941
2023-10-31,243,15.717558804038893,0.2522362220926752,0.17346661143365746,0.4811756178188435,243,17.399741657626308,0.23973343044192658,0.13727608737121716,0.4863432806750825
2023-11-30,245,10.84056532879964,0.30372044988851316,0.2348965733081919,0.562980704053332,245,20.896820536191505,0.2187559596564779,0.1224323779067878,0.4250407412533628
2023-12-31,244,9.760177417511775,0.32008929055009866,0.2519561536807176,0.596031805753121,244,24.987252818848397,0.20005100823177058,0.09638460897595091,0.3815683799251633
2024-01-31,245,13.014196949959086,0.2771987787531111,0.16768695315206197,0.5446769470402375,245,11.270404824853143,0.29787238454198495,0.2557181193757943,0.5060507782107305
2024-02-29,246,12.036196661470495,0.28824073890602103,0.20232088644892682,0.5558546733110251,246,20.830087835498105,0.21910609026699313,0.10774512357483844,0.44962327584022066
2024-03-31,246,10.989367991978364,0.3016571626109142,0.21277714218931518,0.5868392811624273,246,24.4522718741069,0.20222758337674065,0.1070033081782078,0.37946611644879924
2024-04-30,246,9.731628526379003,0.3205584567385323,0.22339498385237733,0.6314123147338822,246,25.633746023802324,0.19751221593149845,0.11164882910737989,0.36908657609583406
2024-05-31,258,8.25688991707281,0.3480100234390506,0.2678956348160608,0.6678535344191,258,20.755533722998333,0.21949925330240064,0.12440802908225881,0.44140120149946716
2024-06-30,253,6.770785951415507,0.3843089138208416,0.33655400793271345,0.6680670753519761,253,17.48989656396645,0.2391147569939734,0.16614599221111134,0.47077412687529474
2024-07-31,252,7.805052861632978,0.3579415180357771,0.3110473439757741,0.6261802462879615,252,28.026804481558734,0.18889184477589985,0.11701615630912472,0.3575699026998483
2024-08-31,253,5.549785085726202,0.42448457877784346,0.3689710172397013,0.7390083921646294,253,26.73468148978026,0.1934026822059153,0.10537853190022517,0.3719321811539469
2024-09-30,253,6.930034924404299,0.3798676310101921,0.323328646351137,0.6806725650097208,253,17.40471808947321,0.2396991551850042,0.20127383649496877,0.40475005662952285
2024-10-31,252,5.159977990383457,0.44022639204114655,0.39443308895031265,0.7105656297330702,252,19.64096334054188,0.22564130742643054,0.1745649106907105,0.41105414271354007
2024-11-30,252,4.839468835236535,0.45457039859536463,0.4119081353254205,0.7075014084509877,252,17.045405632194054,0.242212375851695,0.14445518081329714,0.4795536397650978
2024-12-31,251,3.136922124863561,0.5646094351494774,0.5579023658835462,0.6856709909753341,251,16.872587882465695,0.2434496477845277,0.154931256919157,0.4688768528099274
2025-01-31,251,7.868964781241457,0.3564849496623829,0.27755582939745166,0.6792772612148402,251,18.193909238849173,0.2344428477460706,0.14971184217364947,0.4467233568030502
2025-02-28,251,7.501556607845115,0.3651104847128574,0.29933764440449884,0.6693236475062594,251,11.267398682187043,0.29791211807725454,0.21598205510473267,0.524623018581292
2025-03-31,250,6.901503421263287,0.38065202648149926,0.36295948846648857,0.5389347022663847,250,7.478035783785086,0.3656842287782983,0.34781815346149836,0.5241634797290037
2025-04-30,249,21.976499223509403,0.21331467999405382,0.1425157000182623,0.39997880679337716,249,47.19517842179467,0.14556306240961825,0.07739703873103332,0.24641277143615106
2025-05-31,254,15.803869792010797,0.2515464997690636,0.1602808229947483,0.47532172128434813,254,33.701452228873336,0.17225652916542497,0.11021909827536135,0.3134312428137472
2025-06-30,254,16.358486734789206,0.24724552332408373,0.168610575167322,0.45797507281130023,254,42.01651023390979,0.15427303051502303,0.09439339098442807,0.26001563153182317
2025-07-31,247,13.082724173830734,0.2764718428846215,0.23348361866452175,0.47073302784762133,248,13.35127420391533,0.27367721536776346,0.22911774370602228,0.4760372889450341
2025-08-31,248,7.362512629372132,0.36854198750656325,0.32026491896365983,0.6245471969946629,248,6.794114688794741,0.3836485517675049,0.33298807014980797,0.6584923796531029
2025-09-30,247,13.696668433684696,0.27020446964133465,0.18560801617429692,0.5051687226047592,247,7.31307958213229,0.3697854766760668,0.3247216046718534,0.6215526176438564
2025-10-31,246,12.87092280187686,0.27873734386664234,0.20057931899502693,0.5098534050944804,246,7.123405377135851,0.37467625451023107,0.35687045506630055,0.5312084995708776
2025-11-30,247,12.203014609613534,0.286263801570672,0.1568304057862448,0.5742240220930724,247,18.78985242751963,0.23069507091506028,0.197940194533378,0.3611744869777717
2025-12-31,246,10.442665923670555,0.3094527224081879,0.1895277260179581,0.5871560126240148,246,8.818508214037493,0.3367459941132272,0.2977166837155913,0.5549852887836335
2026-01-31,244,12.104565889240193,0.28742556292829907,0.20473654217866621,0.4930382877321122,245,33.890369028364205,0.17177574907511328,0.08685623806845616,0.30363553656521647
2026-02-28,243,11.653619911479018,0.29293386068947197,0.21068172466914703,0.5079288216218589,243,9.87073081870508,0.31829172339020534,0.2806627920473582,0.5118973429029817
2026-03-31,243,29.138091507992968,0.18525479107909767,0.07987406549424729,0.33240970230653305,243,13.994909462573185,0.26730984457265405,0.19991517781677284,0.5111687125206175
2026-04-30,242,23.98024708948558,0.20420819807730606,0.09507798014448987,0.37857707048437694,242,9.812970010517848,0.31922710852325614,0.30093352536331386,0.45319654999962067
2026-05-31,244,11.85436966805286,0.2904429016511202,0.19331699734778596,0.56083841353478,244,28.7315742841553,0.18656075410703088,0.08969738279858785,0.3545201421458757
2026-06-30,239,12.720162032586645,0.2803842912265535,0.1980525767847937,0.5244297547948413,239,34.352553371688686,0.17061628778705612,0.09214279190437936,0.30078825019124056
2026-07-31,237,10.707005019721151,0.3056088994120463,0.24563372017229657,0.5416161539318781,237,23.259523576318834,0.20734787677073468,0.1292789803048832,0.3804319488680534
