asof,z_12-1,arg_12-1,z_6-1,arg_6-1,z_24-13,arg_24-13
2014-01-31,11.857932675040841,d10y,7.660317341393085,d10y,8.959029198235902,ig
2014-02-28,13.235641378402025,pc2,4.377289885769457,mkt,8.26682948601576,ig
2014-03-31,10.62459712801588,d10y,2.4709194404086086,usd,10.145416334908074,ig
2014-04-30,16.23797362181498,d10y,3.8801809033769534,usd,11.53132412948106,ig
2014-05-31,6.133316834476079,d10y,3.6575794884845223,usd,6.107205181360032,ig
2014-06-30,4.199460782919211,mkt,4.965888785850498,pc2,3.6133550416068863,usd
2014-07-31,9.895538926364672,wti,14.270068757867882,wti,5.682447590991572,wti
2014-08-31,6.351250857525706,wti,14.791664399981984,concentration,5.299089982905754,mkt
2014-09-30,3.677572891249932,wti,6.964140346819873,wti,7.77723186068254,mkt
2014-10-31,6.3630617694606295,usd,12.854676247348802,usd,11.965920758729673,usd
2014-11-30,13.876229497558649,wti,29.835362305293806,wti,10.802463526213769,d10y
2014-12-31,18.64859037234567,usd,36.4218072525914,usd,15.411690068876515,usd
2015-01-31,20.896586452707965,pc1,33.114379139021025,usd,16.371558055390963,pc2
2015-02-28,34.730566376183646,pc1,37.68876166952633,usd,17.119762408459977,mkt
2015-03-31,31.832359198709657,pc1,32.47865411912821,pc1,15.673779491464979,mkt
2015-04-30,31.364320095272433,pc1,27.022102153241722,pc1,20.768435159245183,d10y
2015-05-31,24.364909657084855,pc1,16.852905771035648,ig,14.90290462485746,mkt
2015-06-30,25.85716037314912,pc1,11.027783420766987,ig,14.814650069811433,mkt
2015-07-31,28.438334788802717,wti,21.036442486310385,d10y,15.293547867511872,mkt
2015-08-31,29.242768247947172,wti,16.31748980161659,usd,10.276431742736872,ig
2015-09-30,22.43152057437001,wti,12.14544140109242,wti,5.899665384843391,mkt
2015-10-31,24.276574479026404,wti,29.46041623158746,pc1,4.411537853306819,usd
2015-11-30,18.834956562316787,pc1,26.476466020260503,pc1,10.40941462889361,wti
2015-12-31,20.777061252946268,pc1,22.652243350892995,pc1,15.60870790928381,wti
2016-01-31,22.696285666667386,pc1,21.44232662071266,pc1,16.283839966560347,wti
2016-02-29,29.79571236388711,concentration,33.45898439887377,concentration,18.504142708833548,d10y
2016-03-31,36.99933906721792,concentration,27.147510717347533,concentration,19.09041306641587,usd
2016-04-30,46.26961817291632,concentration,29.274662947976918,concentration,19.6831180381382,usd
2016-05-31,45.02899378370766,concentration,26.07867474589867,pc2,20.3215899022572,usd
2016-06-30,33.20719533518686,pc2,19.387121695605902,pc2,27.614220472483716,usd
2016-07-31,38.49896339230286,concentration,15.321511115268658,wti,31.885190803585484,usd
2016-08-31,34.28089679883957,pc2,10.840009145901233,usd,30.135780559720196,usd
2016-09-30,12.758101611816194,concentration,10.938470934175895,wti,49.15877327882166,wti
2016-10-31,12.592729038651767,pc2,5.65972380734654,wti,36.47376346822028,wti
2016-11-30,23.27321587538759,pc2,9.400429486438272,pc2,24.99431205316668,concentration
2016-12-31,12.651885551529737,pc2,16.267107149635038,d10y,19.55113100219735,wti
2017-01-31,13.20772641903033,pc2,18.24574299910772,d10y,19.87407961059179,wti
2017-02-28,12.30786876564942,pc2,18.937810584188554,d10y,20.683993884172445,wti
2017-03-31,12.25242671282149,pc2,19.935820713904565,d10y,19.447441938900393,wti
2017-04-30,10.233624110705652,usd,18.606240518693966,d10y,18.10140183042501,wti
2017-05-31,9.676121810172893,usd,17.79332525516627,d10y,17.161391398168778,wti
2017-06-30,10.749554620270365,usd,13.453356922422365,d10y,15.807041745978292,wti
2017-07-31,8.360082733395254,concentration,11.882440651736012,d10y,20.606402317073233,wti
2017-08-31,21.0304848654894,d10y,-1.2771249550714385,ig,22.130463237467218,d10y
2017-09-30,29.590314530552103,concentration,46.779714214735876,pc2,10.125946083402596,d10y
2017-10-31,25.223484528076984,concentration,37.91667046273429,pc1,9.826633060175444,usd
2017-11-30,39.17236363412642,pc2,44.582322170685096,pc2,4.066089744596555,ig
2017-12-31,38.605714502514914,pc1,38.771973342630794,pc1,7.140548650449128,usd
2018-01-31,43.74912691087909,pc1,43.74912691087909,pc1,8.506441549697923,ig
2018-02-28,47.200724597187836,concentration,12.754006647275888,wti,10.924581767439042,wti
2018-03-31,46.95976915768029,concentration,9.67539703261641,pc1,6.528147926122309,ig
2018-04-30,46.507534752085064,concentration,4.764816608552085,concentration,7.064114032634437,usd
2018-05-31,51.89401277027145,concentration,3.06531872816766,concentration,7.454863480283178,pc2
2018-06-30,39.377945386089934,concentration,3.2734521690053686,usd,17.593618973378238,d10y
2018-07-31,40.70275493511609,concentration,10.999279323585238,ig,15.374318514927916,d10y
2018-08-31,7.590986829053394,usd,9.224462376187704,ig,10.711324316140143,pc2
2018-09-30,9.47363520641295,usd,7.724904740538655,usd,8.206651752815286,pc1
2018-10-31,9.549077035681723,usd,11.117266573353747,usd,11.664539910495325,pc2
2018-11-30,11.175799745443124,usd,22.055749985790253,pc1,10.027224983600586,concentration
2018-12-31,13.409104030679156,wti,23.648329875999423,wti,12.469252377488138,wti
2019-01-31,16.259619357659695,wti,24.556035865648703,wti,10.575000874090186,concentration
2019-02-28,14.66342649147452,usd,23.45577201162302,wti,15.77909457997672,concentration
2019-03-31,15.87433148429612,wti,25.848979170311743,wti,15.82529464551256,concentration
2019-04-30,21.61076110565279,wti,16.38596333816538,wti,11.674404408872904,concentration
2019-05-31,22.875093099797045,usd,5.637947389642983,concentration,15.625209008863894,concentration
2019-06-30,27.636287380274986,wti,4.9060091320216195,mkt,14.08851168627516,mkt
2019-07-31,27.286539184311515,wti,11.4488575695704,wti,12.700768578048363,concentration
2019-08-31,33.33067358036361,wti,19.31438627329222,wti,13.171061428743302,mkt
2019-09-30,44.470932346225815,pc1,35.14026859645764,wti,15.925288174955021,concentration
2019-10-31,27.751321430927327,pc1,29.09510278232493,pc1,11.778386584797698,concentration
2019-11-30,25.307427774739242,pc1,15.971709529997666,pc1,11.998018346624244,concentration
2019-12-31,22.587482596312693,pc1,22.242485856441842,pc1,21.671790526875554,pc1
2020-01-31,25.12818585374067,pc1,5.108041007876769,wti,30.299211960646552,pc1
2020-02-29,35.494271709800394,pc1,7.7293228175151985,wti,28.024877327423596,pc1
2020-03-31,12.397145323127676,d10y,6.533405342029639,d10y,12.38707257183853,pc2
2020-04-30,41.01216326894298,pc2,45.112115997551236,pc1,22.179554586998975,pc2
2020-05-31,30.482863959088238,pc1,38.901762951756304,pc1,17.186821153250555,pc2
2020-06-30,33.520028084929365,pc1,38.82164047680151,pc1,18.671221530254748,d10y
2020-07-31,35.806572337507696,pc2,40.76645883364801,pc2,20.104033882750876,d10y
2020-08-31,28.35774885974632,pc1,31.69811032884041,pc2,16.336175197234052,d10y
2020-09-30,34.35874118824196,usd,16.133672537487797,mkt,16.61067017556907,d10y
2020-10-31,33.62321344462829,pc2,7.377322557939176,d10y,10.267012747152833,d10y
2020-11-30,41.24817730874929,pc2,5.849901620341103,mkt,8.65847625583866,d10y
2020-12-31,32.25866098105666,pc2,21.004314069139337,mkt,4.53027701733863,d10y
2021-01-31,28.703157892304446,pc2,27.573135932409073,pc1,6.563082335935091,concentration
2021-02-28,24.780728321212305,pc2,25.943795366510443,pc2,11.026369382477943,pc2
2021-03-31,19.08849065354922,mkt,20.8115635937861,concentration,13.32052957256512,pc2
2021-04-30,16.26617666883177,mkt,23.78215819252969,pc1,28.106325703605233,concentration
2021-05-31,15.892656372839062,mkt,18.633746339195834,d10y,30.972308683622547,concentration
2021-06-30,19.023702772142943,concentration,24.243543930379346,d10y,31.836796409834776,concentration
2021-07-31,19.50134580603465,pc1,18.773437476963935,d10y,29.11724069483152,concentration
2021-08-31,14.005433976878278,pc1,7.539170362900224,mkt,26.197719973682105,pc2
2021-09-30,16.15458772149289,pc1,7.481327037412963,concentration,27.174045298716365,pc2
2021-10-31,16.51781371129931,pc1,3.6875763382617563,usd,26.87893249379548,pc2
2021-11-30,12.883536075474716,d10y,8.697175148977463,concentration,22.02105077566295,concentration
2021-12-31,9.420357354328601,d10y,12.196615690921973,usd,19.74181276491636,concentration
2022-01-31,12.053558217082433,mkt,15.600083203466777,usd,23.993287717231905,mkt
2022-02-28,25.333079859197674,mkt,34.071983900969705,mkt,24.98832777587803,mkt
2022-03-31,20.024890469776626,mkt,34.26224282010028,mkt,37.746682851835956,mkt
2022-04-30,15.015811984415993,mkt,26.82504234397279,mkt,18.4627178537748,mkt
2022-05-31,33.25509852420701,mkt,46.19632965023608,mkt,22.555726220934144,mkt
2022-06-30,36.438146744604765,mkt,39.20868253647116,mkt,18.56663163432471,d10y
2022-07-31,35.405778295638484,mkt,27.42028586344124,mkt,22.409165084386103,usd
2022-08-31,34.253028068048984,mkt,23.940922287132388,mkt,20.507840898170087,usd
2022-09-30,33.53801909752716,mkt,19.234778434685,mkt,15.974497204779565,usd
2022-10-31,36.34163078202681,mkt,12.18390969818386,usd,19.55583108820037,pc1
2022-11-30,34.026053023793985,mkt,14.428302756302418,usd,13.109046295762864,wti
2022-12-31,31.03589347493612,mkt,7.574545779627571,d10y,9.337981135981755,wti
