observation_date,NFCI,NFCICREDIT
1971-01-08,0.598,-1.115
1971-01-15,0.631,-1.117
1971-01-22,0.668,-1.120
1971-01-29,0.709,-1.125
1971-02-05,0.752,-1.132
1971-02-12,0.795,-1.142
1971-02-19,0.837,-1.156
1971-02-26,0.878,-1.173
1971-03-05,0.921,-1.195
1971-03-12,0.966,-1.221
1971-03-19,1.017,-1.253
1971-03-26,1.076,-1.290
1971-04-02,1.143,-1.332
1971-04-09,1.217,-1.379
1971-04-16,1.293,-1.430
1971-04-23,1.364,-1.483
1971-04-30,1.425,-1.539
1971-05-07,1.465,-1.594
1971-05-14,1.477,-1.649
1971-05-21,1.456,-1.701
1971-05-28,1.403,-1.749
1971-06-04,1.322,-1.792
1971-06-11,1.222,-1.829
1971-06-18,1.118,-1.859
1971-06-25,1.028,-1.881
1971-07-02,0.969,-1.894
1971-07-09,0.956,-1.899
1971-07-16,0.998,-1.894
1971-07-23,1.099,-1.881
1971-07-30,1.253,-1.859
1971-08-06,1.445,-1.829
1971-08-13,1.656,-1.792
1971-08-20,1.862,-1.750
1971-08-27,2.038,-1.704
1971-09-03,2.169,-1.656
1971-09-10,2.239,-1.607
1971-09-17,2.248,-1.560
1971-09-24,2.200,-1.515
1971-10-01,2.105,-1.474
1971-10-08,1.978,-1.439
1971-10-15,1.837,-1.410
1971-10-22,1.698,-1.388
1971-10-29,1.575,-1.373
1971-11-05,1.479,-1.367
1971-11-12,1.413,-1.368
1971-11-19,1.376,-1.378
1971-11-26,1.361,-1.395
1971-12-03,1.361,-1.419
1971-12-10,1.365,-1.450
1971-12-17,1.364,-1.486
1971-12-24,1.349,-1.527
1971-12-31,1.317,-1.573
1972-01-07,1.258,-1.622
1972-01-14,1.182,-1.673
1972-01-21,1.090,-1.726
1972-01-28,0.988,-1.779
1972-02-04,0.884,-1.832
1972-02-11,0.783,-1.884
1972-02-18,0.690,-1.934
1972-02-25,0.607,-1.981
1972-03-03,0.536,-2.026
1972-03-10,0.476,-2.067
1972-03-17,0.426,-2.105
1972-03-24,0.381,-2.139
1972-03-31,0.339,-2.170
1972-04-07,0.295,-2.197
1972-04-14,0.250,-2.221
1972-04-21,0.201,-2.242
1972-04-28,0.152,-2.260
1972-05-05,0.107,-2.277
1972-05-12,0.069,-2.293
1972-05-19,0.042,-2.308
1972-05-26,0.032,-2.323
1972-06-02,0.039,-2.339
1972-06-09,0.065,-2.357
1972-06-16,0.106,-2.377
1972-06-23,0.159,-2.399
1972-06-30,0.215,-2.424
1972-07-07,0.268,-2.452
1972-07-14,0.309,-2.483
1972-07-21,0.334,-2.516
1972-07-28,0.337,-2.552
1972-08-04,0.318,-2.590
1972-08-11,0.279,-2.630
1972-08-18,0.224,-2.670
1972-08-25,0.158,-2.710
1972-09-01,0.088,-2.749
1972-09-08,0.023,-2.786
1972-09-15,-0.034,-2.821
1972-09-22,-0.080,-2.853
1972-09-29,-0.113,-2.881
1972-10-06,-0.136,-2.906
1972-10-13,-0.153,-2.927
1972-10-20,-0.165,-2.944
1972-10-27,-0.178,-2.959
1972-11-03,-0.192,-2.972
1972-11-10,-0.210,-2.983
1972-11-17,-0.230,-2.993
1972-11-24,-0.252,-3.002
1972-12-01,-0.270,-3.012
1972-12-08,-0.281,-3.021
1972-12-15,-0.279,-3.030
1972-12-22,-0.258,-3.040
1972-12-29,-0.212,-3.050
1973-01-05,-0.139,-3.060
1973-01-12,-0.037,-3.070
1973-01-19,0.092,-3.081
1973-01-26,0.245,-3.091
1973-02-02,0.414,-3.101
1973-02-09,0.590,-3.111
1973-02-16,0.760,-3.119
1973-02-23,0.916,-3.126
1973-03-02,1.048,-3.132
1973-03-09,1.150,-3.135
1973-03-16,1.222,-3.136
1973-03-23,1.264,-3.134
1973-03-30,1.281,-3.130
1973-04-06,1.278,-3.123
1973-04-13,1.261,-3.112
1973-04-20,1.235,-3.099
1973-04-27,1.207,-3.082
1973-05-04,1.179,-3.061
1973-05-11,1.154,-3.036
1973-05-18,1.135,-3.005
1973-05-25,1.124,-2.969
1973-06-01,1.124,-2.927
1973-06-08,1.138,-2.877
1973-06-15,1.168,-2.818
1973-06-22,1.216,-2.752
1973-06-29,1.285,-2.677
1973-07-06,1.374,-2.594
1973-07-13,1.480,-2.502
1973-07-20,1.601,-2.402
1973-07-27,1.731,-2.294
1973-08-03,1.864,-2.180
1973-08-10,1.994,-2.060
1973-08-17,2.115,-1.935
1973-08-24,2.223,-1.808
1973-08-31,2.311,-1.678
1973-09-07,2.375,-1.549
1973-09-14,2.413,-1.423
1973-09-21,2.426,-1.301
1973-09-28,2.415,-1.186
1973-10-05,2.382,-1.081
1973-10-12,2.336,-0.987
1973-10-19,2.282,-0.905
1973-10-26,2.230,-0.836
1973-11-02,2.186,-0.780
1973-11-09,2.152,-0.736
1973-11-16,2.130,-0.704
1973-11-23,2.113,-0.683
1973-11-30,2.092,-0.670
1973-12-07,2.054,-0.665
1973-12-14,1.991,-0.667
1973-12-21,1.897,-0.674
1973-12-28,1.768,-0.686
1974-01-04,1.607,-0.703
1974-01-11,1.424,-0.723
1974-01-18,1.228,-0.745
1974-01-25,1.031,-0.770
1974-02-01,0.847,-0.795
1974-02-08,0.686,-0.820
1974-02-15,0.560,-0.842
1974-02-22,0.475,-0.862
1974-03-01,0.439,-0.876
1974-03-08,0.454,-0.884
1974-03-15,0.523,-0.885
1974-03-22,0.644,-0.878
1974-03-29,0.814,-0.862
1974-04-05,1.031,-0.839
1974-04-12,1.288,-0.808
1974-04-19,1.581,-0.770
1974-04-26,1.902,-0.725
1974-05-03,2.245,-0.674
1974-05-10,2.604,-0.617
1974-05-17,2.972,-0.557
1974-05-24,3.340,-0.492
1974-05-31,3.699,-0.423
1974-06-07,4.043,-0.352
1974-06-14,4.360,-0.279
1974-06-21,4.642,-0.206
1974-06-28,4.877,-0.132
1974-07-05,5.055,-0.059
1974-07-12,5.171,0.011
1974-07-19,5.222,0.080
1974-07-26,5.215,0.146
1974-08-02,5.158,0.210
1974-08-09,5.061,0.271
1974-08-16,4.938,0.332
1974-08-23,4.796,0.391
1974-08-30,4.647,0.451
1974-09-06,4.492,0.509
1974-09-13,4.334,0.567
1974-09-20,4.173,0.621
1974-09-27,4.005,0.672
1974-10-04,3.830,0.718
1974-10-11,3.648,0.756
1974-10-18,3.466,0.786
1974-10-25,3.294,0.806
1974-11-01,3.137,0.815
1974-11-08,3.004,0.813
1974-11-15,2.895,0.801
1974-11-22,2.808,0.778
1974-11-29,2.739,0.745
1974-12-06,2.677,0.701
1974-12-13,2.613,0.648
1974-12-20,2.541,0.584
1974-12-27,2.452,0.511
1975-01-03,2.343,0.427
1975-01-10,2.211,0.334
1975-01-17,2.063,0.232
1975-01-24,1.903,0.121
1975-01-31,1.738,0.002
1975-02-07,1.573,-0.123
1975-02-14,1.416,-0.252
1975-02-21,1.268,-0.384
1975-02-28,1.131,-0.517
1975-03-07,1.005,-0.649
1975-03-14,0.890,-0.779
1975-03-21,0.782,-0.904
1975-03-28,0.681,-1.024
1975-04-04,0.582,-1.136
1975-04-11,0.486,-1.240
1975-04-18,0.390,-1.336
1975-04-25,0.296,-1.422
1975-05-02,0.206,-1.500
1975-05-09,0.121,-1.569
1975-05-16,0.044,-1.630
1975-05-23,-0.023,-1.684
1975-05-30,-0.078,-1.732
1975-06-06,-0.120,-1.774
1975-06-13,-0.149,-1.811
1975-06-20,-0.167,-1.844
1975-06-27,-0.175,-1.875
1975-07-04,-0.176,-1.903
1975-07-11,-0.173,-1.928
1975-07-18,-0.167,-1.952
1975-07-25,-0.159,-1.973
1975-08-01,-0.150,-1.991
1975-08-08,-0.137,-2.006
1975-08-15,-0.120,-2.016
1975-08-22,-0.100,-2.021
1975-08-29,-0.074,-2.021
1975-09-05,-0.044,-2.017
1975-09-12,-0.011,-2.007
1975-09-19,0.024,-1.994
1975-09-26,0.059,-1.979
1975-10-03,0.091,-1.962
1975-10-10,0.118,-1.946
1975-10-17,0.138,-1.932
1975-10-24,0.150,-1.921
1975-10-31,0.154,-1.913
1975-11-07,0.147,-1.908
1975-11-14,0.130,-1.907
1975-11-21,0.102,-1.908
1975-11-28,0.063,-1.912
1975-12-05,0.013,-1.917
1975-12-12,-0.047,-1.924
1975-12-19,-0.115,-1.932
1975-12-26,-0.187,-1.942
1976-01-02,-0.263,-1.953
1976-01-09,-0.338,-1.966
1976-01-16,-0.410,-1.981
1976-01-23,-0.476,-1.998
1976-01-30,-0.535,-2.017
1976-02-06,-0.587,-2.037
1976-02-13,-0.630,-2.057
1976-02-20,-0.666,-2.078
1976-02-27,-0.696,-2.098
1976-03-05,-0.718,-2.118
1976-03-12,-0.734,-2.136
1976-03-19,-0.743,-2.153
1976-03-26,-0.744,-2.169
1976-04-02,-0.737,-2.184
1976-04-09,-0.721,-2.197
1976-04-16,-0.697,-2.210
1976-04-23,-0.665,-2.222
1976-04-30,-0.628,-2.232
1976-05-07,-0.588,-2.241
1976-05-14,-0.548,-2.247
1976-05-21,-0.512,-2.251
1976-05-28,-0.484,-2.251
1976-06-04,-0.466,-2.247
1976-06-11,-0.459,-2.240
1976-06-18,-0.463,-2.228
1976-06-25,-0.477,-2.213
1976-07-02,-0.500,-2.194
1976-07-09,-0.529,-2.171
1976-07-16,-0.561,-2.146
1976-07-23,-0.593,-2.119
1976-07-30,-0.624,-2.089
1976-08-06,-0.652,-2.057
1976-08-13,-0.676,-2.023
1976-08-20,-0.695,-1.988
1976-08-27,-0.709,-1.952
1976-09-03,-0.719,-1.914
1976-09-10,-0.724,-1.876
1976-09-17,-0.726,-1.838
1976-09-24,-0.726,-1.801
1976-10-01,-0.722,-1.764
1976-10-08,-0.716,-1.730
1976-10-15,-0.708,-1.698
1976-10-22,-0.700,-1.669
1976-10-29,-0.690,-1.644
1976-11-05,-0.681,-1.623
1976-11-12,-0.673,-1.606
1976-11-19,-0.668,-1.594
1976-11-26,-0.667,-1.587
1976-12-03,-0.673,-1.586
1976-12-10,-0.685,-1.591
1976-12-17,-0.704,-1.602
1976-12-24,-0.730,-1.619
1976-12-31,-0.762,-1.641
1977-01-07,-0.798,-1.667
1977-01-14,-0.835,-1.696
1977-01-21,-0.870,-1.726
1977-01-28,-0.901,-1.757
1977-02-04,-0.926,-1.786
1977-02-11,-0.942,-1.813
1977-02-18,-0.949,-1.836
1977-02-25,-0.946,-1.855
1977-03-04,-0.934,-1.869
1977-03-11,-0.914,-1.877
1977-03-18,-0.886,-1.880
1977-03-25,-0.853,-1.878
1977-04-01,-0.816,-1.870
1977-04-08,-0.776,-1.857
1977-04-15,-0.734,-1.839
1977-04-22,-0.692,-1.816
1977-04-29,-0.651,-1.789
1977-05-06,-0.612,-1.758
1977-05-13,-0.576,-1.725
1977-05-20,-0.546,-1.689
1977-05-27,-0.521,-1.651
1977-06-03,-0.504,-1.613
1977-06-10,-0.493,-1.576
1977-06-17,-0.488,-1.540
1977-06-24,-0.488,-1.505
1977-07-01,-0.492,-1.474
1977-07-08,-0.498,-1.446
1977-07-15,-0.504,-1.422
1977-07-22,-0.509,-1.402
1977-07-29,-0.512,-1.385
1977-08-05,-0.510,-1.372
1977-08-12,-0.505,-1.361
1977-08-19,-0.496,-1.353
1977-08-26,-0.484,-1.347
1977-09-02,-0.469,-1.342
1977-09-09,-0.450,-1.337
1977-09-16,-0.427,-1.333
1977-09-23,-0.402,-1.328
1977-09-30,-0.374,-1.321
1977-10-07,-0.346,-1.313
1977-10-14,-0.317,-1.303
1977-10-21,-0.290,-1.290
1977-10-28,-0.266,-1.273
1977-11-04,-0.244,-1.252
1977-11-11,-0.228,-1.226
1977-11-18,-0.217,-1.194
1977-11-25,-0.211,-1.157
1977-12-02,-0.212,-1.113
1977-12-09,-0.217,-1.063
1977-12-16,-0.228,-1.006
1977-12-23,-0.241,-0.945
1977-12-30,-0.257,-0.879
1978-01-06,-0.273,-0.810
1978-01-13,-0.286,-0.740
1978-01-20,-0.294,-0.669
1978-01-27,-0.296,-0.600
1978-02-03,-0.290,-0.533
1978-02-10,-0.275,-0.470
1978-02-17,-0.250,-0.411
1978-02-24,-0.217,-0.356
1978-03-03,-0.176,-0.306
1978-03-10,-0.128,-0.260
1978-03-17,-0.075,-0.218
1978-03-24,-0.018,-0.180
1978-03-31,0.042,-0.145
1978-04-07,0.104,-0.114
1978-04-14,0.167,-0.085
1978-04-21,0.231,-0.060
1978-04-28,0.295,-0.038
1978-05-05,0.358,-0.018
1978-05-12,0.419,-0.001
1978-05-19,0.476,0.014
1978-05-26,0.527,0.028
1978-06-02,0.572,0.041
1978-06-09,0.609,0.053
1978-06-16,0.636,0.066
1978-06-23,0.652,0.080
1978-06-30,0.656,0.095
1978-07-07,0.649,0.110
1978-07-14,0.630,0.127
1978-07-21,0.604,0.144
1978-07-28,0.571,0.161
1978-08-04,0.537,0.178
1978-08-11,0.506,0.194
1978-08-18,0.485,0.211
1978-08-25,0.481,0.227
1978-09-01,0.501,0.243
1978-09-08,0.550,0.259
1978-09-15,0.632,0.277
1978-09-22,0.746,0.295
1978-09-29,0.891,0.315
1978-10-06,1.058,0.335
1978-10-13,1.241,0.357
1978-10-20,1.428,0.379
1978-10-27,1.607,0.402
1978-11-03,1.765,0.425
1978-11-10,1.894,0.447
1978-11-17,1.987,0.470
1978-11-24,2.037,0.491
1978-12-01,2.046,0.513
1978-12-08,2.015,0.534
1978-12-15,1.949,0.554
1978-12-22,1.852,0.573
1978-12-29,1.731,0.591
1979-01-05,1.593,0.607
1979-01-12,1.443,0.622
1979-01-19,1.289,0.634
1979-01-26,1.135,0.643
1979-02-02,0.987,0.651
1979-02-09,0.848,0.657
1979-02-16,0.721,0.662
1979-02-23,0.606,0.667
1979-03-02,0.506,0.673
1979-03-09,0.421,0.682
1979-03-16,0.353,0.694
1979-03-23,0.301,0.708
1979-03-30,0.264,0.727
1979-04-06,0.243,0.750
1979-04-13,0.236,0.776
1979-04-20,0.243,0.806
1979-04-27,0.263,0.839
1979-05-04,0.294,0.876
1979-05-11,0.337,0.916
1979-05-18,0.390,0.958
1979-05-25,0.451,1.003
1979-06-01,0.521,1.048
1979-06-08,0.596,1.095
1979-06-15,0.676,1.140
1979-06-22,0.756,1.184
1979-06-29,0.838,1.226
1979-07-06,0.919,1.264
1979-07-13,1.000,1.299
1979-07-20,1.083,1.331
1979-07-27,1.170,1.360
1979-08-03,1.262,1.386
1979-08-10,1.361,1.412
1979-08-17,1.468,1.436
1979-08-24,1.582,1.462
1979-08-31,1.702,1.489
1979-09-07,1.826,1.518
1979-09-14,1.953,1.549
1979-09-21,2.078,1.582
1979-09-28,2.197,1.616
1979-10-05,2.304,1.652
1979-10-12,2.395,1.688
1979-10-19,2.465,1.724
1979-10-26,2.510,1.760
1979-11-02,2.528,1.793
1979-11-09,2.513,1.824
1979-11-16,2.470,1.853
1979-11-23,2.399,1.878
1979-11-30,2.308,1.899
1979-12-07,2.202,1.918
1979-12-14,2.091,1.935
1979-12-21,1.984,1.951
1979-12-28,1.887,1.968
1980-01-04,1.810,1.988
1980-01-11,1.762,2.014
1980-01-18,1.750,2.049
1980-01-25,1.783,2.094
1980-02-01,1.866,2.154
1980-02-08,2.002,2.229
1980-02-15,2.188,2.322
1980-02-22,2.421,2.431
1980-02-29,2.690,2.555
1980-03-07,2.977,2.691
1980-03-14,3.265,2.834
1980-03-21,3.532,2.978
1980-03-28,3.754,3.115
1980-04-04,3.918,3.238
1980-04-11,4.006,3.342
1980-04-18,4.013,3.420
1980-04-25,3.940,3.467
1980-05-02,3.791,3.481
1980-05-09,3.578,3.461
1980-05-16,3.318,3.407
1980-05-23,3.023,3.322
1980-05-30,2.709,3.209
1980-06-06,2.390,3.075
1980-06-13,2.078,2.923
1980-06-20,1.779,2.760
1980-06-27,1.505,2.593
1980-07-04,1.268,2.427
1980-07-11,1.072,2.269
1980-07-18,0.926,2.124
1980-07-25,0.826,1.995
1980-08-01,0.773,1.885
1980-08-08,0.760,1.797
1980-08-15,0.779,1.730
1980-08-22,0.821,1.684
1980-08-29,0.882,1.659
1980-09-05,0.955,1.652
1980-09-12,1.035,1.663
1980-09-19,1.124,1.688
1980-09-26,1.223,1.727
1980-10-03,1.335,1.775
1980-10-10,1.462,1.833
1980-10-17,1.614,1.897
1980-10-24,1.789,1.966
1980-10-31,1.988,2.039
1980-11-07,2.207,2.114
1980-11-14,2.434,2.190
1980-11-21,2.662,2.266
1980-11-28,2.880,2.341
1980-12-05,3.065,2.414
1980-12-12,3.207,2.483
1980-12-19,3.300,2.547
1980-12-26,3.326,2.604
1981-01-02,3.292,2.654
1981-01-09,3.201,2.693
1981-01-16,3.064,2.723
1981-01-23,2.892,2.741
1981-01-30,2.700,2.748
1981-02-06,2.498,2.744
1981-02-13,2.301,2.730
1981-02-20,2.124,2.709
1981-02-27,1.965,2.681
1981-03-06,1.837,2.649
1981-03-13,1.743,2.616
1981-03-20,1.685,2.583
1981-03-27,1.665,2.554
1981-04-03,1.683,2.531
1981-04-10,1.734,2.515
1981-04-17,1.819,2.509
1981-04-24,1.928,2.511
1981-05-01,2.057,2.522
1981-05-08,2.205,2.539
1981-05-15,2.366,2.561
1981-05-22,2.532,2.585
1981-05-29,2.706,2.609
1981-06-05,2.876,2.630
1981-06-12,3.040,2.648
1981-06-19,3.190,2.662
1981-06-26,3.318,2.672
1981-07-03,3.420,2.679
1981-07-10,3.492,2.687
1981-07-17,3.533,2.695
1981-07-24,3.541,2.706
1981-07-31,3.524,2.722
1981-08-07,3.481,2.743
1981-08-14,3.419,2.769
1981-08-21,3.345,2.801
1981-08-28,3.268,2.839
1981-09-04,3.189,2.883
1981-09-11,3.118,2.931
1981-09-18,3.051,2.983
1981-09-25,2.988,3.038
1981-10-02,2.933,3.094
1981-10-09,2.878,3.149
1981-10-16,2.825,3.201
1981-10-23,2.770,3.248
1981-10-30,2.710,3.288
1981-11-06,2.641,3.319
1981-11-13,2.563,3.341
1981-11-20,2.477,3.352
1981-11-27,2.389,3.352
1981-12-04,2.303,3.344
1981-12-11,2.220,3.330
1981-12-18,2.143,3.312
1981-12-25,2.074,3.292
1982-01-01,2.012,3.273
1982-01-08,1.961,3.257
1982-01-15,1.926,3.245
1982-01-22,1.906,3.237
1982-01-29,1.906,3.234
1982-02-05,1.917,3.234
1982-02-12,1.941,3.237
1982-02-19,1.972,3.240
1982-02-26,2.006,3.243
1982-03-05,2.037,3.245
1982-03-12,2.063,3.244
1982-03-19,2.087,3.242
1982-03-26,2.108,3.237
1982-04-02,2.127,3.230
1982-04-09,2.149,3.221
1982-04-16,2.178,3.210
1982-04-23,2.214,3.196
1982-04-30,2.263,3.181
1982-05-07,2.326,3.163
1982-05-14,2.404,3.143
1982-05-21,2.497,3.123
1982-05-28,2.596,3.101
1982-06-04,2.694,3.080
1982-06-11,2.786,3.060
1982-06-18,2.864,3.042
1982-06-25,2.923,3.027
1982-07-02,2.962,3.014
1982-07-09,2.986,3.002
1982-07-16,3.000,2.991
1982-07-23,3.018,2.980
1982-07-30,3.049,2.967
1982-08-06,3.101,2.951
1982-08-13,3.174,2.931
1982-08-20,3.261,2.906
1982-08-27,3.351,2.876
1982-09-03,3.427,2.841
1982-09-10,3.471,2.800
1982-09-17,3.465,2.755
1982-09-24,3.393,2.705
1982-10-01,3.249,2.651
1982-10-08,3.037,2.593
1982-10-15,2.771,2.531
1982-10-22,2.471,2.465
1982-10-29,2.160,2.396
1982-11-05,1.858,2.322
1982-11-12,1.580,2.244
1982-11-19,1.337,2.163
1982-11-26,1.132,2.079
1982-12-03,0.965,1.991
1982-12-10,0.830,1.902
1982-12-17,0.719,1.811
1982-12-24,0.623,1.721
1982-12-31,0.536,1.631
1983-01-07,0.455,1.543
1983-01-14,0.379,1.457
1983-01-21,0.308,1.374
1983-01-28,0.243,1.294
1983-02-04,0.185,1.218
1983-02-11,0.136,1.145
1983-02-18,0.096,1.074
1983-02-25,0.067,1.006
1983-03-04,0.046,0.939
1983-03-11,0.032,0.872
1983-03-18,0.023,0.807
1983-03-25,0.013,0.742
1983-04-01,0.002,0.678
1983-04-08,-0.014,0.616
1983-04-15,-0.036,0.555
1983-04-22,-0.062,0.497
1983-04-29,-0.092,0.442
1983-05-06,-0.123,0.391
1983-05-13,-0.151,0.344
1983-05-20,-0.173,0.301
1983-05-27,-0.189,0.263
1983-06-03,-0.195,0.229
1983-06-10,-0.194,0.200
1983-06-17,-0.186,0.177
1983-06-24,-0.172,0.159
1983-07-01,-0.153,0.147
1983-07-08,-0.133,0.140
1983-07-15,-0.114,0.139
1983-07-22,-0.097,0.142
1983-07-29,-0.084,0.151
1983-08-05,-0.077,0.164
1983-08-12,-0.075,0.180
1983-08-19,-0.077,0.198
1983-08-26,-0.083,0.219
1983-09-02,-0.089,0.239
1983-09-09,-0.093,0.260
1983-09-16,-0.095,0.279
1983-09-23,-0.092,0.296
1983-09-30,-0.082,0.310
1983-10-07,-0.066,0.321
1983-10-14,-0.045,0.328
1983-10-21,-0.018,0.331
1983-10-28,0.009,0.330
1983-11-04,0.037,0.326
1983-11-11,0.063,0.317
1983-11-18,0.084,0.305
1983-11-25,0.100,0.289
1983-12-02,0.109,0.270
1983-12-09,0.111,0.249
1983-12-16,0.103,0.224
1983-12-23,0.087,0.198
1983-12-30,0.060,0.168
1984-01-06,0.026,0.137
1984-01-13,-0.013,0.103
1984-01-20,-0.055,0.066
1984-01-27,-0.096,0.028
1984-02-03,-0.133,-0.012
1984-02-10,-0.163,-0.052
1984-02-17,-0.184,-0.092
1984-02-24,-0.194,-0.131
1984-03-02,-0.192,-0.168
1984-03-09,-0.175,-0.201
1984-03-16,-0.143,-0.230
1984-03-23,-0.095,-0.253
1984-03-30,-0.029,-0.271
1984-04-06,0.053,-0.282
1984-04-13,0.150,-0.288
1984-04-20,0.260,-0.287
1984-04-27,0.382,-0.280
1984-05-04,0.511,-0.267
1984-05-11,0.642,-0.248
1984-05-18,0.771,-0.223
1984-05-25,0.891,-0.191
1984-06-01,0.999,-0.154
1984-06-08,1.088,-0.110
1984-06-15,1.157,-0.061
1984-06-22,1.201,-0.008
1984-06-29,1.218,0.048
1984-07-06,1.205,0.106
1984-07-13,1.163,0.164
1984-07-20,1.097,0.221
1984-07-27,1.015,0.273
1984-08-03,0.923,0.322
1984-08-10,0.829,0.363
1984-08-17,0.738,0.398
1984-08-24,0.653,0.426
1984-08-31,0.575,0.447
1984-09-07,0.505,0.461
1984-09-14,0.442,0.469
1984-09-21,0.382,0.471
1984-09-28,0.324,0.467
1984-10-05,0.268,0.459
1984-10-12,0.213,0.447
1984-10-19,0.158,0.430
1984-10-26,0.107,0.409
1984-11-02,0.058,0.384
1984-11-09,0.012,0.354
1984-11-16,-0.032,0.321
1984-11-23,-0.075,0.283
1984-11-30,-0.117,0.242
1984-12-07,-0.158,0.199
1984-12-14,-0.200,0.154
1984-12-21,-0.241,0.109
1984-12-28,-0.280,0.065
1985-01-04,-0.318,0.024
1985-01-11,-0.350,-0.013
1985-01-18,-0.373,-0.045
1985-01-25,-0.387,-0.071
1985-02-01,-0.391,-0.090
1985-02-08,-0.384,-0.102
1985-02-15,-0.368,-0.106
1985-02-22,-0.348,-0.104
1985-03-01,-0.325,-0.094
1985-03-08,-0.303,-0.078
1985-03-15,-0.285,-0.057
1985-03-22,-0.272,-0.032
1985-03-29,-0.267,-0.005
1985-04-05,-0.271,0.022
1985-04-12,-0.285,0.048
1985-04-19,-0.306,0.071
1985-04-26,-0.333,0.089
1985-05-03,-0.362,0.100
1985-05-10,-0.393,0.104
1985-05-17,-0.421,0.100
1985-05-24,-0.443,0.088
1985-05-31,-0.459,0.067
1985-06-07,-0.467,0.038
1985-06-14,-0.466,0.003
1985-06-21,-0.456,-0.036
1985-06-28,-0.438,-0.079
1985-07-05,-0.414,-0.124
1985-07-12,-0.385,-0.168
1985-07-19,-0.351,-0.210
1985-07-26,-0.314,-0.249
1985-08-02,-0.276,-0.284
1985-08-09,-0.238,-0.314
1985-08-16,-0.201,-0.339
1985-08-23,-0.168,-0.360
1985-08-30,-0.143,-0.376
1985-09-06,-0.126,-0.388
1985-09-13,-0.119,-0.395
1985-09-20,-0.124,-0.399
1985-09-27,-0.140,-0.400
1985-10-04,-0.165,-0.398
1985-10-11,-0.198,-0.394
1985-10-18,-0.234,-0.388
1985-10-25,-0.268,-0.382
1985-11-01,-0.299,-0.375
1985-11-08,-0.321,-0.368
1985-11-15,-0.334,-0.363
1985-11-22,-0.336,-0.359
1985-11-29,-0.329,-0.358
1985-12-06,-0.316,-0.359
1985-12-13,-0.298,-0.362
1985-12-20,-0.280,-0.369
1985-12-27,-0.263,-0.377
1986-01-03,-0.251,-0.388
1986-01-10,-0.245,-0.400
1986-01-17,-0.243,-0.413
1986-01-24,-0.247,-0.425
1986-01-31,-0.256,-0.438
1986-02-07,-0.266,-0.451
1986-02-14,-0.277,-0.463
1986-02-21,-0.286,-0.475
1986-02-28,-0.295,-0.486
1986-03-07,-0.302,-0.498
1986-03-14,-0.309,-0.510
1986-03-21,-0.318,-0.522
1986-03-28,-0.330,-0.534
1986-04-04,-0.347,-0.545
1986-04-11,-0.369,-0.556
1986-04-18,-0.392,-0.566
1986-04-25,-0.417,-0.573
1986-05-02,-0.439,-0.576
1986-05-09,-0.457,-0.575
1986-05-16,-0.468,-0.569
1986-05-23,-0.473,-0.558
1986-05-30,-0.471,-0.542
1986-06-06,-0.464,-0.522
1986-06-13,-0.454,-0.498
1986-06-20,-0.445,-0.473
1986-06-27,-0.439,-0.449
1986-07-04,-0.440,-0.426
1986-07-11,-0.449,-0.407
1986-07-18,-0.465,-0.393
1986-07-25,-0.488,-0.384
1986-08-01,-0.514,-0.381
1986-08-08,-0.540,-0.382
1986-08-15,-0.562,-0.389
1986-08-22,-0.577,-0.398
1986-08-29,-0.584,-0.409
1986-09-05,-0.583,-0.420
1986-09-12,-0.574,-0.428
1986-09-19,-0.561,-0.433
1986-09-26,-0.548,-0.434
1986-10-03,-0.537,-0.428
1986-10-10,-0.531,-0.417
1986-10-17,-0.530,-0.401
1986-10-24,-0.533,-0.379
1986-10-31,-0.538,-0.353
1986-11-07,-0.545,-0.324
1986-11-14,-0.550,-0.294
1986-11-21,-0.551,-0.263
1986-11-28,-0.548,-0.232
1986-12-05,-0.541,-0.203
1986-12-12,-0.531,-0.177
1986-12-19,-0.519,-0.153
1986-12-26,-0.506,-0.132
1987-01-02,-0.496,-0.115
1987-01-09,-0.489,-0.102
1987-01-16,-0.484,-0.094
1987-01-23,-0.482,-0.090
1987-01-30,-0.481,-0.090
1987-02-06,-0.479,-0.095
1987-02-13,-0.472,-0.103
1987-02-20,-0.457,-0.115
1987-02-27,-0.432,-0.129
1987-03-06,-0.394,-0.146
1987-03-13,-0.339,-0.164
1987-03-20,-0.265,-0.183
1987-03-27,-0.173,-0.201
1987-04-03,-0.064,-0.219
1987-04-10,0.057,-0.234
1987-04-17,0.184,-0.247
1987-04-24,0.306,-0.256
1987-05-01,0.416,-0.261
1987-05-08,0.507,-0.263
1987-05-15,0.573,-0.261
1987-05-22,0.613,-0.257
1987-05-29,0.621,-0.251
1987-06-05,0.602,-0.244
1987-06-12,0.560,-0.237
1987-06-19,0.498,-0.231
1987-06-26,0.424,-0.229
1987-07-03,0.344,-0.229
1987-07-10,0.262,-0.234
1987-07-17,0.182,-0.241
1987-07-24,0.109,-0.252
1987-07-31,0.047,-0.265
1987-08-07,0.003,-0.280
1987-08-14,-0.018,-0.293
1987-08-21,-0.009,-0.304
1987-08-28,0.034,-0.311
1987-09-04,0.111,-0.313
1987-09-11,0.217,-0.309
1987-09-18,0.345,-0.298
1987-09-25,0.489,-0.281
1987-10-02,0.640,-0.257
1987-10-09,0.786,-0.229
1987-10-16,0.918,-0.198
1987-10-23,1.026,-0.166
1987-10-30,1.104,-0.135
1987-11-06,1.144,-0.107
1987-11-13,1.156,-0.083
1987-11-20,1.145,-0.064
1987-11-27,1.113,-0.050
1987-12-04,1.066,-0.040
1987-12-11,1.001,-0.034
1987-12-18,0.924,-0.031
1987-12-25,0.836,-0.029
1988-01-01,0.741,-0.029
1988-01-08,0.642,-0.029
1988-01-15,0.546,-0.030
1988-01-22,0.452,-0.032
1988-01-29,0.364,-0.034
1988-02-05,0.285,-0.038
1988-02-12,0.220,-0.043
1988-02-19,0.169,-0.049
1988-02-26,0.134,-0.057
1988-03-04,0.114,-0.065
1988-03-11,0.108,-0.075
1988-03-18,0.116,-0.085
1988-03-25,0.133,-0.095
1988-04-01,0.157,-0.104
1988-04-08,0.186,-0.113
1988-04-15,0.212,-0.120
1988-04-22,0.234,-0.127
1988-04-29,0.248,-0.132
1988-05-06,0.255,-0.137
1988-05-13,0.257,-0.142
1988-05-20,0.257,-0.147
1988-05-27,0.256,-0.151
1988-06-03,0.259,-0.157
1988-06-10,0.267,-0.162
1988-06-17,0.282,-0.168
1988-06-24,0.304,-0.174
1988-07-01,0.332,-0.180
1988-07-08,0.362,-0.185
1988-07-15,0.391,-0.189
1988-07-22,0.416,-0.191
1988-07-29,0.432,-0.190
1988-08-05,0.439,-0.185
1988-08-12,0.436,-0.177
1988-08-19,0.423,-0.166
1988-08-26,0.400,-0.151
1988-09-02,0.371,-0.133
1988-09-09,0.339,-0.114
1988-09-16,0.307,-0.094
1988-09-23,0.279,-0.075
1988-09-30,0.254,-0.058
1988-10-07,0.233,-0.044
1988-10-14,0.215,-0.032
1988-10-21,0.200,-0.024
1988-10-28,0.187,-0.018
1988-11-04,0.176,-0.014
1988-11-11,0.168,-0.011
1988-11-18,0.162,-0.008
1988-11-25,0.157,-0.003
1988-12-02,0.154,0.002
1988-12-09,0.151,0.010
1988-12-16,0.147,0.019
1988-12-23,0.145,0.029
1988-12-30,0.144,0.041
1989-01-06,0.146,0.053
1989-01-13,0.152,0.064
1989-01-20,0.165,0.076
1989-01-27,0.188,0.087
1989-02-03,0.224,0.098
1989-02-10,0.274,0.110
1989-02-17,0.337,0.122
1989-02-24,0.408,0.135
1989-03-03,0.486,0.150
1989-03-10,0.561,0.165
1989-03-17,0.630,0.182
1989-03-24,0.683,0.200
1989-03-31,0.716,0.218
1989-04-07,0.726,0.235
1989-04-14,0.712,0.251
1989-04-21,0.674,0.265
1989-04-28,0.621,0.278
1989-05-05,0.555,0.288
1989-05-12,0.486,0.297
1989-05-19,0.421,0.306
1989-05-26,0.366,0.314
1989-06-02,0.324,0.322
1989-06-09,0.296,0.330
1989-06-16,0.279,0.339
1989-06-23,0.269,0.347
1989-06-30,0.260,0.356
1989-07-07,0.250,0.365
1989-07-14,0.237,0.373
1989-07-21,0.222,0.381
1989-07-28,0.210,0.389
1989-08-04,0.203,0.396
1989-08-11,0.205,0.404
1989-08-18,0.218,0.414
1989-08-25,0.240,0.424
1989-09-01,0.271,0.437
1989-09-08,0.306,0.451
1989-09-15,0.340,0.468
1989-09-22,0.367,0.485
1989-09-29,0.384,0.504
1989-10-06,0.387,0.523
1989-10-13,0.374,0.542
1989-10-20,0.345,0.559
1989-10-27,0.304,0.575
1989-11-03,0.254,0.590
1989-11-10,0.200,0.602
1989-11-17,0.148,0.613
1989-11-24,0.102,0.622
1989-12-01,0.065,0.629
1989-12-08,0.040,0.636
1989-12-15,0.026,0.641
1989-12-22,0.022,0.646
1989-12-29,0.025,0.651
1990-01-05,0.035,0.657
1990-01-12,0.046,0.665
1990-01-19,0.056,0.675
1990-01-26,0.063,0.687
1990-02-02,0.064,0.702
1990-02-09,0.061,0.718
1990-02-16,0.056,0.735
1990-02-23,0.049,0.751
1990-03-02,0.045,0.767
1990-03-09,0.045,0.780
1990-03-16,0.050,0.790
1990-03-23,0.062,0.798
1990-03-30,0.077,0.802
1990-04-06,0.094,0.804
1990-04-13,0.106,0.804
1990-04-20,0.113,0.802
1990-04-27,0.111,0.798
1990-05-04,0.096,0.794
1990-05-11,0.070,0.788
1990-05-18,0.035,0.781
1990-05-25,-0.006,0.774
1990-06-01,-0.049,0.767
1990-06-08,-0.089,0.760
1990-06-15,-0.122,0.754
1990-06-22,-0.145,0.749
1990-06-29,-0.155,0.748
1990-07-06,-0.152,0.751
1990-07-13,-0.136,0.758
1990-07-20,-0.109,0.770
1990-07-27,-0.072,0.787
1990-08-03,-0.027,0.810
1990-08-10,0.023,0.838
1990-08-17,0.077,0.871
1990-08-24,0.132,0.909
1990-08-31,0.186,0.949
1990-09-07,0.240,0.992
1990-09-14,0.292,1.037
1990-09-21,0.340,1.082
1990-09-28,0.383,1.127
1990-10-05,0.416,1.171
1990-10-12,0.439,1.213
1990-10-19,0.453,1.252
1990-10-26,0.458,1.287
1990-11-02,0.459,1.316
1990-11-09,0.458,1.339
1990-11-16,0.459,1.355
1990-11-23,0.463,1.363
1990-11-30,0.474,1.361
1990-12-07,0.487,1.351
1990-12-14,0.502,1.333
1990-12-21,0.516,1.306
1990-12-28,0.523,1.271
1991-01-04,0.515,1.231
1991-01-11,0.492,1.185
1991-01-18,0.452,1.136
1991-01-25,0.392,1.083
1991-02-01,0.323,1.029
1991-02-08,0.248,0.973
1991-02-15,0.172,0.917
1991-02-22,0.100,0.861
1991-03-01,0.036,0.807
1991-03-08,-0.022,0.755
1991-03-15,-0.072,0.706
1991-03-22,-0.114,0.661
1991-03-29,-0.150,0.620
1991-04-05,-0.179,0.583
1991-04-12,-0.202,0.551
1991-04-19,-0.222,0.522
1991-04-26,-0.235,0.497
1991-05-03,-0.244,0.474
1991-05-10,-0.247,0.454
1991-05-17,-0.246,0.436
1991-05-24,-0.242,0.420
1991-05-31,-0.238,0.405
1991-06-07,-0.236,0.391
1991-06-14,-0.239,0.378
1991-06-21,-0.250,0.367
1991-06-28,-0.270,0.356
1991-07-05,-0.299,0.347
1991-07-12,-0.334,0.338
1991-07-19,-0.373,0.331
1991-07-26,-0.413,0.325
1991-08-02,-0.450,0.320
1991-08-09,-0.483,0.316
1991-08-16,-0.508,0.311
1991-08-23,-0.526,0.307
1991-08-30,-0.539,0.302
1991-09-06,-0.546,0.297
1991-09-13,-0.552,0.290
1991-09-20,-0.556,0.282
1991-09-27,-0.559,0.271
1991-10-04,-0.562,0.260
1991-10-11,-0.567,0.247
1991-10-18,-0.572,0.233
1991-10-25,-0.579,0.219
1991-11-01,-0.588,0.206
1991-11-08,-0.597,0.195
1991-11-15,-0.607,0.186
1991-11-22,-0.616,0.180
1991-11-29,-0.626,0.174
1991-12-06,-0.636,0.169
1991-12-13,-0.647,0.164
1991-12-20,-0.655,0.157
1991-12-27,-0.662,0.147
1992-01-03,-0.664,0.133
1992-01-10,-0.665,0.116
1992-01-17,-0.662,0.095
1992-01-24,-0.659,0.071
1992-01-31,-0.657,0.046
1992-02-07,-0.655,0.020
1992-02-14,-0.654,-0.005
1992-02-21,-0.654,-0.028
1992-02-28,-0.655,-0.049
1992-03-06,-0.658,-0.066
1992-03-13,-0.662,-0.082
1992-03-20,-0.671,-0.096
1992-03-27,-0.683,-0.108
1992-04-03,-0.698,-0.119
1992-04-10,-0.717,-0.130
1992-04-17,-0.738,-0.141
1992-04-24,-0.760,-0.152
1992-05-01,-0.783,-0.163
1992-05-08,-0.805,-0.174
1992-05-15,-0.825,-0.184
1992-05-22,-0.844,-0.194
1992-05-29,-0.860,-0.202
1992-06-05,-0.875,-0.209
1992-06-12,-0.890,-0.214
1992-06-19,-0.904,-0.218
1992-06-26,-0.916,-0.219
1992-07-03,-0.927,-0.219
1992-07-10,-0.934,-0.217
1992-07-17,-0.939,-0.214
1992-07-24,-0.940,-0.209
1992-07-31,-0.939,-0.203
1992-08-07,-0.933,-0.196
1992-08-14,-0.925,-0.187
1992-08-21,-0.914,-0.177
1992-08-28,-0.899,-0.167
1992-09-04,-0.880,-0.158
1992-09-11,-0.859,-0.151
1992-09-18,-0.833,-0.146
1992-09-25,-0.804,-0.143
1992-10-02,-0.773,-0.144
1992-10-09,-0.742,-0.147
1992-10-16,-0.715,-0.152
1992-10-23,-0.694,-0.158
1992-10-30,-0.681,-0.165
1992-11-06,-0.680,-0.171
1992-11-13,-0.688,-0.176
1992-11-20,-0.706,-0.180
1992-11-27,-0.734,-0.183
1992-12-04,-0.769,-0.185
1992-12-11,-0.808,-0.186
1992-12-18,-0.846,-0.188
1992-12-25,-0.881,-0.190
1993-01-01,-0.910,-0.192
1993-01-08,-0.931,-0.195
1993-01-15,-0.945,-0.197
1993-01-22,-0.954,-0.199
1993-01-29,-0.957,-0.200
1993-02-05,-0.958,-0.200
1993-02-12,-0.957,-0.200
1993-02-19,-0.955,-0.201
1993-02-26,-0.956,-0.202
1993-03-05,-0.958,-0.204
1993-03-12,-0.962,-0.208
1993-03-19,-0.967,-0.213
1993-03-26,-0.974,-0.221
1993-04-02,-0.981,-0.230
1993-04-09,-0.988,-0.240
1993-04-16,-0.992,-0.251
1993-04-23,-0.994,-0.262
1993-04-30,-0.994,-0.273
1993-05-07,-0.991,-0.283
1993-05-14,-0.987,-0.291
1993-05-21,-0.984,-0.299
1993-05-28,-0.983,-0.306
1993-06-04,-0.985,-0.313
1993-06-11,-0.993,-0.319
1993-06-18,-1.005,-0.324
1993-06-25,-1.021,-0.329
1993-07-02,-1.038,-0.333
1993-07-09,-1.055,-0.336
1993-07-16,-1.071,-0.336
1993-07-23,-1.083,-0.334
1993-07-30,-1.092,-0.328
1993-08-06,-1.096,-0.320
1993-08-13,-1.097,-0.310
1993-08-20,-1.095,-0.298
1993-08-27,-1.090,-0.286
1993-09-03,-1.084,-0.275
1993-09-10,-1.075,-0.264
1993-09-17,-1.064,-0.257
1993-09-24,-1.050,-0.252
1993-10-01,-1.036,-0.250
1993-10-08,-1.019,-0.253
1993-10-15,-1.002,-0.258
1993-10-22,-0.984,-0.266
1993-10-29,-0.966,-0.277
1993-11-05,-0.951,-0.289
1993-11-12,-0.941,-0.303
1993-11-19,-0.936,-0.317
1993-11-26,-0.938,-0.331
1993-12-03,-0.946,-0.345
1993-12-10,-0.959,-0.360
1993-12-17,-0.975,-0.375
1993-12-24,-0.991,-0.390
1993-12-31,-1.005,-0.406
1994-01-07,-1.015,-0.422
1994-01-14,-1.021,-0.439
1994-01-21,-1.020,-0.454
1994-01-28,-1.013,-0.470
1994-02-04,-0.999,-0.484
1994-02-11,-0.977,-0.496
1994-02-18,-0.951,-0.507
1994-02-25,-0.920,-0.515
1994-03-04,-0.887,-0.520
1994-03-11,-0.853,-0.521
1994-03-18,-0.820,-0.519
1994-03-25,-0.791,-0.512
1994-04-01,-0.765,-0.502
1994-04-08,-0.746,-0.489
1994-04-15,-0.732,-0.473
1994-04-22,-0.724,-0.454
1994-04-29,-0.720,-0.435
1994-05-06,-0.718,-0.416
1994-05-13,-0.718,-0.397
1994-05-20,-0.719,-0.380
1994-05-27,-0.720,-0.366
1994-06-03,-0.718,-0.354
1994-06-10,-0.718,-0.344
1994-06-17,-0.716,-0.338
1994-06-24,-0.715,-0.333
1994-07-01,-0.716,-0.331
1994-07-08,-0.723,-0.330
1994-07-15,-0.736,-0.330
1994-07-22,-0.752,-0.331
1994-07-29,-0.770,-0.332
1994-08-05,-0.786,-0.334
1994-08-12,-0.800,-0.337
1994-08-19,-0.807,-0.341
1994-08-26,-0.806,-0.345
1994-09-02,-0.797,-0.349
1994-09-09,-0.779,-0.353
1994-09-16,-0.753,-0.357
1994-09-23,-0.724,-0.359
1994-09-30,-0.694,-0.359
1994-10-07,-0.665,-0.357
1994-10-14,-0.641,-0.352
1994-10-21,-0.620,-0.342
1994-10-28,-0.600,-0.329
1994-11-04,-0.580,-0.312
1994-11-11,-0.557,-0.291
1994-11-18,-0.531,-0.267
1994-11-25,-0.502,-0.241
1994-12-02,-0.472,-0.214
1994-12-09,-0.442,-0.189
1994-12-16,-0.419,-0.165
1994-12-23,-0.405,-0.145
1994-12-30,-0.403,-0.129
1995-01-06,-0.414,-0.117
1995-01-13,-0.437,-0.110
1995-01-20,-0.468,-0.106
1995-01-27,-0.504,-0.105
1995-02-03,-0.540,-0.106
1995-02-10,-0.574,-0.110
1995-02-17,-0.601,-0.115
1995-02-24,-0.621,-0.120
1995-03-03,-0.633,-0.125
1995-03-10,-0.637,-0.130
1995-03-17,-0.638,-0.134
1995-03-24,-0.637,-0.136
1995-03-31,-0.637,-0.138
1995-04-07,-0.639,-0.139
1995-04-14,-0.646,-0.140
1995-04-21,-0.656,-0.140
1995-04-28,-0.670,-0.139
1995-05-05,-0.684,-0.139
1995-05-12,-0.697,-0.138
1995-05-19,-0.705,-0.138
1995-05-26,-0.708,-0.138
1995-06-02,-0.705,-0.138
1995-06-09,-0.698,-0.140
1995-06-16,-0.687,-0.142
1995-06-23,-0.676,-0.146
1995-06-30,-0.668,-0.150
1995-07-07,-0.663,-0.155
1995-07-14,-0.664,-0.160
1995-07-21,-0.669,-0.164
1995-07-28,-0.676,-0.166
1995-08-04,-0.686,-0.166
1995-08-11,-0.696,-0.164
1995-08-18,-0.703,-0.160
1995-08-25,-0.708,-0.155
1995-09-01,-0.709,-0.149
1995-09-08,-0.707,-0.143
1995-09-15,-0.703,-0.137
1995-09-22,-0.698,-0.133
1995-09-29,-0.693,-0.130
1995-10-06,-0.692,-0.127
1995-10-13,-0.695,-0.125
1995-10-20,-0.701,-0.122
1995-10-27,-0.710,-0.119
1995-11-03,-0.721,-0.115
1995-11-10,-0.733,-0.110
1995-11-17,-0.743,-0.104
1995-11-24,-0.748,-0.099
1995-12-01,-0.749,-0.093
1995-12-08,-0.747,-0.089
1995-12-15,-0.743,-0.087
1995-12-22,-0.740,-0.088
1995-12-29,-0.740,-0.091
1996-01-05,-0.746,-0.097
1996-01-12,-0.756,-0.107
1996-01-19,-0.772,-0.118
1996-01-26,-0.789,-0.131
1996-02-02,-0.806,-0.146
1996-02-09,-0.817,-0.160
1996-02-16,-0.822,-0.175
1996-02-23,-0.818,-0.188
1996-03-01,-0.804,-0.199
1996-03-08,-0.785,-0.209
1996-03-15,-0.761,-0.216
1996-03-22,-0.738,-0.222
1996-03-29,-0.716,-0.225
1996-04-05,-0.699,-0.228
1996-04-12,-0.687,-0.229
1996-04-19,-0.681,-0.231
1996-04-26,-0.682,-0.232
1996-05-03,-0.688,-0.234
1996-05-10,-0.697,-0.237
1996-05-17,-0.705,-0.240
1996-05-24,-0.712,-0.243
1996-05-31,-0.714,-0.247
1996-06-07,-0.712,-0.250
1996-06-14,-0.708,-0.253
1996-06-21,-0.703,-0.255
1996-06-28,-0.698,-0.257
1996-07-05,-0.696,-0.259
1996-07-12,-0.696,-0.260
1996-07-19,-0.701,-0.262
1996-07-26,-0.709,-0.263
1996-08-02,-0.718,-0.265
1996-08-09,-0.729,-0.267
1996-08-16,-0.737,-0.269
1996-08-23,-0.741,-0.270
1996-08-30,-0.742,-0.272
1996-09-06,-0.738,-0.272
1996-09-13,-0.733,-0.271
1996-09-20,-0.730,-0.268
1996-09-27,-0.728,-0.264
1996-10-04,-0.732,-0.259
1996-10-11,-0.739,-0.253
1996-10-18,-0.750,-0.248
1996-10-25,-0.762,-0.243
1996-11-01,-0.773,-0.239
1996-11-08,-0.780,-0.236
1996-11-15,-0.782,-0.235
1996-11-22,-0.778,-0.236
1996-11-29,-0.767,-0.237
1996-12-06,-0.751,-0.238
1996-12-13,-0.733,-0.239
1996-12-20,-0.716,-0.239
1996-12-27,-0.702,-0.238
1997-01-03,-0.692,-0.236
1997-01-10,-0.688,-0.232
1997-01-17,-0.690,-0.229
1997-01-24,-0.696,-0.225
1997-01-31,-0.706,-0.221
1997-02-07,-0.717,-0.217
1997-02-14,-0.727,-0.214
1997-02-21,-0.732,-0.211
1997-02-28,-0.733,-0.208
1997-03-07,-0.727,-0.206
1997-03-14,-0.717,-0.203
1997-03-21,-0.703,-0.202
1997-03-28,-0.688,-0.201
1997-04-04,-0.672,-0.202
1997-04-11,-0.657,-0.203
1997-04-18,-0.645,-0.205
1997-04-25,-0.635,-0.207
1997-05-02,-0.629,-0.209
1997-05-09,-0.626,-0.211
1997-05-16,-0.624,-0.211
1997-05-23,-0.624,-0.209
1997-05-30,-0.624,-0.205
1997-06-06,-0.626,-0.201
1997-06-13,-0.629,-0.196
1997-06-20,-0.633,-0.191
1997-06-27,-0.638,-0.188
1997-07-04,-0.643,-0.187
1997-07-11,-0.648,-0.187
1997-07-18,-0.652,-0.190
1997-07-25,-0.655,-0.194
1997-08-01,-0.656,-0.200
1997-08-08,-0.656,-0.206
1997-08-15,-0.654,-0.213
1997-08-22,-0.650,-0.219
1997-08-29,-0.646,-0.224
1997-09-05,-0.640,-0.227
1997-09-12,-0.632,-0.230
1997-09-19,-0.623,-0.231
1997-09-26,-0.611,-0.230
1997-10-03,-0.596,-0.227
1997-10-10,-0.577,-0.221
1997-10-17,-0.555,-0.212
1997-10-24,-0.531,-0.199
1997-10-31,-0.509,-0.183
1997-11-07,-0.491,-0.164
1997-11-14,-0.477,-0.144
1997-11-21,-0.471,-0.125
1997-11-28,-0.470,-0.107
1997-12-05,-0.475,-0.093
1997-12-12,-0.483,-0.085
1997-12-19,-0.495,-0.083
1997-12-26,-0.511,-0.089
1998-01-02,-0.528,-0.100
1998-01-09,-0.545,-0.117
1998-01-16,-0.563,-0.136
1998-01-23,-0.581,-0.155
1998-01-30,-0.598,-0.172
1998-02-06,-0.613,-0.185
1998-02-13,-0.626,-0.193
1998-02-20,-0.634,-0.197
1998-02-27,-0.639,-0.196
1998-03-06,-0.638,-0.193
1998-03-13,-0.635,-0.189
1998-03-20,-0.631,-0.186
1998-03-27,-0.626,-0.183
1998-04-03,-0.620,-0.181
1998-04-10,-0.615,-0.181
1998-04-17,-0.610,-0.179
1998-04-24,-0.603,-0.176
1998-05-01,-0.597,-0.171
1998-05-08,-0.590,-0.162
1998-05-15,-0.584,-0.151
1998-05-22,-0.577,-0.136
1998-05-29,-0.569,-0.120
1998-06-05,-0.563,-0.103
1998-06-12,-0.558,-0.087
1998-06-19,-0.556,-0.073
1998-06-26,-0.554,-0.062
1998-07-03,-0.554,-0.055
1998-07-10,-0.552,-0.050
1998-07-17,-0.545,-0.047
1998-07-24,-0.532,-0.043
1998-07-31,-0.509,-0.037
1998-08-07,-0.474,-0.027
1998-08-14,-0.428,-0.012
1998-08-21,-0.373,0.007
1998-08-28,-0.309,0.031
1998-09-04,-0.242,0.059
1998-09-11,-0.176,0.089
1998-09-18,-0.114,0.118
1998-09-25,-0.059,0.147
1998-10-02,-0.015,0.174
1998-10-09,0.016,0.198
1998-10-16,0.029,0.220
1998-10-23,0.024,0.238
1998-10-30,0.005,0.251
1998-11-06,-0.022,0.260
1998-11-13,-0.050,0.264
1998-11-20,-0.080,0.263
1998-11-27,-0.107,0.256
1998-12-04,-0.129,0.244
1998-12-11,-0.148,0.226
1998-12-18,-0.167,0.203
1998-12-25,-0.185,0.175
1999-01-01,-0.202,0.145
1999-01-08,-0.217,0.114
1999-01-15,-0.233,0.084
1999-01-22,-0.250,0.056
1999-01-29,-0.269,0.031
1999-02-05,-0.290,0.009
1999-02-12,-0.311,-0.008
1999-02-19,-0.332,-0.023
1999-02-26,-0.351,-0.034
1999-03-05,-0.368,-0.042
1999-03-12,-0.382,-0.049
1999-03-19,-0.394,-0.053
1999-03-26,-0.402,-0.057
1999-04-02,-0.409,-0.059
1999-04-09,-0.414,-0.062
1999-04-16,-0.418,-0.064
1999-04-23,-0.421,-0.066
1999-04-30,-0.424,-0.067
1999-05-07,-0.423,-0.068
1999-05-14,-0.419,-0.068
1999-05-21,-0.411,-0.066
1999-05-28,-0.398,-0.064
1999-06-04,-0.383,-0.061
1999-06-11,-0.365,-0.057
1999-06-18,-0.347,-0.052
1999-06-25,-0.327,-0.047
1999-07-02,-0.305,-0.042
1999-07-09,-0.282,-0.037
1999-07-16,-0.256,-0.031
1999-07-23,-0.230,-0.026
1999-07-30,-0.207,-0.020
1999-08-06,-0.185,-0.014
1999-08-13,-0.169,-0.009
1999-08-20,-0.156,-0.004
1999-08-27,-0.144,0.001
1999-09-03,-0.133,0.004
1999-09-10,-0.119,0.006
1999-09-17,-0.106,0.008
1999-09-24,-0.093,0.008
1999-10-01,-0.082,0.009
1999-10-08,-0.076,0.011
1999-10-15,-0.078,0.014
1999-10-22,-0.087,0.019
1999-10-29,-0.102,0.028
1999-11-05,-0.120,0.039
1999-11-12,-0.137,0.052
1999-11-19,-0.152,0.067
1999-11-26,-0.160,0.083
1999-12-03,-0.162,0.096
1999-12-10,-0.161,0.106
1999-12-17,-0.160,0.110
1999-12-24,-0.161,0.108
1999-12-31,-0.165,0.100
2000-01-07,-0.175,0.086
2000-01-14,-0.186,0.070
2000-01-21,-0.197,0.054
2000-01-28,-0.205,0.040
2000-02-04,-0.207,0.030
2000-02-11,-0.206,0.025
2000-02-18,-0.199,0.025
2000-02-25,-0.186,0.030
2000-03-03,-0.171,0.039
2000-03-10,-0.152,0.051
2000-03-17,-0.130,0.065
2000-03-24,-0.108,0.079
2000-03-31,-0.087,0.092
2000-04-07,-0.071,0.105
2000-04-14,-0.055,0.116
2000-04-21,-0.041,0.127
2000-04-28,-0.026,0.137
2000-05-05,-0.010,0.146
2000-05-12,0.006,0.156
2000-05-19,0.021,0.167
2000-05-26,0.033,0.177
2000-06-02,0.041,0.188
2000-06-09,0.042,0.198
2000-06-16,0.037,0.208
2000-06-23,0.025,0.215
2000-06-30,0.006,0.222
2000-07-07,-0.019,0.226
2000-07-14,-0.049,0.228
2000-07-21,-0.080,0.229
2000-07-28,-0.111,0.228
2000-08-04,-0.140,0.226
2000-08-11,-0.164,0.223
2000-08-18,-0.183,0.220
2000-08-25,-0.196,0.216
2000-09-01,-0.203,0.212
2000-09-08,-0.205,0.209
2000-09-15,-0.204,0.208
2000-09-22,-0.199,0.209
2000-09-29,-0.193,0.215
2000-10-06,-0.186,0.225
2000-10-13,-0.178,0.242
2000-10-20,-0.171,0.267
2000-10-27,-0.164,0.300
2000-11-03,-0.153,0.341
2000-11-10,-0.139,0.388
2000-11-17,-0.121,0.439
2000-11-24,-0.099,0.491
2000-12-01,-0.078,0.541
2000-12-08,-0.062,0.583
2000-12-15,-0.056,0.613
2000-12-22,-0.061,0.628
2000-12-29,-0.081,0.628
2001-01-05,-0.111,0.614
2001-01-12,-0.147,0.592
2001-01-19,-0.184,0.564
2001-01-26,-0.217,0.534
2001-02-02,-0.245,0.505
2001-02-09,-0.264,0.477
2001-02-16,-0.273,0.454
2001-02-23,-0.272,0.435
2001-03-02,-0.266,0.419
2001-03-09,-0.257,0.405
2001-03-16,-0.248,0.392
2001-03-23,-0.244,0.377
2001-03-30,-0.247,0.360
2001-04-06,-0.257,0.341
2001-04-13,-0.276,0.320
2001-04-20,-0.301,0.299
2001-04-27,-0.328,0.277
2001-05-04,-0.357,0.257
2001-05-11,-0.382,0.240
2001-05-18,-0.403,0.226
2001-05-25,-0.420,0.216
2001-06-01,-0.431,0.210
2001-06-08,-0.440,0.208
2001-06-15,-0.446,0.208
2001-06-22,-0.452,0.208
2001-06-29,-0.459,0.208
2001-07-06,-0.468,0.205
2001-07-13,-0.479,0.202
2001-07-20,-0.490,0.197
2001-07-27,-0.499,0.192
2001-08-03,-0.504,0.189
2001-08-10,-0.499,0.188
2001-08-17,-0.485,0.192
2001-08-24,-0.461,0.202
2001-08-31,-0.430,0.215
2001-09-07,-0.396,0.233
2001-09-14,-0.364,0.253
2001-09-21,-0.341,0.273
2001-09-28,-0.335,0.290
2001-10-05,-0.337,0.303
2001-10-12,-0.348,0.311
2001-10-19,-0.363,0.315
2001-10-26,-0.380,0.315
2001-11-02,-0.391,0.312
2001-11-09,-0.396,0.308
2001-11-16,-0.394,0.303
2001-11-23,-0.383,0.298
2001-11-30,-0.369,0.293
2001-12-07,-0.357,0.288
2001-12-14,-0.350,0.280
2001-12-21,-0.353,0.269
2001-12-28,-0.366,0.254
2002-01-04,-0.387,0.234
2002-01-11,-0.413,0.213
2002-01-18,-0.439,0.191
2002-01-25,-0.461,0.171
2002-02-01,-0.476,0.153
2002-02-08,-0.486,0.139
2002-02-15,-0.491,0.129
2002-02-22,-0.491,0.121
2002-03-01,-0.490,0.115
2002-03-08,-0.488,0.109
2002-03-15,-0.489,0.101
2002-03-22,-0.493,0.090
2002-03-29,-0.501,0.077
2002-04-05,-0.515,0.060
2002-04-12,-0.534,0.040
2002-04-19,-0.556,0.019
2002-04-26,-0.579,-0.002
2002-05-03,-0.602,-0.021
2002-05-10,-0.619,-0.036
2002-05-17,-0.629,-0.044
2002-05-24,-0.631,-0.045
2002-05-31,-0.625,-0.039
2002-06-07,-0.610,-0.026
2002-06-14,-0.589,-0.006
2002-06-21,-0.564,0.018
2002-06-28,-0.537,0.044
2002-07-05,-0.509,0.071
2002-07-12,-0.482,0.096
2002-07-19,-0.458,0.119
2002-07-26,-0.438,0.138
2002-08-02,-0.423,0.153
2002-08-09,-0.410,0.165
2002-08-16,-0.401,0.173
2002-08-23,-0.390,0.180
2002-08-30,-0.378,0.184
2002-09-06,-0.363,0.188
2002-09-13,-0.348,0.191
2002-09-20,-0.334,0.194
2002-09-27,-0.325,0.196
2002-10-04,-0.322,0.197
2002-10-11,-0.327,0.196
2002-10-18,-0.339,0.193
2002-10-25,-0.354,0.188
2002-11-01,-0.373,0.182
2002-11-08,-0.391,0.175
2002-11-15,-0.407,0.167
2002-11-22,-0.418,0.159
2002-11-29,-0.425,0.151
2002-12-06,-0.428,0.142
2002-12-13,-0.431,0.131
2002-12-20,-0.435,0.119
2002-12-27,-0.442,0.105
2003-01-03,-0.453,0.089
2003-01-10,-0.467,0.072
2003-01-17,-0.480,0.056
2003-01-24,-0.490,0.042
2003-01-31,-0.497,0.031
2003-02-07,-0.501,0.023
2003-02-14,-0.504,0.017
2003-02-21,-0.507,0.012
2003-02-28,-0.511,0.007
2003-03-07,-0.518,0.000
2003-03-14,-0.528,-0.007
2003-03-21,-0.543,-0.017
2003-03-28,-0.562,-0.028
2003-04-04,-0.586,-0.039
2003-04-11,-0.612,-0.050
2003-04-18,-0.636,-0.059
2003-04-25,-0.658,-0.065
2003-05-02,-0.674,-0.067
2003-05-09,-0.684,-0.067
2003-05-16,-0.689,-0.064
2003-05-23,-0.689,-0.061
2003-05-30,-0.688,-0.060
2003-06-06,-0.686,-0.061
2003-06-13,-0.685,-0.067
2003-06-20,-0.686,-0.077
2003-06-27,-0.689,-0.092
2003-07-04,-0.691,-0.110
2003-07-11,-0.693,-0.129
2003-07-18,-0.691,-0.148
2003-07-25,-0.686,-0.166
2003-08-01,-0.676,-0.180
2003-08-08,-0.666,-0.190
2003-08-15,-0.656,-0.197
2003-08-22,-0.648,-0.201
2003-08-29,-0.642,-0.203
2003-09-05,-0.640,-0.204
2003-09-12,-0.642,-0.206
2003-09-19,-0.647,-0.208
2003-09-26,-0.654,-0.212
2003-10-03,-0.662,-0.218
2003-10-10,-0.670,-0.225
2003-10-17,-0.678,-0.233
2003-10-24,-0.683,-0.240
2003-10-31,-0.688,-0.247
2003-11-07,-0.690,-0.253
2003-11-14,-0.690,-0.258
2003-11-21,-0.688,-0.262
2003-11-28,-0.687,-0.266
2003-12-05,-0.685,-0.271
2003-12-12,-0.685,-0.277
2003-12-19,-0.688,-0.284
2003-12-26,-0.695,-0.294
2004-01-02,-0.705,-0.305
2004-01-09,-0.719,-0.316
2004-01-16,-0.733,-0.325
2004-01-23,-0.747,-0.333
2004-01-30,-0.761,-0.338
2004-02-06,-0.771,-0.340
2004-02-13,-0.781,-0.340
2004-02-20,-0.787,-0.338
2004-02-27,-0.791,-0.336
2004-03-05,-0.792,-0.334
2004-03-12,-0.790,-0.335
2004-03-19,-0.785,-0.337
2004-03-26,-0.779,-0.341
2004-04-02,-0.770,-0.347
2004-04-09,-0.759,-0.352
2004-04-16,-0.745,-0.357
2004-04-23,-0.730,-0.359
2004-04-30,-0.714,-0.358
2004-05-07,-0.699,-0.355
2004-05-14,-0.687,-0.348
2004-05-21,-0.676,-0.341
2004-05-28,-0.669,-0.333
2004-06-04,-0.664,-0.326
2004-06-11,-0.661,-0.320
2004-06-18,-0.659,-0.315
2004-06-25,-0.660,-0.311
2004-07-02,-0.661,-0.308
2004-07-09,-0.663,-0.305
2004-07-16,-0.665,-0.302
2004-07-23,-0.667,-0.297
2004-07-30,-0.669,-0.291
2004-08-06,-0.671,-0.284
2004-08-13,-0.672,-0.275
2004-08-20,-0.673,-0.266
2004-08-27,-0.674,-0.257
2004-09-03,-0.673,-0.249
2004-09-10,-0.672,-0.243
2004-09-17,-0.672,-0.239
2004-09-24,-0.671,-0.238
2004-10-01,-0.670,-0.239
2004-10-08,-0.670,-0.241
2004-10-15,-0.671,-0.245
2004-10-22,-0.674,-0.250
2004-10-29,-0.677,-0.255
2004-11-05,-0.681,-0.258
2004-11-12,-0.685,-0.261
2004-11-19,-0.687,-0.262
2004-11-26,-0.687,-0.262
2004-12-03,-0.685,-0.260
2004-12-10,-0.681,-0.257
2004-12-17,-0.676,-0.253
2004-12-24,-0.671,-0.249
2004-12-31,-0.667,-0.245
2005-01-07,-0.665,-0.242
2005-01-14,-0.666,-0.240
2005-01-21,-0.669,-0.239
2005-01-28,-0.674,-0.239
2005-02-04,-0.679,-0.240
2005-02-11,-0.683,-0.242
2005-02-18,-0.684,-0.242
2005-02-25,-0.681,-0.242
2005-03-04,-0.673,-0.239
2005-03-11,-0.663,-0.234
2005-03-18,-0.649,-0.226
2005-03-25,-0.634,-0.215
2005-04-01,-0.620,-0.201
2005-04-08,-0.607,-0.186
2005-04-15,-0.595,-0.169
2005-04-22,-0.586,-0.152
2005-04-29,-0.578,-0.137
2005-05-06,-0.573,-0.124
2005-05-13,-0.570,-0.114
2005-05-20,-0.568,-0.107
2005-05-27,-0.568,-0.104
2005-06-03,-0.568,-0.103
2005-06-10,-0.569,-0.105
2005-06-17,-0.570,-0.108
2005-06-24,-0.572,-0.111
2005-07-01,-0.574,-0.113
2005-07-08,-0.576,-0.115
2005-07-15,-0.579,-0.115
2005-07-22,-0.581,-0.114
2005-07-29,-0.582,-0.113
2005-08-05,-0.581,-0.110
2005-08-12,-0.578,-0.107
2005-08-19,-0.573,-0.104
2005-08-26,-0.566,-0.103
2005-09-02,-0.558,-0.102
2005-09-09,-0.549,-0.104
2005-09-16,-0.542,-0.107
2005-09-23,-0.536,-0.112
2005-09-30,-0.533,-0.118
2005-10-07,-0.533,-0.124
2005-10-14,-0.538,-0.129
2005-10-21,-0.544,-0.134
2005-10-28,-0.550,-0.138
2005-11-04,-0.554,-0.139
2005-11-11,-0.555,-0.139
2005-11-18,-0.552,-0.137
2005-11-25,-0.546,-0.133
2005-12-02,-0.539,-0.128
2005-12-09,-0.532,-0.123
2005-12-16,-0.527,-0.118
2005-12-23,-0.525,-0.113
2005-12-30,-0.527,-0.109
2006-01-06,-0.534,-0.106
2006-01-13,-0.545,-0.105
2006-01-20,-0.556,-0.106
2006-01-27,-0.569,-0.108
2006-02-03,-0.580,-0.112
2006-02-10,-0.588,-0.116
2006-02-17,-0.594,-0.121
2006-02-24,-0.597,-0.126
2006-03-03,-0.598,-0.131
2006-03-10,-0.596,-0.136
2006-03-17,-0.594,-0.140
2006-03-24,-0.592,-0.143
2006-03-31,-0.589,-0.145
2006-04-07,-0.586,-0.146
2006-04-14,-0.584,-0.146
2006-04-21,-0.582,-0.145
2006-04-28,-0.579,-0.144
2006-05-05,-0.573,-0.142
2006-05-12,-0.566,-0.140
2006-05-19,-0.554,-0.139
2006-05-26,-0.541,-0.137
2006-06-02,-0.526,-0.135
2006-06-09,-0.512,-0.133
2006-06-16,-0.500,-0.130
2006-06-23,-0.491,-0.126
2006-06-30,-0.487,-0.120
2006-07-07,-0.488,-0.114
2006-07-14,-0.494,-0.108
2006-07-21,-0.504,-0.101
2006-07-28,-0.518,-0.094
2006-08-04,-0.532,-0.088
2006-08-11,-0.545,-0.083
2006-08-18,-0.555,-0.078
2006-08-25,-0.562,-0.074
2006-09-01,-0.565,-0.071
2006-09-08,-0.565,-0.068
2006-09-15,-0.564,-0.065
2006-09-22,-0.564,-0.062
2006-09-29,-0.565,-0.059
2006-10-06,-0.568,-0.055
2006-10-13,-0.574,-0.052
2006-10-20,-0.580,-0.048
2006-10-27,-0.587,-0.043
2006-11-03,-0.590,-0.039
2006-11-10,-0.591,-0.036
2006-11-17,-0.589,-0.034
2006-11-24,-0.585,-0.034
2006-12-01,-0.581,-0.036
2006-12-08,-0.577,-0.041
2006-12-15,-0.578,-0.048
2006-12-22,-0.582,-0.058
2006-12-29,-0.591,-0.069
2007-01-05,-0.603,-0.080
2007-01-12,-0.617,-0.091
2007-01-19,-0.630,-0.099
2007-01-26,-0.640,-0.105
2007-02-02,-0.644,-0.107
2007-02-09,-0.643,-0.107
2007-02-16,-0.636,-0.103
2007-02-23,-0.625,-0.098
2007-03-02,-0.609,-0.091
2007-03-09,-0.595,-0.083
2007-03-16,-0.584,-0.077
2007-03-23,-0.575,-0.071
2007-03-30,-0.569,-0.067
2007-04-06,-0.565,-0.066
2007-04-13,-0.561,-0.066
2007-04-20,-0.556,-0.070
2007-04-27,-0.549,-0.076
2007-05-04,-0.539,-0.085
2007-05-11,-0.530,-0.096
2007-05-18,-0.520,-0.110
2007-05-25,-0.511,-0.124
2007-06-01,-0.504,-0.137
2007-06-08,-0.501,-0.145
2007-06-15,-0.498,-0.147
2007-06-22,-0.493,-0.137
2007-06-29,-0.481,-0.115
2007-07-06,-0.457,-0.078
2007-07-13,-0.413,-0.027
2007-07-20,-0.345,0.039
2007-07-27,-0.251,0.115
2007-08-03,-0.140,0.195
2007-08-10,-0.020,0.274
2007-08-17,0.099,0.344
2007-08-24,0.193,0.399
2007-08-31,0.245,0.432
2007-09-07,0.261,0.443
2007-09-14,0.236,0.434
2007-09-21,0.178,0.410
2007-09-28,0.112,0.380
2007-10-05,0.049,0.351
2007-10-12,0.007,0.331
2007-10-19,-0.001,0.326
2007-10-26,0.029,0.337
2007-11-02,0.095,0.364
2007-11-09,0.193,0.405
2007-11-16,0.305,0.453
2007-11-23,0.419,0.506
2007-11-30,0.514,0.554
2007-12-07,0.578,0.595
2007-12-14,0.606,0.626
2007-12-21,0.597,0.648
2007-12-28,0.557,0.664
2008-01-04,0.509,0.677
2008-01-11,0.463,0.696
2008-01-18,0.438,0.723
2008-01-25,0.444,0.760
2008-02-01,0.472,0.808
2008-02-08,0.533,0.867
2008-02-15,0.617,0.933
2008-02-22,0.715,0.997
2008-02-29,0.814,1.053
2008-03-07,0.905,1.096
2008-03-14,0.965,1.116
2008-03-21,0.990,1.110
2008-03-28,0.970,1.079
2008-04-04,0.917,1.029
2008-04-11,0.843,0.965
2008-04-18,0.761,0.896
2008-04-25,0.675,0.830
2008-05-02,0.600,0.774
2008-05-09,0.545,0.735
2008-05-16,0.512,0.713
2008-05-23,0.507,0.710
2008-05-30,0.528,0.724
2008-06-06,0.574,0.753
2008-06-13,0.628,0.788
2008-06-20,0.684,0.825
2008-06-27,0.736,0.861
2008-07-04,0.768,0.887
2008-07-11,0.777,0.902
2008-07-18,0.766,0.908
2008-07-25,0.737,0.909
2008-08-01,0.705,0.910
2008-08-08,0.689,0.918
2008-08-15,0.695,0.941
2008-08-22,0.750,0.987
2008-08-29,0.857,1.059
2008-09-05,1.024,1.159
2008-09-12,1.245,1.287
2008-09-19,1.528,1.443
2008-09-26,1.810,1.611
2008-10-03,2.093,1.787
2008-10-10,2.349,1.967
2008-10-17,2.551,2.136
2008-10-24,2.700,2.293
2008-10-31,2.826,2.435
2008-11-07,2.922,2.560
2008-11-14,3.003,2.666
2008-11-21,3.078,2.749
2008-11-28,3.103,2.791
2008-12-05,3.094,2.793
2008-12-12,3.027,2.751
2008-12-19,2.900,2.664
2008-12-26,2.738,2.546
2009-01-02,2.583,2.419
2009-01-09,2.428,2.289
2009-01-16,2.301,2.174
2009-01-23,2.209,2.081
2009-01-30,2.147,2.015
2009-02-06,2.114,1.979
2009-02-13,2.111,1.971
2009-02-20,2.124,1.981
2009-02-27,2.136,1.999
2009-03-06,2.136,2.012
2009-03-13,2.095,2.006
2009-03-20,2.020,1.974
2009-03-27,1.913,1.918
2009-04-03,1.788,1.839
2009-04-10,1.648,1.738
2009-04-17,1.507,1.625
2009-04-24,1.368,1.507
2009-05-01,1.235,1.388
2009-05-08,1.113,1.275
2009-05-15,1.013,1.177
2009-05-22,0.931,1.092
2009-05-29,0.872,1.023
2009-06-05,0.825,0.967
2009-06-12,0.788,0.924
2009-06-19,0.757,0.891
2009-06-26,0.720,0.859
2009-07-03,0.675,0.823
2009-07-10,0.621,0.784
2009-07-17,0.555,0.737
2009-07-24,0.485,0.685
2009-07-31,0.418,0.633
2009-08-07,0.358,0.585
2009-08-14,0.310,0.543
2009-08-21,0.269,0.504
2009-08-28,0.232,0.469
2009-09-04,0.199,0.438
2009-09-11,0.166,0.409
2009-09-18,0.133,0.382
2009-09-25,0.105,0.360
2009-10-02,0.083,0.344
2009-10-09,0.062,0.331
2009-10-16,0.046,0.320
2009-10-23,0.033,0.310
2009-10-30,0.025,0.300
2009-11-06,0.016,0.286
2009-11-13,0.004,0.267
2009-11-20,-0.010,0.242
2009-11-27,-0.029,0.209
2009-12-04,-0.054,0.169
2009-12-11,-0.086,0.124
2009-12-18,-0.119,0.080
2009-12-25,-0.150,0.041
2010-01-01,-0.176,0.012
2010-01-08,-0.197,-0.006
2010-01-15,-0.207,-0.011
2010-01-22,-0.206,-0.005
2010-01-29,-0.203,0.006
2010-02-05,-0.199,0.016
2010-02-12,-0.203,0.021
2010-02-19,-0.220,0.013
2010-02-26,-0.249,-0.005
2010-03-05,-0.289,-0.034
2010-03-12,-0.337,-0.069
2010-03-19,-0.384,-0.105
2010-03-26,-0.428,-0.139
2010-04-02,-0.459,-0.162
2010-04-09,-0.474,-0.171
2010-04-16,-0.465,-0.163
2010-04-23,-0.432,-0.138
2010-04-30,-0.374,-0.096
2010-05-07,-0.299,-0.043
2010-05-14,-0.223,0.013
2010-05-21,-0.151,0.067
2010-05-28,-0.096,0.110
2010-06-04,-0.065,0.139
2010-06-11,-0.055,0.154
2010-06-18,-0.070,0.152
2010-06-25,-0.097,0.139
2010-07-02,-0.131,0.119
2010-07-09,-0.173,0.093
2010-07-16,-0.213,0.068
2010-07-23,-0.245,0.047
2010-07-30,-0.270,0.031
2010-08-06,-0.284,0.023
2010-08-13,-0.288,0.020
2010-08-20,-0.290,0.020
2010-08-27,-0.292,0.019
2010-09-03,-0.300,0.013
2010-09-10,-0.315,0.000
2010-09-17,-0.334,-0.020
2010-09-24,-0.357,-0.046
2010-10-01,-0.382,-0.076
2010-10-08,-0.406,-0.111
2010-10-15,-0.429,-0.145
2010-10-22,-0.447,-0.178
2010-10-29,-0.461,-0.208
2010-11-05,-0.471,-0.233
2010-11-12,-0.475,-0.252
2010-11-19,-0.477,-0.268
2010-11-26,-0.480,-0.282
2010-12-03,-0.486,-0.296
2010-12-10,-0.498,-0.312
2010-12-17,-0.513,-0.329
2010-12-24,-0.532,-0.346
2010-12-31,-0.554,-0.364
2011-01-07,-0.575,-0.380
2011-01-14,-0.596,-0.394
2011-01-21,-0.613,-0.407
2011-01-28,-0.624,-0.415
2011-02-04,-0.629,-0.419
2011-02-11,-0.626,-0.417
2011-02-18,-0.617,-0.411
2011-02-25,-0.601,-0.401
2011-03-04,-0.587,-0.390
2011-03-11,-0.577,-0.380
2011-03-18,-0.571,-0.373
2011-03-25,-0.575,-0.371
2011-04-01,-0.586,-0.372
2011-04-08,-0.600,-0.376
2011-04-15,-0.613,-0.380
2011-04-22,-0.623,-0.383
2011-04-29,-0.627,-0.384
2011-05-06,-0.625,-0.380
2011-05-13,-0.616,-0.374
2011-05-20,-0.605,-0.364
2011-05-27,-0.592,-0.354
2011-06-03,-0.579,-0.344
2011-06-10,-0.567,-0.336
2011-06-17,-0.558,-0.329
2011-06-24,-0.551,-0.324
2011-07-01,-0.544,-0.317
2011-07-08,-0.532,-0.304
2011-07-15,-0.510,-0.282
2011-07-22,-0.476,-0.250
2011-07-29,-0.429,-0.207
2011-08-05,-0.368,-0.153
2011-08-12,-0.300,-0.094
2011-08-19,-0.240,-0.036
2011-08-26,-0.184,0.018
2011-09-02,-0.144,0.062
2011-09-09,-0.114,0.095
2011-09-16,-0.098,0.115
2011-09-23,-0.090,0.124
2011-09-30,-0.094,0.122
2011-10-07,-0.106,0.113
2011-10-14,-0.127,0.097
2011-10-21,-0.145,0.083
2011-10-28,-0.159,0.074
2011-11-04,-0.161,0.072
2011-11-11,-0.156,0.078
2011-11-18,-0.145,0.088
2011-11-25,-0.134,0.099
2011-12-02,-0.132,0.104
2011-12-09,-0.138,0.103
2011-12-16,-0.151,0.095
2011-12-23,-0.174,0.077
2011-12-30,-0.206,0.052
2012-01-06,-0.246,0.021
2012-01-13,-0.290,-0.014
2012-01-20,-0.334,-0.048
2012-01-27,-0.373,-0.080
2012-02-03,-0.405,-0.106
2012-02-10,-0.428,-0.126
2012-02-17,-0.443,-0.141
2012-02-24,-0.455,-0.152
2012-03-02,-0.466,-0.162
2012-03-09,-0.473,-0.168
2012-03-16,-0.480,-0.174
2012-03-23,-0.484,-0.176
2012-03-30,-0.482,-0.172
2012-04-06,-0.476,-0.162
2012-04-13,-0.464,-0.146
2012-04-20,-0.449,-0.124
2012-04-27,-0.429,-0.097
2012-05-04,-0.404,-0.065
2012-05-11,-0.373,-0.030
2012-05-18,-0.340,0.004
2012-05-25,-0.314,0.033
2012-06-01,-0.295,0.055
2012-06-08,-0.287,0.068
2012-06-15,-0.291,0.071
2012-06-22,-0.306,0.066
2012-06-29,-0.324,0.056
2012-07-06,-0.347,0.042
2012-07-13,-0.370,0.026
2012-07-20,-0.393,0.008
2012-07-27,-0.414,-0.009
2012-08-03,-0.435,-0.027
2012-08-10,-0.453,-0.044
2012-08-17,-0.470,-0.062
2012-08-24,-0.487,-0.079
2012-08-31,-0.503,-0.097
2012-09-07,-0.521,-0.115
2012-09-14,-0.539,-0.131
2012-09-21,-0.554,-0.145
2012-09-28,-0.566,-0.154
2012-10-05,-0.576,-0.159
2012-10-12,-0.582,-0.159
2012-10-19,-0.585,-0.154
2012-10-26,-0.584,-0.146
2012-11-02,-0.582,-0.136
2012-11-09,-0.580,-0.128
2012-11-16,-0.578,-0.123
2012-11-23,-0.581,-0.124
2012-11-30,-0.586,-0.129
2012-12-07,-0.593,-0.140
2012-12-14,-0.604,-0.156
2012-12-21,-0.615,-0.173
2012-12-28,-0.627,-0.189
2013-01-04,-0.641,-0.206
2013-01-11,-0.653,-0.220
2013-01-18,-0.663,-0.231
2013-01-25,-0.669,-0.239
2013-02-01,-0.673,-0.244
2013-02-08,-0.674,-0.247
2013-02-15,-0.676,-0.249
2013-02-22,-0.677,-0.251
2013-03-01,-0.677,-0.255
2013-03-08,-0.680,-0.260
2013-03-15,-0.684,-0.269
2013-03-22,-0.688,-0.279
2013-03-29,-0.693,-0.292
2013-04-05,-0.701,-0.308
2013-04-12,-0.712,-0.326
2013-04-19,-0.722,-0.344
2013-04-26,-0.734,-0.360
2013-05-03,-0.743,-0.374
2013-05-10,-0.747,-0.382
2013-05-17,-0.743,-0.384
2013-05-24,-0.733,-0.379
2013-05-31,-0.716,-0.368
2013-06-07,-0.697,-0.354
2013-06-14,-0.678,-0.340
2013-06-21,-0.663,-0.328
2013-06-28,-0.657,-0.319
2013-07-05,-0.657,-0.315
2013-07-12,-0.664,-0.315
2013-07-19,-0.676,-0.319
2013-07-26,-0.687,-0.323
2013-08-02,-0.694,-0.327
2013-08-09,-0.698,-0.329
2013-08-16,-0.696,-0.330
2013-08-23,-0.692,-0.330
2013-08-30,-0.688,-0.330
2013-09-06,-0.686,-0.331
2013-09-13,-0.688,-0.334
2013-09-20,-0.693,-0.339
2013-09-27,-0.700,-0.345
2013-10-04,-0.710,-0.354
2013-10-11,-0.723,-0.364
2013-10-18,-0.736,-0.375
2013-10-25,-0.750,-0.386
2013-11-01,-0.761,-0.397
2013-11-08,-0.771,-0.407
2013-11-15,-0.780,-0.416
2013-11-22,-0.785,-0.425
2013-11-29,-0.790,-0.432
2013-12-06,-0.793,-0.438
2013-12-13,-0.796,-0.443
2013-12-20,-0.797,-0.445
2013-12-27,-0.798,-0.445
2014-01-03,-0.795,-0.441
2014-01-10,-0.793,-0.435
2014-01-17,-0.789,-0.428
2014-01-24,-0.785,-0.421
2014-01-31,-0.782,-0.415
2014-02-07,-0.783,-0.411
2014-02-14,-0.787,-0.409
2014-02-21,-0.791,-0.408
2014-02-28,-0.795,-0.407
2014-03-07,-0.797,-0.405
2014-03-14,-0.798,-0.401
2014-03-21,-0.796,-0.396
2014-03-28,-0.793,-0.390
2014-04-04,-0.791,-0.384
2014-04-11,-0.788,-0.379
2014-04-18,-0.786,-0.374
2014-04-25,-0.785,-0.370
2014-05-02,-0.786,-0.369
2014-05-09,-0.789,-0.370
2014-05-16,-0.793,-0.373
2014-05-23,-0.799,-0.378
2014-05-30,-0.804,-0.383
2014-06-06,-0.807,-0.387
2014-06-13,-0.807,-0.390
2014-06-20,-0.804,-0.391
2014-06-27,-0.797,-0.389
2014-07-04,-0.787,-0.386
2014-07-11,-0.776,-0.382
2014-07-18,-0.764,-0.376
2014-07-25,-0.753,-0.369
2014-08-01,-0.745,-0.362
2014-08-08,-0.740,-0.354
2014-08-15,-0.739,-0.347
2014-08-22,-0.738,-0.339
2014-08-29,-0.736,-0.328
2014-09-05,-0.729,-0.316
2014-09-12,-0.718,-0.302
2014-09-19,-0.703,-0.288
2014-09-26,-0.685,-0.275
2014-10-03,-0.669,-0.265
2014-10-10,-0.657,-0.259
2014-10-17,-0.649,-0.255
2014-10-24,-0.650,-0.255
2014-10-31,-0.655,-0.256
2014-11-07,-0.662,-0.257
2014-11-14,-0.667,-0.255
2014-11-21,-0.666,-0.250
2014-11-28,-0.660,-0.242
2014-12-05,-0.647,-0.229
2014-12-12,-0.627,-0.212
2014-12-19,-0.604,-0.194
2014-12-26,-0.582,-0.176
2015-01-02,-0.559,-0.157
2015-01-09,-0.541,-0.142
2015-01-16,-0.526,-0.129
2015-01-23,-0.518,-0.121
2015-01-30,-0.514,-0.116
2015-02-06,-0.515,-0.114
2015-02-13,-0.519,-0.116
2015-02-20,-0.526,-0.118
2015-02-27,-0.533,-0.121
2015-03-06,-0.538,-0.123
2015-03-13,-0.541,-0.123
2015-03-20,-0.544,-0.124
2015-03-27,-0.546,-0.123
2015-04-03,-0.548,-0.121
2015-04-10,-0.550,-0.120
2015-04-17,-0.551,-0.118
2015-04-24,-0.553,-0.117
2015-05-01,-0.554,-0.117
2015-05-08,-0.554,-0.116
2015-05-15,-0.554,-0.115
2015-05-22,-0.554,-0.115
2015-05-29,-0.554,-0.113
2015-06-05,-0.553,-0.111
2015-06-12,-0.552,-0.108
2015-06-19,-0.550,-0.103
2015-06-26,-0.547,-0.097
2015-07-03,-0.542,-0.088
2015-07-10,-0.537,-0.077
2015-07-17,-0.531,-0.064
2015-07-24,-0.521,-0.049
2015-07-31,-0.506,-0.033
2015-08-07,-0.487,-0.016
2015-08-14,-0.466,0.000
2015-08-21,-0.444,0.015
2015-08-28,-0.423,0.027
2015-09-04,-0.411,0.037
2015-09-11,-0.405,0.044
2015-09-18,-0.405,0.048
2015-09-25,-0.411,0.049
2015-10-02,-0.421,0.048
2015-10-09,-0.436,0.045
2015-10-16,-0.450,0.043
2015-10-23,-0.463,0.042
2015-10-30,-0.472,0.044
2015-11-06,-0.475,0.049
2015-11-13,-0.471,0.059
2015-11-20,-0.461,0.071
2015-11-27,-0.446,0.087
2015-12-04,-0.427,0.106
2015-12-11,-0.405,0.127
2015-12-18,-0.383,0.148
2015-12-25,-0.363,0.170
2016-01-01,-0.346,0.191
2016-01-08,-0.331,0.209
2016-01-15,-0.318,0.226
2016-01-22,-0.310,0.239
2016-01-29,-0.305,0.247
2016-02-05,-0.303,0.251
2016-02-12,-0.304,0.250
2016-02-19,-0.313,0.242
2016-02-26,-0.326,0.229
2016-03-04,-0.342,0.212
2016-03-11,-0.357,0.195
2016-03-18,-0.370,0.179
2016-03-25,-0.379,0.165
2016-04-01,-0.386,0.155
2016-04-08,-0.389,0.149
2016-04-15,-0.392,0.146
2016-04-22,-0.393,0.146
2016-04-29,-0.393,0.149
2016-05-06,-0.391,0.154
2016-05-13,-0.389,0.159
2016-05-20,-0.386,0.165
2016-05-27,-0.381,0.170
2016-06-03,-0.375,0.175
2016-06-10,-0.369,0.179
2016-06-17,-0.362,0.182
2016-06-24,-0.357,0.183
2016-07-01,-0.355,0.181
2016-07-08,-0.356,0.175
2016-07-15,-0.360,0.167
2016-07-22,-0.363,0.158
2016-07-29,-0.367,0.149
2016-08-05,-0.369,0.142
2016-08-12,-0.368,0.138
2016-08-19,-0.366,0.137
2016-08-26,-0.360,0.140
2016-09-02,-0.353,0.145
2016-09-09,-0.348,0.151
2016-09-16,-0.343,0.157
2016-09-23,-0.343,0.161
2016-09-30,-0.346,0.162
2016-10-07,-0.354,0.160
2016-10-14,-0.363,0.154
2016-10-21,-0.374,0.147
2016-10-28,-0.387,0.136
2016-11-04,-0.399,0.124
2016-11-11,-0.413,0.111
2016-11-18,-0.425,0.097
2016-11-25,-0.436,0.084
2016-12-02,-0.446,0.071
2016-12-09,-0.454,0.059
2016-12-16,-0.461,0.048
2016-12-23,-0.467,0.038
2016-12-30,-0.473,0.027
2017-01-06,-0.478,0.018
2017-01-13,-0.484,0.009
2017-01-20,-0.489,0.001
2017-01-27,-0.492,-0.007
2017-02-03,-0.495,-0.012
2017-02-10,-0.496,-0.015
2017-02-17,-0.495,-0.015
2017-02-24,-0.493,-0.014
2017-03-03,-0.491,-0.011
2017-03-10,-0.488,-0.007
2017-03-17,-0.486,-0.003
2017-03-24,-0.485,-0.001
2017-03-31,-0.486,-0.001
2017-04-07,-0.490,-0.003
2017-04-14,-0.495,-0.005
2017-04-21,-0.503,-0.008
2017-04-28,-0.513,-0.012
2017-05-05,-0.523,-0.015
2017-05-12,-0.532,-0.019
2017-05-19,-0.541,-0.023
2017-05-26,-0.550,-0.028
2017-06-02,-0.556,-0.034
2017-06-09,-0.562,-0.040
2017-06-16,-0.566,-0.047
2017-06-23,-0.568,-0.054
2017-06-30,-0.571,-0.060
2017-07-07,-0.574,-0.066
2017-07-14,-0.577,-0.070
2017-07-21,-0.579,-0.072
2017-07-28,-0.579,-0.072
2017-08-04,-0.576,-0.070
2017-08-11,-0.571,-0.066
2017-08-18,-0.566,-0.062
2017-08-25,-0.562,-0.060
2017-09-01,-0.560,-0.059
2017-09-08,-0.559,-0.061
2017-09-15,-0.562,-0.065
2017-09-22,-0.566,-0.072
2017-09-29,-0.572,-0.079
2017-10-06,-0.579,-0.087
2017-10-13,-0.586,-0.094
2017-10-20,-0.592,-0.099
2017-10-27,-0.598,-0.102
2017-11-03,-0.602,-0.103
2017-11-10,-0.604,-0.100
2017-11-17,-0.604,-0.097
2017-11-24,-0.605,-0.094
2017-12-01,-0.605,-0.091
2017-12-08,-0.606,-0.090
2017-12-15,-0.609,-0.090
2017-12-22,-0.612,-0.093
2017-12-29,-0.616,-0.096
2018-01-05,-0.619,-0.101
2018-01-12,-0.619,-0.105
2018-01-19,-0.615,-0.107
2018-01-26,-0.606,-0.106
2018-02-02,-0.593,-0.101
2018-02-09,-0.575,-0.093
2018-02-16,-0.559,-0.082
2018-02-23,-0.544,-0.070
2018-03-02,-0.530,-0.058
2018-03-09,-0.517,-0.046
2018-03-16,-0.506,-0.036
2018-03-23,-0.499,-0.030
2018-03-30,-0.498,-0.026
2018-04-06,-0.502,-0.027
2018-04-13,-0.512,-0.031
2018-04-20,-0.526,-0.037
2018-04-27,-0.540,-0.043
2018-05-04,-0.552,-0.049
2018-05-11,-0.561,-0.055
2018-05-18,-0.567,-0.059
2018-05-25,-0.567,-0.062
2018-06-01,-0.563,-0.063
2018-06-08,-0.557,-0.064
2018-06-15,-0.551,-0.063
2018-06-22,-0.546,-0.063
2018-06-29,-0.543,-0.062
2018-07-06,-0.544,-0.062
2018-07-13,-0.549,-0.064
2018-07-20,-0.557,-0.066
2018-07-27,-0.566,-0.069
2018-08-03,-0.575,-0.072
2018-08-10,-0.584,-0.075
2018-08-17,-0.591,-0.078
2018-08-24,-0.596,-0.081
2018-08-31,-0.600,-0.084
2018-09-07,-0.603,-0.087
2018-09-14,-0.603,-0.089
2018-09-21,-0.600,-0.090
2018-09-28,-0.596,-0.090
2018-10-05,-0.589,-0.088
2018-10-12,-0.580,-0.084
2018-10-19,-0.569,-0.078
2018-10-26,-0.556,-0.068
2018-11-02,-0.541,-0.056
2018-11-09,-0.525,-0.040
2018-11-16,-0.506,-0.022
2018-11-23,-0.485,-0.002
2018-11-30,-0.466,0.017
2018-12-07,-0.448,0.034
2018-12-14,-0.435,0.047
2018-12-21,-0.429,0.055
2018-12-28,-0.433,0.055
2019-01-04,-0.446,0.050
2019-01-11,-0.466,0.038
2019-01-18,-0.489,0.024
2019-01-25,-0.513,0.008
2019-02-01,-0.536,-0.008
2019-02-08,-0.556,-0.022
2019-02-15,-0.573,-0.033
2019-02-22,-0.586,-0.040
2019-03-01,-0.594,-0.046
2019-03-08,-0.600,-0.049
2019-03-15,-0.603,-0.051
2019-03-22,-0.607,-0.052
2019-03-29,-0.610,-0.053
2019-04-05,-0.614,-0.055
2019-04-12,-0.618,-0.056
2019-04-19,-0.619,-0.056
2019-04-26,-0.618,-0.055
2019-05-03,-0.615,-0.053
2019-05-10,-0.608,-0.049
2019-05-17,-0.599,-0.044
2019-05-24,-0.591,-0.040
2019-05-31,-0.583,-0.036
2019-06-07,-0.578,-0.034
2019-06-14,-0.576,-0.033
2019-06-21,-0.576,-0.032
2019-06-28,-0.579,-0.031
2019-07-05,-0.583,-0.029
2019-07-12,-0.585,-0.026
2019-07-19,-0.584,-0.022
2019-07-26,-0.581,-0.015
2019-08-02,-0.573,-0.007
2019-08-09,-0.562,0.002
2019-08-16,-0.550,0.011
2019-08-23,-0.539,0.019
2019-08-30,-0.530,0.025
2019-09-06,-0.523,0.028
2019-09-13,-0.517,0.027
2019-09-20,-0.513,0.024
2019-09-27,-0.514,0.018
2019-10-04,-0.518,0.010
2019-10-11,-0.527,0.001
2019-10-18,-0.539,-0.008
2019-10-25,-0.554,-0.015
2019-11-01,-0.566,-0.021
2019-11-08,-0.575,-0.024
2019-11-15,-0.580,-0.026
2019-11-22,-0.580,-0.026
2019-11-29,-0.574,-0.026
2019-12-06,-0.565,-0.027
2019-12-13,-0.558,-0.031
2019-12-20,-0.554,-0.039
2019-12-27,-0.559,-0.052
2020-01-03,-0.573,-0.067
2020-01-10,-0.593,-0.083
2020-01-17,-0.615,-0.096
2020-01-24,-0.629,-0.101
2020-01-31,-0.626,-0.092
2020-02-07,-0.599,-0.065
2020-02-14,-0.537,-0.016
2020-02-21,-0.435,0.057
2020-02-28,-0.294,0.151
2020-03-06,-0.131,0.258
2020-03-13,0.037,0.370
2020-03-20,0.183,0.473
2020-03-27,0.276,0.552
2020-04-03,0.313,0.605
2020-04-10,0.299,0.628
2020-04-17,0.242,0.622
2020-04-24,0.161,0.594
2020-05-01,0.063,0.547
2020-05-08,-0.037,0.488
2020-05-15,-0.128,0.424
2020-05-22,-0.208,0.358
2020-05-29,-0.271,0.297
2020-06-05,-0.317,0.244
2020-06-12,-0.347,0.202
2020-06-19,-0.369,0.169
2020-06-26,-0.387,0.143
2020-07-03,-0.403,0.123
2020-07-10,-0.422,0.105
2020-07-17,-0.441,0.087
2020-07-24,-0.460,0.070
2020-07-31,-0.478,0.052
2020-08-07,-0.492,0.036
2020-08-14,-0.503,0.021
2020-08-21,-0.509,0.009
2020-08-28,-0.511,0.001
2020-09-04,-0.509,-0.004
2020-09-11,-0.505,-0.006
2020-09-18,-0.501,-0.006
2020-09-25,-0.495,-0.005
2020-10-02,-0.492,-0.004
2020-10-09,-0.492,-0.006
2020-10-16,-0.495,-0.010
2020-10-23,-0.501,-0.015
2020-10-30,-0.510,-0.023
2020-11-06,-0.524,-0.032
2020-11-13,-0.541,-0.042
2020-11-20,-0.557,-0.051
2020-11-27,-0.572,-0.059
2020-12-04,-0.585,-0.067
2020-12-11,-0.595,-0.074
2020-12-18,-0.602,-0.080
2020-12-25,-0.609,-0.087
2021-01-01,-0.614,-0.093
2021-01-08,-0.618,-0.099
2021-01-15,-0.621,-0.105
2021-01-22,-0.623,-0.111
2021-01-29,-0.623,-0.115
2021-02-05,-0.626,-0.120
2021-02-12,-0.627,-0.124
2021-02-19,-0.629,-0.127
2021-02-26,-0.631,-0.130
2021-03-05,-0.635,-0.134
2021-03-12,-0.640,-0.139
2021-03-19,-0.646,-0.145
2021-03-26,-0.652,-0.151
2021-04-02,-0.659,-0.158
2021-04-09,-0.668,-0.166
2021-04-16,-0.675,-0.172
2021-04-23,-0.681,-0.177
2021-04-30,-0.686,-0.181
2021-05-07,-0.691,-0.182
2021-05-14,-0.694,-0.181
2021-05-21,-0.696,-0.179
2021-05-28,-0.698,-0.175
2021-06-04,-0.699,-0.171
2021-06-11,-0.699,-0.167
2021-06-18,-0.695,-0.164
2021-06-25,-0.691,-0.160
2021-07-02,-0.686,-0.156
2021-07-09,-0.679,-0.152
2021-07-16,-0.672,-0.148
2021-07-23,-0.665,-0.143
2021-07-30,-0.660,-0.139
2021-08-06,-0.655,-0.135
2021-08-13,-0.652,-0.133
2021-08-20,-0.651,-0.131
2021-08-27,-0.652,-0.131
2021-09-03,-0.653,-0.132
2021-09-10,-0.655,-0.133
2021-09-17,-0.657,-0.134
2021-09-24,-0.658,-0.135
2021-10-01,-0.658,-0.135
2021-10-08,-0.656,-0.135
2021-10-15,-0.650,-0.133
2021-10-22,-0.640,-0.130
2021-10-29,-0.625,-0.126
2021-11-05,-0.607,-0.120
2021-11-12,-0.588,-0.115
2021-11-19,-0.570,-0.109
2021-11-26,-0.554,-0.104
2021-12-03,-0.543,-0.100
2021-12-10,-0.541,-0.097
2021-12-17,-0.543,-0.095
2021-12-24,-0.550,-0.093
2021-12-31,-0.559,-0.090
2022-01-07,-0.564,-0.086
2022-01-14,-0.564,-0.079
2022-01-21,-0.557,-0.068
2022-01-28,-0.543,-0.055
2022-02-04,-0.523,-0.040
2022-02-11,-0.497,-0.022
2022-02-18,-0.467,-0.004
2022-02-25,-0.437,0.013
2022-03-04,-0.410,0.028
2022-03-11,-0.388,0.042
2022-03-18,-0.376,0.052
2022-03-25,-0.370,0.059
2022-04-01,-0.367,0.065
2022-04-08,-0.365,0.070
2022-04-15,-0.358,0.075
2022-04-22,-0.347,0.081
2022-04-29,-0.332,0.090
2022-05-06,-0.314,0.101
2022-05-13,-0.294,0.113
2022-05-20,-0.275,0.128
2022-05-27,-0.252,0.144
2022-06-03,-0.229,0.161
2022-06-10,-0.203,0.178
2022-06-17,-0.179,0.193
2022-06-24,-0.163,0.204
2022-07-01,-0.157,0.209
2022-07-08,-0.160,0.208
2022-07-15,-0.174,0.202
2022-07-22,-0.194,0.192
2022-07-29,-0.212,0.181
2022-08-05,-0.226,0.171
2022-08-12,-0.234,0.165
2022-08-19,-0.232,0.164
2022-08-26,-0.219,0.169
2022-09-02,-0.198,0.180
2022-09-09,-0.171,0.194
2022-09-16,-0.142,0.211
2022-09-23,-0.116,0.227
2022-09-30,-0.096,0.240
2022-10-07,-0.089,0.248
2022-10-14,-0.090,0.250
2022-10-21,-0.101,0.246
2022-10-28,-0.117,0.238
2022-11-04,-0.136,0.227
2022-11-11,-0.153,0.216
2022-11-18,-0.167,0.205
2022-11-25,-0.176,0.197
2022-12-02,-0.181,0.193
2022-12-09,-0.184,0.190
2022-12-16,-0.190,0.188
2022-12-23,-0.201,0.185
2022-12-30,-0.218,0.181
2023-01-06,-0.241,0.174
2023-01-13,-0.266,0.165
2023-01-20,-0.287,0.156
2023-01-27,-0.304,0.148
2023-02-03,-0.312,0.143
2023-02-10,-0.308,0.142
2023-02-17,-0.293,0.145
2023-02-24,-0.267,0.154
2023-03-03,-0.235,0.166
2023-03-10,-0.202,0.180
2023-03-17,-0.170,0.195
2023-03-24,-0.151,0.207
2023-03-31,-0.147,0.214
2023-04-07,-0.150,0.218
2023-04-14,-0.161,0.217
2023-04-21,-0.175,0.214
2023-04-28,-0.187,0.209
2023-05-05,-0.196,0.202
2023-05-12,-0.204,0.195
2023-05-19,-0.209,0.187
2023-05-26,-0.212,0.179
2023-06-02,-0.214,0.171
2023-06-09,-0.215,0.165
2023-06-16,-0.217,0.160
2023-06-23,-0.221,0.156
2023-06-30,-0.228,0.152
2023-07-07,-0.236,0.148
2023-07-14,-0.249,0.144
2023-07-21,-0.264,0.140
2023-07-28,-0.280,0.137
2023-08-04,-0.297,0.133
2023-08-11,-0.313,0.130
2023-08-18,-0.325,0.127
2023-08-25,-0.333,0.125
2023-09-01,-0.338,0.124
2023-09-08,-0.338,0.125
2023-09-15,-0.333,0.126
2023-09-22,-0.323,0.128
2023-09-29,-0.311,0.130
2023-10-06,-0.299,0.132
2023-10-13,-0.290,0.132
2023-10-20,-0.284,0.131
2023-10-27,-0.283,0.127
2023-11-03,-0.288,0.122
2023-11-10,-0.297,0.114
2023-11-17,-0.308,0.106
2023-11-24,-0.320,0.097
2023-12-01,-0.331,0.088
2023-12-08,-0.340,0.080
2023-12-15,-0.349,0.071
2023-12-22,-0.359,0.063
2023-12-29,-0.367,0.055
2024-01-05,-0.375,0.048
2024-01-12,-0.383,0.041
2024-01-19,-0.390,0.035
2024-01-26,-0.396,0.029
2024-02-02,-0.404,0.023
2024-02-09,-0.411,0.018
2024-02-16,-0.419,0.013
2024-02-23,-0.427,0.008
2024-03-01,-0.434,0.005
2024-03-08,-0.438,0.002
2024-03-15,-0.440,0.000
2024-03-22,-0.438,-0.002
2024-03-29,-0.433,-0.003
2024-04-05,-0.428,-0.003
2024-04-12,-0.422,-0.004
2024-04-19,-0.416,-0.005
2024-04-26,-0.414,-0.008
2024-05-03,-0.414,-0.010
2024-05-10,-0.414,-0.013
2024-05-17,-0.414,-0.015
2024-05-24,-0.413,-0.017
2024-05-31,-0.409,-0.017
2024-06-07,-0.403,-0.016
2024-06-14,-0.396,-0.014
2024-06-21,-0.388,-0.011
2024-06-28,-0.381,-0.008
2024-07-05,-0.375,-0.005
2024-07-12,-0.369,-0.002
2024-07-19,-0.364,0.001
2024-07-26,-0.361,0.003
2024-08-02,-0.359,0.004
2024-08-09,-0.360,0.004
2024-08-16,-0.369,0.003
2024-08-23,-0.380,-0.001
2024-08-30,-0.391,-0.005
2024-09-06,-0.403,-0.011
2024-09-13,-0.413,-0.017
2024-09-20,-0.421,-0.025
2024-09-27,-0.428,-0.033
2024-10-04,-0.432,-0.041
2024-10-11,-0.436,-0.049
2024-10-18,-0.441,-0.056
2024-10-25,-0.446,-0.063
2024-11-01,-0.452,-0.069
2024-11-08,-0.460,-0.074
2024-11-15,-0.468,-0.077
2024-11-22,-0.473,-0.079
2024-11-29,-0.477,-0.079
2024-12-06,-0.479,-0.077
2024-12-13,-0.481,-0.075
2024-12-20,-0.482,-0.072
2024-12-27,-0.486,-0.070
2025-01-03,-0.490,-0.068
2025-01-10,-0.496,-0.068
2025-01-17,-0.501,-0.068
2025-01-24,-0.506,-0.067
2025-01-31,-0.509,-0.065
2025-02-07,-0.508,-0.062
2025-02-14,-0.504,-0.056
2025-02-21,-0.494,-0.047
2025-02-28,-0.480,-0.037
2025-03-07,-0.463,-0.025
2025-03-14,-0.445,-0.012
2025-03-21,-0.426,0.000
2025-03-28,-0.409,0.009
2025-04-04,-0.393,0.016
2025-04-11,-0.382,0.020
2025-04-18,-0.383,0.020
2025-04-25,-0.390,0.016
2025-05-02,-0.403,0.009
2025-05-09,-0.421,0.000
2025-05-16,-0.439,-0.009
2025-05-23,-0.454,-0.018
2025-05-30,-0.466,-0.025
2025-06-06,-0.476,-0.031
2025-06-13,-0.484,-0.035
2025-06-20,-0.490,-0.038
2025-06-27,-0.497,-0.041
2025-07-04,-0.503,-0.044
2025-07-11,-0.510,-0.046
2025-07-18,-0.515,-0.048
2025-07-25,-0.519,-0.049
2025-08-01,-0.522,-0.050
2025-08-08,-0.524,-0.051
2025-08-15,-0.526,-0.052
2025-08-22,-0.527,-0.051
2025-08-29,-0.528,-0.050
2025-09-05,-0.528,-0.048
2025-09-12,-0.529,-0.046
2025-09-19,-0.528,-0.044
2025-09-26,-0.527,-0.042
2025-10-03,-0.526,-0.041
2025-10-10,-0.524,-0.039
2025-10-17,-0.521,-0.036
2025-10-24,-0.518,-0.032
2025-10-31,-0.515,-0.028
2025-11-07,-0.512,-0.024
2025-11-14,-0.510,-0.019
2025-11-21,-0.509,-0.015
2025-11-28,-0.511,-0.012
2025-12-05,-0.514,-0.010
2025-12-12,-0.519,-0.011
2025-12-19,-0.528,-0.015
2025-12-26,-0.540,-0.020
2026-01-02,-0.551,-0.027
2026-01-09,-0.562,-0.035
2026-01-16,-0.569,-0.040
2026-01-23,-0.571,-0.044
2026-01-30,-0.567,-0.043
2026-02-06,-0.559,-0.040
2026-02-13,-0.545,-0.034
2026-02-20,-0.528,-0.025
2026-02-27,-0.509,-0.016
2026-03-06,-0.490,-0.008
2026-03-13,-0.473,-0.002
2026-03-20,-0.464,0.002
2026-03-27,-0.460,0.002
2026-04-03,-0.465,-0.001
2026-04-10,-0.475,-0.006
2026-04-17,-0.487,-0.012
2026-04-24,-0.498,-0.018
2026-05-01,-0.505,-0.023
2026-05-08,-0.510,-0.027
2026-05-15,-0.511,-0.029
2026-05-22,-0.510,-0.030
2026-05-29,-0.509,-0.030
2026-06-05,-0.508,-0.029
2026-06-12,-0.508,-0.029
2026-06-19,-0.510,-0.029
2026-06-26,-0.514,-0.031
2026-07-03,-0.521,-0.035
2026-07-10,-0.528,-0.039
2026-07-17,-0.535,-0.045
2026-07-24,-0.543,-0.052
2026-07-31,-0.549,-0.059
2026-08-07,-0.555,-0.066
2026-08-14,-0.559,-0.072
