DATE,ICJ
06/10/2008,27.940000
06/11/2008,29.080000
06/12/2008,28.550000
06/13/2008,28.220000
06/17/2008,25.870000
06/18/2008,25.760000
06/19/2008,25.810000
06/20/2008,25.920000
06/23/2008,24.690000
06/24/2008,24.690000
06/25/2008,25.480000
06/26/2008,24.060000
06/27/2008,25.250000
06/30/2008,24.570000
07/01/2008,24.570000
07/02/2008,24.240000
07/03/2008,24.740000
07/07/2008,25.330000
07/08/2008,25.330000
07/10/2008,24.050000
07/11/2008,24.050000
07/15/2008,25.360000
07/16/2008,25.360000
07/17/2008,25.210000
07/18/2008,23.540000
07/22/2008,23.560000
07/23/2008,23.560000
07/24/2008,23.940000
07/25/2008,24.500000
07/28/2008,24.620000
07/29/2008,24.620000
07/30/2008,22.770000
07/31/2008,21.400000
08/01/2008,23.010000
08/04/2008,24.100000
08/05/2008,24.100000
08/06/2008,23.450000
08/07/2008,23.230000
10/17/2008,23.230000
07/24/2009,60.750000
07/27/2009,58.800000
07/28/2009,62.460000
07/29/2009,62.050000
07/30/2009,62.580000
07/31/2009,64.690000
08/03/2009,61.020000
08/04/2009,59.530000
08/05/2009,57.420000
08/06/2009,58.890000
08/07/2009,56.820000
08/10/2009,57.250000
08/11/2009,59.720000
08/12/2009,59.280000
08/13/2009,57.410000
08/14/2009,57.060000
08/17/2009,62.690000
08/18/2009,60.510000
08/19/2009,60.650000
08/20/2009,59.720000
08/21/2009,60.280000
08/24/2009,62.300000
08/25/2009,63.380000
08/26/2009,64.670000
08/27/2009,63.370000
08/28/2009,62.610000
08/31/2009,62.980000
09/01/2009,64.020000
09/02/2009,62.580000
09/03/2009,57.430000
09/04/2009,56.550000
09/08/2009,55.520000
09/09/2009,54.040000
09/10/2009,53.920000
09/11/2009,55.650000
09/14/2009,54.980000
09/15/2009,54.340000
09/16/2009,52.920000
09/17/2009,53.300000
09/18/2009,56.140000
09/21/2009,57.190000
09/22/2009,55.800000
09/23/2009,56.610000
09/24/2009,60.010000
09/25/2009,58.710000
09/28/2009,56.700000
09/29/2009,58.110000
09/30/2009,56.960000
10/01/2009,54.230000
10/02/2009,61.990000
10/05/2009,56.940000
10/06/2009,55.550000
10/07/2009,54.510000
10/08/2009,53.460000
10/09/2009,51.930000
10/12/2009,51.860000
10/13/2009,52.990000
10/14/2009,53.300000
10/15/2009,52.100000
10/16/2009,56.980000
10/19/2009,57.720000
10/20/2009,56.370000
10/21/2009,57.140000
10/22/2009,53.300000
10/23/2009,54.070000
10/26/2009,56.910000
10/27/2009,56.730000
10/28/2009,62.400000
10/29/2009,55.680000
10/30/2009,64.950000
11/02/2009,62.280000
11/03/2009,60.440000
11/04/2009,59.920000
11/05/2009,56.390000
11/06/2009,52.750000
11/09/2009,50.680000
11/10/2009,49.680000
11/11/2009,51.460000
11/12/2009,56.510000
11/13/2009,53.890000
11/16/2009,52.960000
11/17/2009,51.790000
11/18/2009,48.980000
11/19/2009,49.140000
11/20/2009,46.860000
11/23/2009,46.860000
11/22/2010,68.880000
11/23/2010,70.520000
11/24/2010,70.630000
11/26/2010,72.980000
11/29/2010,70.550000
11/30/2010,72.420000
12/01/2010,70.510000
12/02/2010,67.160000
12/03/2010,66.500000
12/06/2010,66.320000
12/07/2010,65.730000
12/08/2010,64.970000
12/09/2010,62.680000
12/10/2010,62.290000
12/13/2010,62.260000
12/14/2010,62.190000
12/15/2010,63.910000
12/16/2010,65.940000
12/17/2010,65.160000
12/20/2010,65.550000
12/21/2010,65.810000
12/22/2010,66.100000
12/23/2010,67.650000
12/27/2010,68.380000
12/28/2010,67.600000
12/29/2010,68.200000
12/30/2010,68.550000
12/31/2010,67.180000
01/03/2011,67.610000
01/04/2011,69.150000
01/05/2011,67.580000
01/06/2011,63.460000
01/07/2011,62.810000
01/10/2011,61.870000
01/11/2011,61.560000
01/12/2011,60.940000
01/13/2011,61.440000
01/14/2011,61.330000
01/18/2011,61.830000
01/19/2011,63.900000
01/20/2011,63.250000
01/21/2011,66.150000
01/24/2011,64.630000
01/25/2011,63.520000
01/26/2011,61.840000
01/27/2011,61.110000
01/28/2011,63.910000
01/31/2011,59.510000
02/01/2011,59.880000
02/02/2011,60.670000
02/03/2011,60.360000
02/04/2011,59.410000
02/07/2011,59.250000
02/08/2011,58.640000
02/09/2011,58.520000
02/10/2011,58.710000
02/11/2011,57.410000
02/14/2011,58.730000
02/15/2011,59.840000
02/16/2011,57.990000
02/17/2011,60.190000
02/18/2011,61.430000
02/22/2011,61.230000
02/23/2011,62.100000
02/24/2011,60.700000
02/25/2011,57.910000
02/28/2011,58.250000
03/01/2011,62.540000
03/02/2011,60.170000
03/03/2011,60.480000
03/04/2011,60.500000
03/07/2011,63.440000
03/08/2011,65.510000
03/09/2011,67.720000
03/10/2011,65.360000
03/11/2011,64.240000
03/14/2011,64.160000
03/15/2011,64.930000
03/16/2011,69.180000
03/17/2011,61.260000
03/18/2011,61.270000
03/21/2011,63.670000
03/22/2011,64.980000
03/23/2011,64.510000
03/24/2011,61.260000
03/25/2011,59.690000
03/28/2011,63.120000
03/29/2011,59.460000
03/30/2011,59.970000
03/31/2011,60.870000
04/01/2011,61.840000
04/04/2011,61.620000
04/05/2011,57.780000
04/06/2011,57.900000
04/07/2011,59.330000
04/08/2011,60.800000
04/11/2011,61.400000
04/12/2011,63.290000
04/13/2011,62.710000
04/14/2011,61.570000
04/15/2011,62.010000
04/18/2011,61.220000
04/19/2011,60.690000
04/20/2011,59.150000
04/21/2011,62.470000
04/25/2011,61.020000
04/26/2011,61.360000
04/27/2011,62.810000
04/28/2011,63.680000
04/29/2011,63.610000
05/02/2011,62.340000
05/03/2011,62.500000
05/04/2011,64.950000
05/05/2011,61.130000
05/06/2011,61.240000
05/09/2011,61.180000
05/10/2011,55.530000
05/11/2011,61.750000
05/12/2011,61.660000
05/13/2011,62.210000
05/16/2011,65.660000
05/17/2011,62.670000
05/18/2011,62.920000
05/19/2011,62.810000
05/20/2011,64.250000
05/23/2011,64.760000
05/24/2011,66.350000
05/25/2011,65.710000
05/26/2011,61.460000
05/27/2011,61.300000
05/31/2011,60.240000
06/01/2011,62.570000
06/02/2011,62.560000
06/03/2011,61.470000
06/06/2011,60.120000
06/07/2011,59.810000
06/08/2011,62.550000
06/09/2011,60.860000
06/10/2011,63.020000
06/13/2011,64.320000
06/14/2011,62.810000
06/15/2011,63.790000
06/16/2011,65.720000
06/17/2011,66.850000
06/20/2011,64.560000
06/21/2011,64.470000
06/22/2011,66.860000
06/23/2011,66.610000
06/24/2011,66.070000
06/27/2011,66.260000
06/28/2011,66.550000
06/29/2011,64.140000
06/30/2011,64.260000
07/01/2011,63.550000
07/05/2011,64.090000
07/06/2011,62.300000
07/07/2011,62.270000
07/08/2011,63.290000
07/11/2011,65.330000
07/12/2011,68.360000
07/13/2011,68.670000
07/14/2011,69.820000
07/15/2011,65.770000
07/18/2011,66.130000
07/19/2011,65.630000
07/20/2011,65.470000
07/21/2011,61.630000
07/22/2011,62.790000
07/25/2011,68.480000
07/26/2011,68.710000
07/27/2011,68.170000
07/28/2011,67.500000
07/29/2011,63.460000
08/01/2011,62.810000
08/02/2011,66.040000
08/03/2011,67.310000
08/04/2011,72.010000
08/05/2011,69.020000
08/08/2011,68.110000
08/09/2011,63.230000
08/10/2011,65.540000
08/11/2011,63.200000
08/12/2011,66.360000
08/15/2011,65.900000
08/16/2011,67.620000
08/17/2011,68.170000
08/18/2011,70.290000
08/19/2011,70.750000
08/22/2011,71.940000
08/23/2011,68.000000
08/24/2011,69.420000
08/25/2011,69.910000
08/26/2011,70.140000
08/29/2011,70.820000
08/30/2011,72.090000
08/31/2011,69.070000
09/01/2011,72.340000
09/02/2011,71.560000
09/06/2011,70.090000
09/07/2011,69.100000
09/08/2011,70.010000
09/09/2011,70.230000
09/12/2011,70.680000
09/13/2011,70.780000
09/14/2011,72.270000
09/15/2011,71.820000
09/16/2011,73.230000
09/19/2011,73.510000
09/20/2011,73.530000
09/21/2011,76.920000
09/22/2011,76.190000
09/23/2011,74.830000
09/26/2011,75.080000
09/27/2011,74.390000
09/28/2011,77.410000
09/29/2011,74.540000
09/30/2011,78.550000
10/03/2011,78.530000
10/04/2011,73.170000
10/05/2011,73.670000
10/06/2011,74.610000
10/07/2011,75.590000
10/10/2011,74.140000
10/11/2011,74.310000
10/12/2011,74.330000
10/13/2011,73.440000
10/14/2011,71.550000
10/17/2011,74.220000
10/18/2011,75.010000
10/19/2011,78.250000
10/20/2011,78.300000
10/21/2011,75.890000
10/24/2011,76.210000
10/25/2011,77.440000
10/26/2011,75.670000
10/27/2011,72.010000
10/28/2011,71.000000
10/31/2011,77.150000
11/01/2011,78.660000
11/02/2011,78.790000
11/03/2011,77.140000
11/04/2011,78.050000
11/07/2011,77.060000
11/08/2011,76.400000
11/09/2011,81.170000
11/10/2011,78.080000
11/11/2011,75.450000
11/14/2011,76.890000
11/15/2011,77.300000
11/16/2011,80.180000
11/17/2011,80.440000
11/18/2011,80.500000
11/21/2011,81.800000
11/22/2011,81.120000
11/23/2011,82.350000
11/25/2011,82.500000
11/28/2011,79.850000
11/29/2011,79.050000
11/30/2011,77.220000
12/01/2011,76.770000
12/02/2011,77.880000
12/05/2011,78.060000
12/06/2011,81.370000
12/07/2011,80.270000
12/08/2011,82.100000
12/09/2011,78.930000
12/12/2011,80.490000
12/13/2011,83.070000
12/14/2011,83.280000
12/15/2011,83.470000
12/16/2011,83.940000
12/19/2011,82.950000
12/20/2011,79.360000
12/21/2011,77.340000
12/22/2011,78.330000
12/23/2011,80.610000
12/27/2011,79.310000
12/28/2011,80.420000
12/29/2011,79.260000
12/30/2011,78.400000
01/03/2012,78.730000
01/04/2012,75.730000
01/05/2012,75.030000
01/06/2012,75.050000
01/09/2012,76.460000
01/10/2012,75.970000
01/11/2012,76.650000
01/12/2012,76.760000
01/13/2012,76.580000
01/17/2012,78.750000
01/18/2012,77.240000
01/19/2012,76.500000
01/20/2012,76.290000
01/23/2012,75.820000
01/24/2012,76.440000
01/25/2012,75.340000
01/26/2012,74.740000
01/27/2012,73.790000
01/30/2012,74.490000
01/31/2012,75.530000
02/01/2012,74.790000
02/02/2012,72.330000
02/03/2012,70.880000
02/06/2012,71.140000
02/07/2012,71.730000
02/08/2012,73.080000
02/09/2012,73.850000
02/10/2012,73.150000
02/13/2012,71.510000
02/14/2012,72.170000
02/15/2012,73.330000
02/16/2012,70.120000
02/17/2012,71.350000
02/21/2012,71.960000
02/22/2012,72.740000
02/23/2012,70.730000
02/24/2012,71.390000
02/27/2012,72.260000
02/28/2012,72.030000
02/29/2012,72.770000
03/01/2012,69.560000
03/02/2012,70.670000
03/05/2012,71.330000
03/06/2012,73.610000
03/07/2012,72.170000
03/08/2012,70.090000
03/09/2012,68.990000
03/12/2012,68.680000
03/13/2012,66.650000
03/14/2012,67.560000
03/15/2012,67.310000
03/16/2012,68.340000
03/19/2012,66.910000
03/20/2012,66.200000
03/21/2012,65.360000
03/22/2012,64.060000
03/23/2012,62.360000
03/26/2012,58.260000
03/27/2012,62.340000
03/28/2012,60.970000
03/29/2012,61.150000
03/30/2012,61.090000
04/02/2012,62.320000
04/03/2012,61.390000
04/04/2012,63.360000
04/05/2012,64.350000
04/09/2012,66.640000
04/10/2012,68.140000
04/11/2012,68.540000
04/12/2012,62.070000
04/13/2012,66.170000
04/16/2012,67.380000
04/17/2012,64.410000
04/18/2012,65.420000
04/19/2012,66.160000
04/20/2012,66.000000
04/23/2012,69.650000
04/24/2012,67.640000
04/25/2012,63.910000
04/26/2012,62.890000
04/27/2012,63.000000
04/30/2012,63.940000
05/01/2012,64.170000
05/02/2012,64.360000
05/03/2012,65.190000
05/04/2012,68.050000
05/07/2012,66.700000
05/08/2012,66.370000
05/09/2012,67.090000
05/10/2012,66.020000
05/11/2012,68.980000
05/14/2012,70.170000
05/15/2012,70.050000
05/16/2012,69.600000
05/17/2012,70.740000
05/18/2012,72.560000
05/21/2012,70.130000
05/22/2012,71.750000
05/23/2012,69.990000
05/24/2012,66.910000
05/25/2012,68.520000
05/29/2012,66.600000
05/30/2012,71.250000
05/31/2012,70.790000
06/01/2012,73.320000
06/04/2012,72.670000
06/05/2012,71.280000
06/06/2012,69.260000
06/07/2012,71.050000
06/08/2012,68.450000
06/11/2012,74.250000
06/12/2012,71.860000
06/13/2012,74.970000
06/14/2012,70.070000
06/15/2012,70.320000
06/18/2012,67.310000
06/19/2012,69.570000
06/20/2012,67.580000
06/21/2012,72.330000
06/22/2012,69.180000
06/25/2012,71.590000
06/26/2012,68.750000
06/27/2012,68.640000
06/28/2012,68.370000
06/29/2012,64.050000
07/02/2012,64.680000
07/03/2012,63.510000
07/05/2012,67.610000
07/06/2012,66.010000
07/09/2012,66.610000
07/10/2012,68.090000
07/11/2012,66.340000
07/12/2012,67.510000
07/13/2012,65.400000
07/16/2012,66.130000
07/17/2012,63.970000
07/18/2012,65.950000
07/19/2012,64.390000
07/20/2012,67.400000
07/23/2012,70.030000
07/24/2012,72.200000
07/25/2012,70.590000
07/26/2012,64.550000
07/27/2012,66.840000
07/30/2012,69.200000
07/31/2012,70.760000
08/01/2012,69.650000
08/02/2012,66.170000
08/03/2012,64.310000
08/06/2012,65.120000
08/07/2012,65.230000
08/08/2012,64.060000
08/09/2012,63.140000
08/10/2012,64.140000
08/13/2012,61.690000
08/14/2012,63.120000
08/15/2012,65.180000
08/16/2012,61.980000
08/17/2012,60.330000
08/20/2012,60.440000
08/21/2012,61.290000
08/22/2012,60.100000
08/23/2012,62.200000
08/24/2012,58.710000
08/27/2012,61.720000
08/28/2012,60.910000
08/29/2012,63.260000
08/30/2012,62.410000
08/31/2012,60.900000
09/04/2012,58.240000
09/05/2012,58.360000
09/06/2012,54.070000
09/07/2012,52.370000
09/10/2012,56.820000
09/11/2012,57.110000
09/12/2012,54.130000
09/13/2012,50.970000
09/14/2012,53.160000
09/17/2012,52.940000
09/18/2012,50.060000
09/19/2012,49.290000
09/20/2012,48.780000
09/21/2012,50.850000
09/24/2012,48.480000
09/25/2012,52.150000
09/26/2012,54.870000
09/27/2012,47.090000
09/28/2012,48.830000
10/01/2012,50.040000
10/02/2012,49.150000
10/03/2012,47.640000
10/04/2012,45.780000
10/05/2012,45.420000
10/08/2012,46.090000
10/09/2012,50.720000
10/10/2012,49.580000
10/11/2012,47.420000
10/12/2012,49.260000
10/15/2012,46.180000
10/16/2012,46.950000
10/17/2012,45.230000
10/18/2012,43.750000
10/19/2012,49.310000
10/22/2012,47.200000
10/23/2012,55.200000
10/24/2012,54.540000
10/25/2012,52.780000
10/26/2012,52.280000
10/31/2012,56.830000
11/01/2012,48.990000
11/02/2012,53.050000
11/05/2012,55.690000
11/06/2012,51.600000
11/07/2012,58.230000
11/08/2012,53.570000
11/12/2012,51.410000
11/13/2012,51.610000
11/14/2012,56.200000
11/15/2012,55.300000
11/16/2012,47.100000
11/19/2012,47.100000
11/20/2012,47.100000
11/20/2013,73.360000
11/21/2013,63.920000
11/22/2013,63.890000
11/25/2013,64.140000
11/26/2013,64.720000
11/27/2013,64.340000
11/29/2013,64.180000
12/02/2013,63.730000
12/03/2013,64.440000
12/04/2013,64.020000
12/05/2013,62.050000
12/06/2013,60.320000
12/09/2013,60.410000
12/10/2013,60.820000
12/11/2013,60.130000
12/12/2013,59.680000
12/13/2013,60.510000
12/16/2013,61.090000
12/17/2013,59.670000
12/18/2013,58.740000
12/19/2013,60.120000
12/20/2013,57.620000
12/23/2013,58.060000
12/24/2013,57.820000
12/26/2013,58.070000
12/27/2013,57.310000
12/30/2013,58.030000
12/31/2013,57.350000
01/02/2014,57.620000
01/03/2014,58.820000
01/06/2014,57.290000
01/07/2014,56.130000
01/08/2014,56.340000
01/09/2014,56.210000
01/10/2014,54.830000
01/13/2014,56.930000
01/14/2014,55.000000
01/15/2014,56.340000
01/16/2014,57.010000
01/17/2014,58.060000
01/21/2014,57.410000
01/22/2014,58.160000
01/23/2014,58.570000
01/24/2014,60.700000
01/27/2014,61.930000
01/28/2014,60.690000
01/29/2014,60.580000
01/30/2014,60.290000
01/31/2014,63.440000
02/03/2014,65.930000
02/04/2014,63.420000
02/05/2014,62.730000
02/06/2014,60.240000
02/07/2014,58.030000
02/10/2014,57.960000
02/11/2014,56.590000
02/12/2014,57.050000
02/13/2014,57.460000
02/14/2014,57.200000
02/18/2014,57.520000
02/19/2014,60.260000
02/20/2014,58.200000
02/21/2014,57.190000
02/24/2014,58.360000
02/25/2014,57.260000
02/26/2014,58.240000
02/27/2014,59.170000
02/28/2014,59.960000
03/03/2014,60.450000
03/04/2014,57.910000
03/05/2014,58.510000
03/06/2014,60.090000
03/07/2014,59.420000
03/10/2014,59.600000
03/11/2014,61.050000
03/12/2014,60.570000
03/13/2014,60.840000
03/14/2014,62.810000
03/17/2014,60.300000
03/18/2014,58.660000
03/19/2014,58.560000
03/20/2014,57.880000
03/21/2014,58.730000
03/24/2014,59.780000
03/25/2014,59.220000
03/26/2014,61.510000
03/27/2014,60.890000
03/28/2014,60.060000
03/31/2014,58.660000
04/01/2014,58.740000
04/02/2014,57.720000
04/03/2014,57.720000
04/04/2014,59.270000
04/07/2014,60.250000
04/08/2014,60.920000
04/09/2014,57.950000
04/10/2014,60.520000
04/11/2014,61.920000
04/14/2014,61.540000
04/15/2014,60.910000
04/16/2014,60.240000
04/17/2014,61.120000
04/21/2014,61.410000
04/22/2014,60.630000
04/23/2014,60.590000
04/24/2014,61.910000
04/25/2014,61.700000
04/28/2014,59.080000
04/29/2014,59.150000
04/30/2014,58.780000
05/01/2014,59.090000
05/02/2014,59.940000
05/05/2014,60.490000
05/06/2014,60.490000
05/07/2014,59.500000
05/08/2014,60.220000
05/09/2014,59.670000
05/12/2014,59.530000
05/13/2014,59.150000
05/14/2014,60.370000
05/15/2014,60.610000
05/16/2014,59.320000
05/19/2014,59.320000
05/20/2014,59.990000
05/21/2014,58.670000
05/22/2014,60.380000
05/23/2014,60.180000
05/27/2014,59.830000
05/28/2014,60.830000
05/29/2014,60.770000
05/30/2014,60.620000
06/02/2014,62.250000
06/03/2014,60.270000
06/04/2014,60.060000
06/05/2014,59.140000
06/06/2014,56.490000
06/09/2014,57.320000
06/10/2014,59.260000
06/11/2014,59.920000
06/12/2014,62.430000
06/13/2014,61.990000
06/16/2014,62.860000
06/17/2014,62.460000
06/18/2014,60.700000
06/19/2014,59.300000
06/20/2014,60.400000
06/23/2014,62.200000
06/24/2014,64.870000
06/25/2014,63.500000
06/26/2014,64.310000
06/27/2014,62.510000
06/30/2014,63.000000
07/01/2014,63.430000
07/02/2014,60.240000
07/03/2014,60.380000
07/07/2014,63.010000
07/08/2014,63.190000
07/09/2014,61.860000
07/10/2014,62.820000
07/11/2014,62.920000
07/14/2014,62.400000
07/15/2014,63.370000
07/16/2014,62.160000
07/17/2014,64.160000
07/18/2014,61.880000
07/21/2014,62.510000
07/22/2014,62.590000
07/23/2014,64.460000
07/24/2014,63.920000
07/25/2014,65.090000
07/28/2014,63.940000
07/29/2014,64.080000
07/30/2014,62.570000
07/31/2014,65.930000
08/01/2014,66.800000
08/04/2014,63.850000
08/05/2014,65.900000
08/06/2014,65.400000
08/07/2014,65.230000
08/08/2014,62.290000
08/11/2014,61.580000
08/12/2014,62.180000
08/13/2014,61.570000
08/14/2014,60.950000
08/15/2014,60.800000
08/18/2014,59.940000
08/19/2014,59.220000
08/20/2014,59.770000
08/21/2014,60.100000
08/22/2014,56.330000
08/25/2014,59.880000
08/26/2014,60.900000
08/27/2014,61.010000
08/28/2014,62.520000
08/29/2014,63.150000
09/02/2014,62.700000
09/03/2014,63.160000
09/04/2014,62.590000
09/05/2014,60.630000
09/08/2014,61.760000
09/09/2014,62.690000
09/10/2014,61.870000
09/11/2014,61.860000
09/12/2014,63.010000
09/15/2014,62.730000
09/16/2014,60.930000
09/17/2014,61.170000
09/18/2014,60.610000
09/19/2014,61.880000
09/22/2014,64.550000
09/23/2014,66.050000
09/24/2014,62.930000
09/25/2014,64.430000
09/26/2014,63.920000
09/29/2014,66.440000
09/30/2014,66.540000
10/01/2014,66.750000
10/02/2014,66.420000
10/03/2014,64.220000
10/06/2014,65.040000
10/07/2014,66.600000
10/08/2014,62.540000
10/09/2014,65.110000
10/10/2014,68.920000
10/13/2014,72.870000
10/14/2014,68.870000
10/15/2014,71.340000
10/16/2014,68.120000
10/17/2014,69.760000
10/20/2014,67.740000
10/21/2014,66.400000
10/22/2014,69.550000
10/23/2014,68.820000
10/24/2014,67.390000
10/27/2014,66.510000
10/28/2014,65.200000
10/29/2014,66.190000
10/30/2014,65.970000
10/31/2014,65.440000
11/03/2014,66.910000
11/04/2014,67.870000
11/05/2014,66.870000
11/06/2014,64.130000
11/07/2014,63.560000
11/10/2014,62.860000
11/11/2014,63.180000
11/12/2014,63.920000
11/13/2014,65.350000
11/14/2014,65.370000
11/17/2014,59.850000
11/18/2014,58.480000
11/19/2014,59.230000
11/20/2014,59.740000
11/21/2014,60.490000
11/24/2014,59.310000
11/25/2014,59.480000
11/26/2014,60.290000
11/28/2014,60.770000
12/01/2014,59.630000
12/02/2014,57.910000
12/03/2014,56.950000
12/04/2014,56.610000
12/05/2014,56.280000
12/08/2014,58.660000
12/09/2014,56.820000
12/10/2014,59.880000
12/11/2014,64.410000
12/12/2014,61.950000
12/15/2014,60.040000
12/16/2014,67.040000
12/17/2014,58.730000
12/18/2014,56.080000
12/19/2014,57.510000
12/22/2014,57.130000
12/23/2014,57.940000
12/24/2014,58.670000
12/26/2014,58.000000
12/29/2014,58.220000
12/30/2014,59.250000
12/31/2014,62.740000
01/02/2015,60.620000
01/05/2015,59.970000
01/06/2015,60.540000
01/07/2015,57.440000
01/08/2015,56.750000
01/09/2015,58.100000
01/12/2015,59.570000
01/13/2015,60.490000
01/14/2015,59.210000
01/15/2015,59.860000
01/16/2015,61.590000
01/20/2015,61.490000
01/21/2015,60.820000
01/22/2015,59.210000
01/23/2015,61.250000
01/26/2015,58.700000
01/27/2015,60.210000
01/28/2015,62.730000
01/29/2015,60.470000
01/30/2015,60.470000
02/02/2015,61.090000
02/03/2015,57.320000
02/04/2015,60.070000
02/05/2015,59.730000
02/06/2015,61.640000
02/09/2015,63.460000
02/10/2015,60.540000
02/11/2015,59.110000
02/12/2015,56.310000
02/13/2015,56.170000
02/17/2015,56.840000
02/18/2015,56.840000
02/19/2015,56.520000
02/20/2015,54.110000
02/23/2015,55.010000
02/24/2015,52.930000
02/25/2015,53.720000
02/26/2015,53.180000
02/27/2015,53.800000
03/02/2015,51.880000
03/03/2015,53.190000
03/04/2015,52.480000
03/05/2015,51.870000
03/06/2015,54.810000
03/09/2015,54.930000
03/10/2015,57.570000
03/11/2015,58.690000
03/12/2015,56.050000
03/13/2015,57.960000
03/16/2015,55.330000
03/17/2015,56.150000
03/18/2015,52.980000
03/19/2015,55.740000
03/20/2015,55.650000
03/23/2015,57.670000
03/24/2015,58.510000
03/25/2015,60.440000
03/26/2015,58.530000
03/27/2015,58.380000
03/30/2015,57.550000
03/31/2015,59.960000
04/01/2015,58.110000
04/02/2015,63.300000
04/06/2015,53.210000
04/07/2015,58.330000
04/08/2015,56.400000
04/09/2015,54.400000
04/10/2015,52.760000
04/13/2015,55.720000
04/14/2015,55.330000
04/15/2015,55.480000
04/16/2015,55.900000
04/17/2015,57.140000
04/20/2015,57.360000
04/21/2015,56.530000
04/22/2015,55.480000
04/23/2015,56.140000
04/24/2015,55.750000
04/27/2015,55.360000
04/28/2015,53.860000
04/29/2015,54.180000
04/30/2015,55.300000
05/01/2015,52.620000
05/04/2015,54.390000
05/05/2015,57.360000
05/06/2015,57.520000
05/07/2015,56.440000
05/08/2015,54.900000
05/11/2015,57.570000
05/12/2015,55.750000
05/13/2015,55.570000
05/14/2015,54.130000
05/15/2015,54.420000
05/18/2015,54.580000
05/19/2015,53.700000
05/20/2015,52.610000
05/21/2015,51.030000
05/22/2015,50.470000
05/26/2015,52.510000
05/27/2015,50.180000
05/28/2015,50.910000
05/29/2015,52.700000
06/01/2015,52.040000
06/02/2015,53.340000
06/03/2015,52.390000
06/04/2015,54.060000
06/05/2015,54.920000
06/08/2015,56.330000
06/09/2015,55.420000
06/10/2015,51.570000
06/11/2015,50.780000
06/12/2015,52.420000
06/15/2015,55.410000
06/16/2015,54.150000
06/17/2015,54.140000
06/18/2015,52.690000
06/19/2015,57.960000
06/22/2015,53.960000
06/23/2015,51.950000
06/24/2015,54.570000
06/25/2015,54.540000
06/26/2015,52.710000
06/29/2015,60.350000
06/30/2015,59.080000
07/01/2015,55.080000
07/02/2015,57.790000
07/06/2015,59.150000
07/07/2015,54.370000
07/08/2015,59.860000
07/09/2015,62.420000
07/10/2015,56.520000
07/13/2015,50.490000
07/14/2015,51.430000
07/15/2015,51.070000
07/16/2015,49.020000
07/17/2015,46.830000
07/20/2015,46.100000
07/21/2015,45.690000
07/22/2015,46.470000
07/23/2015,46.350000
07/24/2015,47.580000
07/27/2015,50.930000
07/28/2015,45.870000
07/29/2015,44.780000
07/30/2015,44.820000
07/31/2015,45.580000
08/03/2015,45.580000
08/04/2015,47.530000
08/05/2015,44.170000
08/06/2015,44.280000
08/07/2015,43.580000
08/10/2015,42.650000
08/11/2015,45.060000
08/12/2015,44.750000
08/13/2015,44.830000
08/14/2015,44.470000
08/17/2015,42.460000
08/18/2015,44.870000
08/19/2015,47.590000
08/20/2015,52.800000
08/21/2015,55.500000
08/24/2015,67.920000
08/25/2015,61.670000
08/26/2015,58.780000
08/27/2015,57.150000
08/28/2015,59.310000
08/31/2015,65.120000
09/01/2015,64.300000
09/02/2015,59.220000
09/03/2015,62.090000
09/04/2015,63.060000
09/08/2015,60.990000
09/09/2015,62.100000
09/10/2015,60.350000
09/11/2015,58.290000
09/14/2015,59.160000
09/15/2015,56.210000
09/16/2015,52.530000
09/17/2015,57.730000
09/18/2015,56.930000
09/21/2015,54.140000
09/22/2015,58.210000
09/23/2015,56.360000
09/24/2015,59.470000
09/25/2015,58.360000
09/28/2015,61.210000
09/29/2015,60.040000
09/30/2015,58.750000
10/01/2015,53.330000
10/02/2015,50.820000
10/05/2015,50.950000
10/06/2015,49.430000
10/07/2015,46.390000
10/08/2015,43.010000
10/09/2015,44.310000
10/12/2015,41.700000
10/13/2015,47.220000
10/14/2015,48.620000
10/15/2015,42.590000
10/16/2015,41.880000
10/19/2015,39.010000
10/20/2015,41.640000
10/21/2015,45.140000
10/22/2015,35.300000
10/23/2015,38.550000
10/26/2015,40.460000
10/27/2015,40.400000
10/28/2015,38.180000
10/29/2015,38.580000
10/30/2015,40.750000
11/02/2015,35.700000
11/03/2015,36.470000
11/04/2015,40.780000
11/05/2015,38.240000
11/06/2015,34.740000
11/09/2015,41.550000
11/10/2015,36.460000
11/11/2015,40.170000
11/12/2015,47.430000
11/13/2015,51.100000
11/16/2015,44.380000
11/17/2015,48.370000
11/18/2015,40.300000
11/19/2015,40.140000
11/20/2015,34.420000
11/23/2015,34.420000
11/24/2015,34.420000
11/25/2015,34.420000
11/27/2015,34.420000
11/30/2015,34.420000
11/22/2016,59.170000
11/23/2016,58.770000
11/25/2016,59.440000
11/28/2016,59.940000
11/29/2016,59.910000
11/30/2016,59.750000
12/01/2016,59.740000
12/02/2016,59.900000
12/05/2016,58.520000
12/06/2016,57.850000
12/07/2016,55.650000
12/08/2016,57.150000
12/09/2016,54.730000
12/12/2016,59.680000
12/13/2016,59.300000
12/14/2016,56.180000
12/15/2016,58.580000
12/16/2016,57.930000
12/19/2016,59.430000
12/20/2016,57.450000
12/21/2016,57.670000
12/22/2016,57.900000
12/23/2016,57.210000
12/27/2016,59.420000
12/28/2016,57.620000
12/29/2016,58.960000
12/30/2016,60.420000
01/03/2017,58.500000
01/04/2017,57.630000
01/05/2017,56.840000
01/06/2017,55.160000
01/09/2017,55.330000
01/10/2017,57.510000
01/11/2017,54.700000
01/12/2017,55.740000
01/13/2017,56.910000
01/17/2017,57.480000
01/18/2017,55.470000
01/19/2017,56.140000
01/20/2017,54.930000
01/23/2017,55.340000
01/24/2017,52.720000
01/25/2017,55.300000
01/26/2017,54.350000
01/27/2017,57.340000
01/30/2017,57.230000
01/31/2017,53.880000
02/01/2017,55.820000
02/02/2017,55.760000
02/03/2017,56.700000
02/06/2017,53.480000
02/07/2017,51.690000
02/08/2017,54.240000
02/09/2017,53.130000
02/10/2017,54.220000
02/13/2017,54.770000
02/14/2017,53.000000
02/15/2017,52.550000
02/16/2017,52.740000
02/17/2017,52.860000
02/21/2017,52.490000
02/22/2017,51.080000
02/23/2017,52.600000
02/24/2017,52.500000
02/27/2017,52.700000
02/28/2017,50.780000
03/01/2017,54.610000
03/02/2017,53.050000
03/03/2017,54.910000
03/06/2017,53.370000
03/07/2017,54.300000
03/08/2017,52.730000
03/09/2017,53.040000
03/10/2017,53.810000
03/13/2017,53.660000
03/14/2017,53.200000
03/15/2017,53.300000
03/16/2017,53.000000
03/17/2017,53.070000
03/20/2017,55.510000
03/21/2017,55.040000
03/22/2017,55.980000
03/23/2017,55.270000
03/24/2017,52.720000
03/27/2017,52.310000
03/28/2017,51.790000
03/29/2017,52.320000
03/30/2017,52.130000
03/31/2017,51.860000
04/03/2017,51.330000
04/04/2017,50.980000
04/05/2017,52.010000
04/06/2017,51.740000
04/07/2017,52.940000
04/10/2017,52.780000
04/11/2017,52.480000
04/12/2017,54.490000
04/13/2017,54.150000
04/17/2017,55.690000
04/18/2017,52.850000
04/19/2017,53.080000
04/20/2017,51.920000
04/21/2017,50.600000
04/24/2017,53.040000
04/25/2017,50.940000
04/26/2017,51.380000
04/27/2017,51.420000
04/28/2017,52.350000
05/01/2017,51.590000
05/02/2017,52.680000
05/03/2017,53.010000
05/04/2017,52.860000
05/05/2017,50.670000
05/08/2017,52.110000
05/09/2017,51.450000
05/10/2017,51.900000
05/11/2017,51.590000
05/12/2017,54.880000
05/15/2017,53.430000
05/16/2017,49.600000
05/17/2017,54.700000
05/18/2017,54.950000
05/19/2017,54.700000
05/22/2017,52.320000
05/23/2017,51.330000
05/24/2017,49.830000
05/25/2017,50.230000
05/26/2017,53.380000
05/30/2017,52.650000
05/31/2017,53.020000
06/01/2017,52.240000
06/02/2017,52.180000
06/05/2017,54.000000
06/06/2017,53.740000
06/07/2017,53.630000
06/08/2017,51.240000
06/09/2017,51.010000
06/12/2017,51.990000
06/13/2017,52.190000
06/14/2017,51.340000
06/15/2017,51.180000
06/16/2017,52.870000
06/19/2017,51.680000
06/20/2017,51.940000
06/21/2017,49.290000
06/22/2017,49.060000
06/23/2017,48.820000
06/26/2017,49.580000
06/27/2017,49.380000
06/28/2017,47.760000
06/29/2017,49.110000
06/30/2017,49.180000
07/03/2017,48.270000
07/05/2017,48.480000
07/06/2017,47.370000
07/07/2017,47.280000
07/10/2017,48.590000
07/11/2017,46.500000
07/12/2017,46.710000
07/13/2017,45.120000
07/14/2017,45.330000
07/17/2017,45.060000
07/18/2017,45.590000
07/19/2017,46.110000
07/20/2017,45.690000
07/21/2017,45.380000
07/24/2017,44.490000
07/25/2017,44.420000
07/26/2017,42.240000
07/27/2017,42.260000
07/28/2017,42.270000
07/31/2017,42.730000
08/01/2017,41.650000
08/02/2017,42.540000
08/03/2017,42.720000
08/04/2017,43.040000
08/07/2017,41.690000
08/08/2017,43.480000
08/09/2017,44.250000
08/10/2017,48.950000
08/11/2017,47.060000
08/14/2017,41.890000
08/15/2017,42.410000
08/16/2017,43.950000
08/17/2017,47.010000
08/18/2017,43.190000
08/21/2017,46.870000
08/22/2017,43.880000
08/23/2017,43.860000
08/24/2017,46.080000
08/25/2017,45.550000
08/28/2017,46.400000
08/29/2017,49.080000
08/30/2017,44.840000
08/31/2017,45.780000
09/01/2017,47.440000
09/05/2017,47.930000
09/06/2017,47.440000
09/07/2017,47.740000
09/08/2017,39.440000
09/11/2017,46.740000
09/12/2017,46.340000
09/13/2017,45.460000
09/14/2017,44.830000
09/15/2017,43.800000
09/18/2017,40.830000
09/19/2017,43.230000
09/20/2017,41.970000
09/21/2017,44.320000
09/22/2017,44.890000
09/25/2017,42.630000
09/26/2017,46.840000
09/27/2017,44.480000
09/28/2017,44.600000
09/29/2017,43.020000
10/02/2017,41.070000
10/03/2017,40.190000
10/04/2017,41.680000
10/05/2017,38.750000
10/06/2017,39.990000
10/09/2017,40.100000
10/10/2017,40.180000
10/11/2017,39.700000
10/12/2017,40.920000
10/13/2017,40.810000
10/16/2017,40.250000
10/17/2017,40.000000
10/18/2017,39.770000
10/19/2017,40.440000
10/20/2017,39.460000
10/23/2017,39.930000
10/24/2017,39.410000
10/25/2017,39.370000
10/26/2017,38.690000
10/27/2017,37.660000
10/30/2017,38.030000
10/31/2017,36.470000
11/01/2017,37.750000
11/02/2017,37.420000
11/03/2017,38.290000
11/06/2017,37.790000
11/07/2017,37.410000
11/08/2017,38.350000
11/09/2017,38.210000
11/10/2017,39.980000
11/13/2017,39.210000
11/14/2017,38.960000
11/15/2017,42.000000
11/16/2017,40.300000
11/17/2017,39.770000
11/20/2017,37.920000
11/21/2017,38.140000
11/22/2017,38.140000
11/24/2017,37.990000
11/27/2017,38.140000
11/28/2017,37.350000
11/29/2017,37.490000
11/30/2017,39.200000
12/01/2017,38.210000
12/04/2017,36.030000
12/05/2017,37.540000
12/06/2017,37.400000
12/07/2017,36.910000
12/08/2017,35.800000
12/11/2017,36.680000
12/12/2017,35.720000
12/13/2017,36.770000
12/14/2017,37.130000
12/15/2017,36.700000
12/18/2017,36.330000
12/19/2017,36.790000
12/20/2017,36.070000
12/21/2017,36.450000
12/22/2017,38.370000
12/26/2017,37.720000
12/27/2017,38.470000
12/28/2017,42.560000
12/29/2017,40.540000
01/02/2018,35.700000
01/03/2018,34.650000
01/04/2018,34.480000
01/05/2018,34.940000
01/08/2018,34.770000
01/09/2018,34.930000
01/10/2018,33.620000
01/11/2018,34.750000
01/12/2018,32.890000
01/16/2018,33.290000
01/17/2018,34.600000
01/18/2018,33.500000
01/19/2018,34.190000
01/22/2018,34.060000
01/23/2018,33.860000
01/24/2018,34.180000
01/25/2018,33.420000
01/26/2018,33.440000
01/29/2018,33.300000
01/30/2018,37.260000
01/31/2018,33.410000
02/01/2018,33.260000
02/02/2018,41.130000
02/05/2018,41.220000
02/06/2018,44.970000
02/07/2018,45.780000
02/08/2018,52.560000
02/09/2018,46.820000
02/12/2018,47.010000
02/13/2018,45.760000
02/14/2018,42.970000
02/15/2018,42.680000
02/16/2018,42.420000
02/20/2018,41.900000
02/21/2018,43.780000
02/22/2018,39.220000
02/23/2018,37.130000
02/26/2018,35.890000
02/27/2018,40.280000
02/28/2018,42.140000
03/01/2018,40.710000
03/02/2018,40.550000
03/05/2018,40.430000
03/06/2018,43.280000
03/07/2018,40.750000
03/08/2018,40.130000
03/09/2018,39.700000
03/12/2018,40.630000
03/13/2018,40.030000
03/14/2018,42.410000
03/15/2018,44.700000
03/16/2018,43.010000
03/19/2018,42.840000
03/20/2018,44.200000
03/21/2018,43.390000
03/22/2018,45.780000
03/23/2018,49.930000
03/26/2018,46.500000
03/27/2018,49.060000
03/28/2018,51.620000
03/29/2018,48.670000
04/02/2018,53.120000
04/03/2018,47.930000
04/04/2018,48.590000
04/05/2018,44.800000
04/06/2018,50.440000
04/09/2018,48.400000
04/10/2018,49.770000
04/11/2018,48.830000
04/12/2018,47.350000
04/13/2018,42.550000
04/16/2018,42.000000
04/17/2018,39.530000
04/18/2018,38.060000
04/19/2018,38.310000
04/20/2018,39.500000
04/23/2018,39.000000
04/24/2018,42.220000
04/25/2018,38.530000
04/26/2018,39.100000
04/27/2018,42.560000
04/30/2018,40.040000
05/01/2018,42.190000
05/02/2018,43.470000
05/03/2018,41.940000
05/04/2018,41.530000
05/07/2018,41.720000
05/08/2018,40.020000
05/09/2018,36.670000
05/10/2018,35.700000
05/11/2018,34.430000
05/14/2018,33.850000
05/15/2018,35.860000
05/16/2018,32.250000
05/17/2018,34.950000
05/18/2018,35.930000
05/21/2018,34.490000
05/22/2018,35.630000
05/23/2018,34.940000
05/24/2018,34.510000
05/25/2018,36.020000
05/29/2018,39.600000
05/30/2018,39.230000
05/31/2018,39.780000
06/01/2018,40.160000
06/04/2018,36.580000
06/05/2018,34.860000
06/06/2018,32.340000
06/07/2018,34.570000
06/08/2018,33.920000
06/11/2018,32.350000
06/12/2018,33.920000
06/13/2018,35.490000
06/14/2018,33.880000
06/15/2018,34.670000
06/18/2018,34.270000
06/19/2018,35.920000
06/20/2018,34.800000
06/21/2018,35.370000
06/22/2018,32.700000
06/25/2018,38.660000
06/26/2018,37.590000
06/27/2018,40.160000
06/28/2018,36.270000
06/29/2018,37.700000
07/02/2018,38.690000
07/03/2018,38.950000
07/05/2018,36.060000
07/06/2018,34.360000
07/09/2018,31.780000
07/10/2018,32.600000
07/11/2018,33.220000
07/12/2018,31.030000
07/13/2018,29.660000
07/16/2018,31.010000
07/17/2018,29.100000
07/18/2018,28.860000
07/19/2018,30.410000
07/20/2018,31.510000
07/23/2018,28.460000
07/24/2018,29.430000
07/25/2018,26.900000
07/26/2018,28.550000
07/27/2018,31.160000
07/30/2018,28.920000
07/31/2018,27.190000
08/01/2018,31.030000
08/02/2018,29.860000
08/03/2018,29.370000
08/06/2018,29.710000
08/07/2018,28.520000
08/08/2018,26.660000
08/09/2018,30.490000
08/10/2018,31.530000
08/13/2018,35.160000
08/14/2018,31.540000
08/15/2018,33.680000
08/16/2018,31.220000
08/17/2018,28.500000
08/20/2018,29.680000
08/21/2018,29.350000
08/22/2018,28.300000
08/23/2018,31.110000
08/24/2018,29.260000
08/27/2018,26.340000
08/28/2018,30.090000
08/29/2018,30.450000
08/30/2018,32.350000
08/31/2018,29.220000
09/04/2018,27.960000
09/05/2018,29.640000
09/06/2018,30.980000
09/07/2018,31.570000
09/10/2018,28.710000
09/11/2018,27.600000
09/12/2018,26.340000
09/13/2018,24.150000
09/14/2018,23.480000
09/17/2018,24.230000
09/18/2018,24.580000
09/19/2018,23.330000
09/20/2018,25.280000
09/21/2018,27.460000
09/24/2018,25.050000
09/25/2018,25.710000
09/26/2018,26.400000
09/27/2018,24.740000
09/28/2018,23.880000
10/01/2018,23.960000
10/02/2018,24.100000
10/03/2018,23.490000
10/04/2018,25.430000
10/05/2018,28.050000
10/08/2018,27.420000
10/09/2018,28.230000
10/10/2018,39.270000
10/11/2018,40.510000
10/12/2018,38.890000
10/15/2018,43.570000
10/16/2018,34.750000
10/17/2018,34.040000
10/18/2018,40.360000
10/19/2018,41.980000
10/22/2018,41.250000
10/23/2018,41.050000
10/24/2018,34.580000
10/25/2018,53.440000
10/26/2018,49.920000
10/29/2018,44.180000
10/30/2018,48.810000
10/31/2018,46.220000
11/01/2018,41.830000
11/02/2018,44.850000
11/05/2018,46.820000
11/06/2018,45.090000
11/07/2018,37.520000
11/08/2018,38.290000
11/09/2018,37.430000
11/12/2018,43.520000
11/13/2018,42.290000
11/14/2018,45.210000
11/15/2018,41.970000
11/16/2018,38.530000
11/19/2018,38.490000
11/20/2018,38.490000
11/21/2018,38.490000
11/22/2018,38.490000
11/23/2018,38.490000
11/26/2018,38.490000
11/27/2018,38.490000
11/28/2018,38.490000
11/29/2018,38.490000
11/30/2018,38.490000
12/03/2018,38.490000
12/04/2018,38.490000
12/06/2018,38.490000
12/10/2018,38.490000
12/11/2018,38.490000
12/12/2018,38.490000
12/13/2018,38.490000
12/14/2018,38.490000
12/17/2018,38.490000
12/18/2018,38.490000
12/19/2018,38.490000
12/20/2018,38.490000
12/21/2018,38.490000
12/24/2018,38.490000
12/25/2018,38.490000
12/26/2018,38.490000
12/27/2018,38.490000
12/28/2018,38.490000
12/31/2018,38.490000
01/02/2019,38.490000
01/03/2019,38.490000
01/04/2019,38.490000
01/07/2019,38.490000
01/08/2019,38.490000
01/09/2019,38.490000
01/10/2019,38.490000
01/11/2019,38.490000
01/14/2019,38.490000
01/15/2019,38.490000
01/16/2019,38.490000
01/17/2019,38.490000
01/18/2019,38.490000
01/22/2019,38.490000
01/23/2019,38.490000
01/24/2019,38.490000
01/25/2019,38.490000
01/28/2019,38.490000
01/29/2019,38.490000
01/30/2019,38.490000
01/31/2019,38.490000
02/01/2019,38.490000
02/04/2019,38.490000
02/05/2019,38.490000
02/06/2019,38.490000
02/07/2019,38.490000
02/08/2019,38.490000
02/11/2019,38.490000
02/12/2019,38.490000
02/13/2019,38.490000
02/14/2019,38.490000
02/15/2019,38.490000
02/19/2019,38.490000
02/20/2019,38.490000
02/21/2019,38.490000
02/22/2019,38.490000
02/25/2019,38.490000
02/26/2019,38.490000
02/27/2019,38.490000
02/28/2019,38.490000
03/01/2019,38.490000
03/04/2019,38.490000
03/05/2019,38.490000
03/06/2019,38.490000
03/07/2019,38.490000
03/08/2019,38.490000
03/11/2019,38.490000
03/12/2019,38.490000
03/13/2019,38.490000
03/14/2019,38.490000
03/15/2019,38.490000
03/18/2019,38.490000
03/19/2019,38.490000
03/20/2019,38.490000
03/21/2019,38.490000
03/22/2019,38.490000
03/25/2019,38.490000
03/26/2019,38.490000
03/27/2019,38.490000
03/28/2019,38.490000
03/29/2019,38.490000
04/01/2019,38.490000
04/02/2019,38.490000
04/03/2019,38.490000
04/04/2019,38.490000
04/05/2019,38.490000
04/08/2019,38.490000
04/09/2019,38.490000
04/10/2019,38.490000
04/11/2019,38.490000
04/12/2019,38.490000
04/15/2019,38.490000
04/16/2019,38.490000
04/17/2019,38.490000
04/18/2019,38.490000
04/22/2019,38.490000
04/23/2019,38.490000
04/24/2019,38.490000
04/25/2019,38.490000
04/26/2019,38.490000
04/29/2019,38.490000
04/30/2019,38.490000
05/01/2019,38.490000
05/02/2019,38.490000
05/03/2019,38.490000
05/06/2019,38.490000
05/07/2019,38.490000
05/08/2019,38.490000
05/09/2019,38.490000
05/10/2019,38.490000
05/13/2019,38.490000
05/14/2019,38.490000
05/15/2019,38.490000
05/16/2019,38.490000
05/17/2019,38.490000
05/20/2019,38.490000
05/21/2019,38.490000
05/22/2019,38.490000
05/23/2019,38.490000
05/24/2019,38.490000
05/28/2019,38.490000
05/29/2019,38.490000
05/30/2019,38.490000
05/31/2019,38.490000
06/03/2019,38.490000
06/04/2019,38.490000
06/05/2019,38.490000
06/06/2019,38.490000
06/07/2019,38.490000
06/10/2019,38.490000
06/11/2019,38.490000
06/12/2019,38.490000
06/13/2019,38.490000
06/14/2019,38.490000
06/17/2019,38.490000
06/18/2019,38.490000
06/19/2019,38.490000
06/20/2019,38.490000
06/21/2019,38.490000
06/24/2019,38.490000
06/25/2019,38.490000
06/26/2019,38.490000
06/27/2019,38.490000
06/28/2019,38.490000
07/01/2019,38.490000
07/02/2019,38.490000
07/03/2019,38.490000
07/05/2019,38.490000
07/08/2019,38.490000
07/09/2019,38.490000
07/10/2019,38.490000
07/11/2019,38.490000
07/12/2019,38.490000
07/15/2019,38.490000
07/16/2019,38.490000
07/17/2019,38.490000
07/18/2019,38.490000
07/19/2019,38.490000
07/22/2019,38.490000
07/23/2019,38.490000
07/24/2019,38.490000
07/25/2019,38.490000
07/26/2019,38.490000
07/29/2019,38.490000
07/30/2019,38.490000
07/31/2019,38.490000
08/01/2019,38.490000
08/02/2019,38.490000
08/05/2019,38.490000
08/06/2019,38.490000
08/07/2019,38.490000
08/08/2019,38.490000
08/09/2019,38.490000
08/12/2019,38.490000
08/13/2019,38.490000
08/14/2019,38.490000
08/15/2019,38.490000
08/16/2019,38.490000
08/19/2019,38.490000
08/20/2019,38.490000
08/21/2019,38.490000
08/22/2019,38.490000
08/23/2019,38.490000
08/26/2019,38.490000
08/27/2019,38.490000
08/28/2019,38.490000
08/29/2019,38.490000
08/30/2019,38.490000
09/03/2019,38.490000
09/04/2019,38.490000
09/05/2019,38.490000
09/06/2019,38.490000
09/09/2019,38.490000
09/10/2019,38.490000
09/11/2019,38.490000
09/12/2019,38.490000
09/13/2019,38.490000
09/16/2019,38.490000
09/17/2019,38.490000
09/18/2019,38.490000
09/19/2019,38.490000
09/20/2019,38.490000
09/23/2019,38.490000
09/24/2019,38.490000
09/25/2019,38.490000
09/26/2019,38.490000
09/27/2019,38.490000
09/30/2019,38.490000
10/01/2019,38.490000
10/02/2019,38.490000
10/03/2019,38.490000
10/04/2019,38.490000
10/07/2019,38.490000
10/08/2019,38.490000
10/09/2019,38.490000
10/10/2019,38.490000
10/11/2019,38.490000
10/14/2019,38.490000
10/15/2019,38.490000
10/16/2019,38.490000
10/17/2019,38.490000
10/18/2019,38.490000
10/21/2019,38.490000
10/22/2019,38.490000
10/23/2019,38.490000
10/24/2019,38.490000
10/25/2019,38.490000
10/28/2019,38.490000
10/29/2019,38.490000
10/30/2019,38.490000
10/31/2019,38.490000
11/01/2019,38.490000
11/04/2019,38.490000
11/05/2019,38.490000
11/06/2019,38.490000
11/07/2019,38.490000
11/08/2019,38.490000
11/11/2019,38.490000
11/12/2019,38.490000
11/13/2019,38.490000
11/14/2019,38.490000
11/15/2019,38.490000
11/18/2019,38.490000
11/19/2019,38.490000
11/20/2019,38.490000
11/21/2019,38.490000
11/22/2019,38.490000
11/25/2019,38.490000
11/26/2019,38.490000
11/27/2019,38.490000
11/29/2019,38.490000
12/02/2019,48.470000
12/03/2019,49.000000
12/04/2019,49.360000
12/05/2019,47.400000
12/06/2019,48.040000
12/09/2019,48.120000
12/10/2019,46.910000
12/11/2019,48.310000
12/12/2019,46.520000
12/13/2019,46.050000
12/16/2019,45.250000
12/17/2019,45.290000
12/18/2019,44.840000
12/19/2019,45.780000
12/20/2019,44.110000
12/23/2019,47.190000
12/24/2019,46.670000
12/25/2019,46.670000
12/26/2019,45.790000
12/27/2019,45.950000
12/30/2019,46.780000
12/31/2019,44.980000
01/02/2020,44.910000
01/03/2020,48.260000
01/06/2020,47.490000
01/07/2020,44.450000
01/08/2020,44.160000
01/09/2020,42.610000
01/10/2020,44.310000
01/13/2020,42.090000
01/14/2020,42.280000
01/15/2020,42.010000
01/16/2020,42.580000
01/17/2020,41.270000
01/21/2020,43.050000
01/22/2020,43.970000
01/23/2020,43.900000
01/24/2020,44.850000
01/27/2020,46.990000
01/28/2020,45.190000
01/29/2020,45.690000
01/30/2020,43.230000
01/31/2020,44.840000
02/03/2020,42.940000
02/04/2020,41.360000
02/05/2020,42.130000
02/06/2020,40.610000
02/07/2020,43.580000
02/10/2020,42.510000
02/11/2020,39.900000
02/12/2020,37.730000
02/13/2020,38.980000
02/14/2020,40.120000
02/18/2020,40.970000
02/19/2020,40.410000
02/20/2020,40.590000
02/21/2020,41.300000
02/24/2020,45.630000
02/25/2020,47.740000
02/26/2020,47.410000
02/27/2020,47.410000
02/28/2020,47.410000
03/02/2020,44.980000
03/03/2020,51.640000
03/04/2020,49.420000
03/05/2020,55.680000
03/06/2020,54.910000
03/09/2020,54.910000
03/10/2020,55.470000
03/11/2020,58.090000
03/12/2020,64.710000
03/13/2020,64.810000
03/16/2020,64.810000
03/17/2020,63.060000
03/18/2020,84.110000
03/19/2020,84.310000
03/20/2020,47.590000
03/23/2020,47.590000
03/24/2020,47.590000
03/25/2020,47.590000
03/26/2020,47.590000
03/27/2020,55.190000
03/30/2020,60.650000
03/31/2020,61.110000
04/01/2020,70.930000
04/02/2020,63.410000
04/03/2020,60.600000
04/06/2020,56.750000
04/07/2020,60.330000
04/08/2020,59.880000
04/09/2020,59.140000
04/13/2020,60.190000
04/14/2020,59.600000
04/15/2020,62.900000
04/16/2020,62.900000
04/17/2020,58.900000
04/20/2020,61.720000
04/21/2020,66.010000
04/22/2020,61.970000
04/23/2020,61.970000
04/24/2020,61.210000
04/27/2020,56.890000
04/28/2020,56.680000
04/29/2020,54.670000
04/30/2020,54.670000
05/01/2020,61.310000
05/04/2020,60.660000
05/05/2020,60.900000
05/06/2020,60.900000
05/07/2020,59.940000
05/08/2020,54.760000
05/11/2020,54.120000
05/12/2020,60.430000
05/13/2020,60.630000
05/14/2020,57.120000
05/15/2020,56.860000
05/18/2020,54.610000
05/19/2020,54.410000
05/20/2020,52.330000
05/21/2020,56.140000
05/22/2020,54.650000
05/26/2020,53.160000
05/27/2020,49.970000
05/28/2020,51.120000
05/29/2020,51.020000
06/01/2020,52.620000
06/02/2020,50.970000
06/03/2020,52.300000
06/04/2020,53.780000
06/05/2020,53.400000
06/08/2020,52.380000
06/09/2020,54.520000
06/10/2020,54.200000
06/11/2020,63.710000
06/12/2020,63.710000
06/15/2020,57.640000
06/16/2020,57.240000
06/17/2020,59.780000
06/18/2020,62.770000
06/19/2020,65.390000
06/22/2020,60.510000
06/23/2020,58.800000
06/24/2020,61.260000
06/25/2020,60.380000
06/26/2020,62.520000
06/29/2020,57.730000
06/30/2020,88.260000
07/01/2020,56.210000
07/02/2020,55.450000
07/06/2020,55.780000
07/07/2020,56.360000
07/08/2020,54.090000
07/09/2020,54.060000
07/10/2020,51.750000
07/13/2020,54.810000
07/14/2020,54.810000
07/15/2020,50.040000
07/16/2020,49.450000
07/17/2020,49.860000
07/20/2020,46.760000
07/21/2020,47.140000
07/22/2020,47.730000
07/23/2020,50.920000
07/24/2020,52.160000
07/27/2020,51.280000
07/28/2020,54.780000
07/29/2020,53.080000
07/30/2020,54.140000
07/31/2020,52.400000
08/03/2020,49.220000
08/04/2020,46.830000
08/05/2020,45.960000
08/06/2020,45.490000
08/07/2020,44.700000
08/10/2020,43.370000
08/11/2020,45.930000
08/12/2020,44.700000
08/13/2020,46.170000
08/14/2020,46.650000
08/17/2020,43.610000
08/18/2020,45.010000
08/19/2020,46.080000
08/20/2020,44.860000
08/21/2020,44.360000
08/24/2020,42.930000
08/25/2020,42.180000
08/26/2020,42.240000
08/27/2020,41.850000
08/28/2020,41.020000
08/31/2020,62.490000
09/01/2020,62.970000
09/02/2020,43.870000
09/03/2020,43.860000
09/04/2020,46.590000
09/08/2020,48.810000
09/09/2020,47.710000
09/10/2020,52.080000
09/11/2020,52.350000
09/14/2020,52.920000
09/15/2020,51.860000
09/16/2020,52.350000
09/17/2020,56.080000
09/18/2020,54.370000
09/21/2020,57.640000
09/22/2020,55.840000
09/23/2020,58.160000
09/24/2020,56.560000
09/25/2020,54.620000
09/28/2020,53.700000
09/29/2020,53.100000
09/30/2020,54.600000
10/01/2020,52.460000
10/02/2020,54.980000
10/05/2020,50.730000
10/06/2020,51.560000
10/07/2020,48.430000
10/08/2020,47.700000
10/09/2020,45.880000
10/12/2020,44.420000
10/13/2020,43.980000
10/14/2020,45.410000
10/15/2020,44.800000
10/16/2020,66.940000
10/19/2020,51.360000
10/20/2020,49.940000
10/21/2020,49.590000
10/22/2020,49.310000
10/23/2020,49.790000
10/26/2020,51.610000
10/27/2020,50.630000
10/28/2020,72.120000
10/29/2020,54.980000
10/30/2020,54.630000
11/02/2020,54.220000
11/03/2020,50.480000
11/04/2020,47.210000
11/05/2020,48.110000
11/06/2020,45.930000
11/09/2020,47.900000
11/10/2020,44.590000
11/11/2020,45.170000
11/12/2020,48.450000
11/13/2020,46.480000
11/16/2020,46.590000
11/17/2020,46.660000
11/18/2020,49.280000
11/19/2020,47.860000
11/20/2020,48.460000
11/23/2020,48.370000
11/24/2020,46.910000
11/25/2020,47.480000
11/27/2020,47.630000
11/30/2020,68.560000
12/01/2020,47.020000
12/02/2020,46.670000
12/03/2020,46.020000
12/04/2020,45.030000
12/07/2020,44.880000
12/08/2020,44.070000
12/09/2020,46.010000
12/10/2020,47.330000
12/11/2020,47.250000
12/14/2020,49.980000
12/15/2020,48.140000
12/16/2020,48.140000
12/17/2020,45.150000
12/18/2020,49.710000
12/21/2020,47.630000
12/22/2020,49.390000
12/23/2020,46.730000
12/24/2020,44.350000
12/28/2020,43.840000
12/29/2020,45.530000
12/30/2020,45.990000
12/31/2020,46.660000
01/04/2021,49.840000
01/05/2021,49.160000
01/06/2021,46.920000
01/07/2021,43.290000
01/08/2021,44.080000
01/11/2021,48.060000
01/12/2021,47.220000
01/13/2021,46.010000
01/14/2021,47.000000
01/15/2021,49.470000
01/19/2021,49.070000
01/20/2021,46.050000
01/21/2021,46.560000
01/22/2021,47.080000
01/25/2021,46.750000
01/26/2021,47.690000
01/27/2021,60.790000
01/28/2021,53.020000
01/29/2021,54.910000
02/01/2021,53.340000
02/02/2021,48.300000
02/03/2021,48.950000
02/04/2021,48.800000
02/05/2021,50.410000
02/08/2021,48.410000
02/09/2021,49.460000
02/10/2021,51.450000
02/11/2021,50.110000
02/12/2021,48.120000
02/16/2021,50.440000
02/17/2021,49.880000
02/18/2021,51.560000
02/19/2021,51.950000
02/22/2021,52.060000
02/23/2021,49.890000
02/24/2021,46.940000
02/25/2021,54.110000
02/26/2021,54.670000
03/01/2021,48.250000
03/02/2021,49.990000
03/03/2021,54.400000
03/04/2021,54.690000
03/05/2021,50.960000
03/08/2021,51.100000
03/09/2021,51.550000
03/10/2021,48.620000
03/11/2021,48.720000
03/12/2021,47.410000
03/15/2021,45.850000
03/16/2021,48.730000
03/17/2021,45.220000
03/18/2021,47.250000
03/19/2021,48.630000
03/22/2021,46.110000
03/23/2021,48.040000
03/24/2021,50.450000
03/25/2021,45.860000
03/26/2021,43.570000
03/29/2021,44.900000
03/30/2021,44.030000
03/31/2021,44.270000
04/01/2021,42.540000
04/02/2021,42.540000
04/05/2021,41.820000
04/06/2021,43.020000
04/07/2021,42.230000
04/08/2021,42.980000
04/09/2021,41.350000
04/12/2021,41.660000
04/13/2021,42.360000
04/14/2021,42.540000
04/15/2021,41.210000
04/16/2021,43.130000
04/19/2021,43.340000
04/20/2021,46.300000
04/21/2021,44.740000
04/22/2021,47.930000
04/23/2021,46.080000
04/26/2021,45.570000
04/27/2021,44.360000
04/28/2021,44.980000
04/29/2021,44.420000
04/30/2021,46.800000
05/03/2021,46.940000
05/04/2021,46.870000
05/05/2021,48.640000
05/06/2021,46.020000
05/07/2021,45.480000
05/10/2021,48.630000
05/11/2021,52.620000
05/12/2021,58.250000
05/13/2021,52.160000
05/14/2021,45.530000
05/17/2021,47.950000
05/18/2021,51.460000
05/19/2021,51.070000
05/20/2021,50.540000
05/21/2021,47.720000
05/24/2021,46.260000
05/25/2021,47.910000
05/26/2021,46.140000
05/27/2021,43.840000
05/28/2021,42.280000
06/01/2021,44.600000
06/02/2021,45.280000
06/03/2021,45.240000
06/04/2021,43.500000
06/07/2021,42.680000
06/08/2021,43.500000
06/09/2021,44.760000
06/10/2021,41.220000
06/11/2021,41.260000
06/14/2021,42.510000
06/15/2021,43.370000
06/16/2021,44.460000
06/17/2021,43.840000
06/18/2021,48.760000
06/21/2021,45.050000
06/22/2021,41.540000
06/23/2021,40.580000
06/24/2021,38.900000
06/25/2021,39.380000
06/28/2021,38.100000
06/29/2021,39.260000
06/30/2021,39.790000
07/01/2021,39.830000
07/02/2021,39.510000
07/06/2021,40.390000
07/07/2021,40.900000
07/08/2021,42.870000
07/09/2021,39.920000
07/12/2021,39.010000
07/13/2021,42.980000
07/14/2021,42.130000
07/15/2021,44.210000
07/16/2021,48.090000
07/19/2021,49.470000
07/20/2021,49.470000
07/21/2021,45.400000
07/22/2021,45.590000
07/23/2021,44.610000
07/26/2021,43.790000
07/27/2021,43.790000
07/28/2021,43.790000
07/29/2021,45.790000
07/30/2021,46.570000
08/02/2021,50.860000
08/03/2021,44.930000
08/04/2021,44.620000
08/05/2021,45.110000
08/06/2021,41.450000
08/09/2021,42.760000
08/10/2021,43.890000
08/11/2021,40.880000
08/12/2021,40.870000
08/13/2021,41.590000
08/16/2021,40.320000
08/17/2021,42.970000
08/18/2021,52.970000
08/19/2021,48.360000
08/20/2021,45.980000
08/23/2021,40.070000
08/24/2021,41.900000
08/25/2021,39.730000
08/26/2021,42.070000
08/27/2021,42.430000
08/30/2021,39.160000
08/31/2021,55.000000
09/01/2021,37.320000
09/02/2021,39.940000
09/03/2021,38.960000
09/07/2021,43.280000
09/08/2021,40.030000
09/09/2021,43.360000
09/10/2021,45.840000
09/13/2021,42.940000
09/14/2021,43.830000
09/15/2021,40.930000
09/16/2021,41.860000
09/17/2021,47.530000
09/20/2021,53.010000
09/21/2021,56.150000
09/22/2021,46.410000
09/23/2021,40.730000
09/24/2021,39.280000
09/27/2021,41.700000
09/28/2021,51.730000
09/29/2021,50.940000
09/30/2021,51.310000
10/01/2021,47.880000
10/04/2021,48.670000
10/05/2021,48.300000
10/06/2021,46.170000
10/07/2021,45.710000
10/08/2021,41.540000
10/11/2021,46.900000
10/12/2021,44.510000
10/13/2021,42.870000
10/14/2021,36.600000
10/15/2021,36.550000
10/18/2021,36.110000
10/19/2021,34.330000
10/20/2021,32.990000
10/21/2021,30.770000
10/22/2021,30.580000
10/25/2021,29.810000
10/26/2021,31.820000
10/27/2021,36.040000
10/28/2021,31.890000
10/29/2021,29.660000
11/01/2021,31.440000
11/02/2021,30.510000
11/03/2021,27.000000
11/04/2021,25.520000
11/05/2021,27.100000
11/08/2021,28.330000
11/09/2021,28.820000
11/10/2021,34.040000
11/11/2021,32.210000
11/12/2021,26.330000
11/15/2021,25.910000
11/16/2021,26.840000
11/17/2021,25.490000
11/18/2021,26.530000
11/19/2021,25.780000
