DATE,JCJ
06/04/2008,31.040000
06/05/2008,29.060000
06/06/2008,30.890000
06/09/2008,32.690000
06/10/2008,32.150000
06/11/2008,33.590000
06/12/2008,33.440000
06/13/2008,29.200000
06/16/2008,29.280000
06/17/2008,27.260000
06/18/2008,27.330000
06/19/2008,30.990000
06/20/2008,31.710000
06/23/2008,31.380000
06/24/2008,27.590000
06/25/2008,31.560000
06/26/2008,30.950000
06/27/2008,25.460000
06/30/2008,25.800000
07/01/2008,26.270000
07/02/2008,26.270000
07/03/2008,27.030000
07/07/2008,25.840000
07/08/2008,25.840000
07/09/2008,25.840000
07/10/2008,25.710000
07/11/2008,27.820000
07/14/2008,27.820000
07/15/2008,28.110000
07/16/2008,26.700000
07/17/2008,26.000000
07/18/2008,27.380000
07/21/2008,27.380000
07/22/2008,25.610000
07/23/2008,26.510000
07/24/2008,26.510000
07/25/2008,26.510000
07/28/2008,27.290000
07/29/2008,26.630000
07/30/2008,25.550000
07/31/2008,27.560000
08/01/2008,27.720000
08/04/2008,30.100000
08/05/2008,27.150000
08/06/2008,27.640000
11/24/2008,62.060000
11/25/2008,62.070000
11/26/2008,62.330000
11/28/2008,66.810000
12/01/2008,64.730000
12/02/2008,63.710000
12/03/2008,66.170000
12/04/2008,68.720000
12/05/2008,69.120000
12/08/2008,72.000000
12/09/2008,70.910000
12/10/2008,69.240000
12/11/2008,67.230000
12/12/2008,65.960000
12/15/2008,68.030000
12/16/2008,65.600000
12/17/2008,66.950000
12/18/2008,64.610000
12/19/2008,66.320000
12/22/2008,67.510000
12/23/2008,67.660000
12/24/2008,68.990000
12/26/2008,69.420000
12/29/2008,67.860000
12/30/2008,68.010000
12/31/2008,68.390000
01/02/2009,66.520000
01/05/2009,65.870000
01/06/2009,65.690000
01/07/2009,65.350000
01/08/2009,64.280000
01/09/2009,65.280000
01/12/2009,68.880000
01/13/2009,66.630000
01/14/2009,65.000000
01/15/2009,65.590000
01/16/2009,66.440000
01/20/2009,70.970000
01/21/2009,66.380000
01/22/2009,67.840000
01/23/2009,66.620000
01/26/2009,66.790000
01/27/2009,66.510000
01/28/2009,69.340000
01/29/2009,66.590000
01/30/2009,68.310000
02/02/2009,68.680000
02/03/2009,69.940000
02/04/2009,70.000000
02/05/2009,72.150000
02/06/2009,71.360000
02/09/2009,71.530000
02/10/2009,72.240000
02/11/2009,69.140000
02/12/2009,64.710000
02/13/2009,67.210000
02/17/2009,66.060000
02/18/2009,68.400000
02/19/2009,67.860000
02/20/2009,67.750000
02/23/2009,69.890000
02/24/2009,65.270000
02/25/2009,66.410000
02/26/2009,65.640000
02/27/2009,64.440000
03/02/2009,69.070000
03/03/2009,67.020000
03/04/2009,62.840000
03/05/2009,61.760000
03/06/2009,60.220000
03/09/2009,59.680000
03/10/2009,56.990000
03/11/2009,58.210000
03/12/2009,59.070000
03/13/2009,64.280000
03/16/2009,65.090000
03/17/2009,65.260000
03/18/2009,66.240000
03/19/2009,70.870000
03/20/2009,71.120000
03/23/2009,69.350000
03/24/2009,69.160000
03/25/2009,67.120000
03/26/2009,67.270000
03/27/2009,70.390000
03/30/2009,72.970000
03/31/2009,72.430000
04/01/2009,66.990000
04/02/2009,67.180000
04/03/2009,66.540000
04/06/2009,67.330000
04/07/2009,66.700000
04/08/2009,67.220000
04/09/2009,65.890000
04/13/2009,64.580000
04/14/2009,65.270000
04/15/2009,65.000000
04/16/2009,65.250000
04/17/2009,64.230000
04/20/2009,68.440000
04/21/2009,67.990000
04/22/2009,69.380000
04/23/2009,68.660000
04/24/2009,70.740000
04/27/2009,71.110000
04/28/2009,69.780000
04/29/2009,69.790000
04/30/2009,68.040000
05/01/2009,66.720000
05/04/2009,63.820000
05/05/2009,63.570000
05/06/2009,62.330000
05/07/2009,62.430000
05/08/2009,63.410000
05/11/2009,63.290000
05/12/2009,62.190000
05/13/2009,64.190000
05/14/2009,59.900000
05/15/2009,63.110000
05/18/2009,60.580000
05/19/2009,60.490000
05/20/2009,63.450000
05/21/2009,64.370000
05/22/2009,65.780000
05/26/2009,62.800000
05/27/2009,64.620000
05/28/2009,63.340000
05/29/2009,61.240000
06/01/2009,60.400000
06/02/2009,60.660000
06/03/2009,62.310000
06/04/2009,62.070000
06/05/2009,61.800000
06/08/2009,61.270000
06/09/2009,60.870000
06/10/2009,61.210000
06/11/2009,59.390000
06/12/2009,59.370000
06/15/2009,60.980000
06/16/2009,61.910000
06/17/2009,60.950000
06/18/2009,60.670000
06/19/2009,61.940000
06/22/2009,64.420000
06/23/2009,64.400000
06/24/2009,62.770000
06/25/2009,61.800000
06/26/2009,62.940000
06/29/2009,62.360000
06/30/2009,62.070000
07/01/2009,62.870000
07/02/2009,63.020000
07/06/2009,62.660000
07/07/2009,63.180000
07/08/2009,63.950000
07/09/2009,63.230000
07/10/2009,64.510000
07/13/2009,63.590000
07/14/2009,63.990000
07/15/2009,63.660000
07/16/2009,62.110000
07/17/2009,63.660000
07/20/2009,63.140000
07/21/2009,63.860000
07/22/2009,63.010000
07/23/2009,63.950000
07/24/2009,62.670000
07/27/2009,61.460000
07/28/2009,63.370000
07/29/2009,62.930000
07/30/2009,62.540000
07/31/2009,63.700000
08/03/2009,62.850000
08/04/2009,61.010000
08/05/2009,60.310000
08/06/2009,59.920000
08/07/2009,58.540000
08/10/2009,59.960000
08/11/2009,62.390000
08/12/2009,61.640000
08/13/2009,61.460000
08/14/2009,62.150000
08/17/2009,65.420000
08/18/2009,63.550000
08/19/2009,63.830000
08/20/2009,63.690000
08/21/2009,63.740000
08/24/2009,65.140000
08/25/2009,66.580000
08/26/2009,67.350000
08/27/2009,66.460000
08/28/2009,65.150000
08/31/2009,65.310000
09/01/2009,64.400000
09/02/2009,64.450000
09/03/2009,60.780000
09/04/2009,60.110000
09/08/2009,60.600000
09/09/2009,59.620000
09/10/2009,58.070000
09/11/2009,59.390000
09/14/2009,60.200000
09/15/2009,60.250000
09/16/2009,59.630000
09/17/2009,59.190000
09/18/2009,59.980000
09/21/2009,60.390000
09/22/2009,60.390000
09/23/2009,61.930000
09/24/2009,63.620000
09/25/2009,61.580000
09/28/2009,60.150000
09/29/2009,61.390000
09/30/2009,60.710000
10/01/2009,60.740000
10/02/2009,60.740000
10/05/2009,57.910000
10/06/2009,58.070000
10/07/2009,58.210000
10/08/2009,58.200000
10/09/2009,57.660000
10/12/2009,57.820000
10/13/2009,58.380000
10/14/2009,59.570000
10/15/2009,59.800000
10/16/2009,60.780000
10/19/2009,62.660000
10/20/2009,61.730000
10/21/2009,63.320000
10/22/2009,59.730000
10/23/2009,61.150000
10/26/2009,61.990000
10/27/2009,60.840000
10/28/2009,61.380000
10/29/2009,58.570000
10/30/2009,61.830000
11/02/2009,59.530000
11/03/2009,59.450000
11/04/2009,60.820000
11/05/2009,59.190000
11/06/2009,59.120000
11/09/2009,58.190000
11/10/2009,59.410000
11/11/2009,60.970000
11/12/2009,63.060000
11/13/2009,62.670000
11/16/2009,61.980000
11/17/2009,62.840000
11/18/2009,62.930000
11/19/2009,62.930000
11/20/2009,63.740000
11/23/2009,63.870000
11/24/2009,63.800000
11/25/2009,64.460000
11/27/2009,66.550000
11/30/2009,65.720000
12/01/2009,64.410000
12/02/2009,64.110000
12/03/2009,65.240000
12/04/2009,63.280000
12/07/2009,63.640000
12/08/2009,63.810000
12/09/2009,62.830000
12/10/2009,63.410000
12/11/2009,62.830000
12/14/2009,63.290000
12/15/2009,63.450000
12/16/2009,62.330000
12/17/2009,62.480000
12/18/2009,62.520000
12/21/2009,63.470000
12/22/2009,62.070000
12/23/2009,62.760000
12/24/2009,62.130000
12/28/2009,62.130000
12/29/2009,63.150000
12/30/2009,63.240000
12/31/2009,64.210000
01/04/2010,64.060000
01/05/2010,63.320000
01/06/2010,62.560000
01/07/2010,61.200000
01/08/2010,59.330000
01/11/2010,59.330000
01/12/2010,60.470000
01/13/2010,60.060000
01/14/2010,60.030000
01/15/2010,62.880000
01/19/2010,64.170000
01/20/2010,64.070000
01/21/2010,65.810000
01/22/2010,65.630000
01/25/2010,64.340000
01/26/2010,64.270000
01/27/2010,62.710000
01/28/2010,62.210000
01/29/2010,63.160000
02/01/2010,60.490000
02/02/2010,61.550000
02/03/2010,62.770000
02/04/2010,64.020000
02/05/2010,63.340000
02/08/2010,63.090000
02/09/2010,64.380000
02/10/2010,64.260000
02/11/2010,62.710000
02/12/2010,62.110000
02/16/2010,63.080000
02/17/2010,62.540000
02/18/2010,61.560000
02/19/2010,61.080000
02/22/2010,61.460000
02/23/2010,63.050000
02/24/2010,63.030000
02/25/2010,62.510000
02/26/2010,62.600000
03/01/2010,62.600000
03/02/2010,61.940000
03/04/2010,62.270000
03/05/2010,61.050000
03/08/2010,61.280000
03/09/2010,61.430000
03/10/2010,62.360000
03/11/2010,61.170000
03/12/2010,60.670000
03/15/2010,62.210000
03/16/2010,61.240000
03/17/2010,59.760000
03/18/2010,60.730000
03/19/2010,62.300000
03/22/2010,62.110000
03/23/2010,62.470000
03/24/2010,62.220000
03/25/2010,63.530000
03/26/2010,60.500000
03/29/2010,59.880000
03/30/2010,59.560000
03/31/2010,60.660000
04/01/2010,60.360000
04/05/2010,57.150000
04/06/2010,56.140000
04/07/2010,56.600000
04/08/2010,56.510000
04/09/2010,55.950000
04/12/2010,55.970000
04/13/2010,57.230000
04/14/2010,58.660000
04/15/2010,58.750000
04/16/2010,56.980000
04/19/2010,57.350000
04/20/2010,57.390000
04/21/2010,57.330000
04/22/2010,56.580000
04/23/2010,55.330000
04/26/2010,55.290000
04/27/2010,55.290000
04/28/2010,57.450000
04/29/2010,55.760000
04/30/2010,58.370000
05/03/2010,56.830000
05/04/2010,56.760000
05/05/2010,59.010000
05/06/2010,62.430000
05/07/2010,67.790000
05/10/2010,61.580000
05/11/2010,61.720000
05/12/2010,61.230000
05/13/2010,61.950000
05/14/2010,64.470000
05/17/2010,64.360000
05/18/2010,67.620000
05/19/2010,70.280000
05/20/2010,77.470000
05/21/2010,69.160000
05/24/2010,72.310000
05/25/2010,67.860000
05/26/2010,73.290000
05/27/2010,69.570000
05/28/2010,70.660000
06/01/2010,72.590000
06/02/2010,67.650000
06/03/2010,68.200000
06/04/2010,71.040000
06/07/2010,74.460000
06/08/2010,72.940000
06/09/2010,72.560000
06/10/2010,71.700000
06/11/2010,70.770000
06/14/2010,70.880000
06/15/2010,67.650000
06/16/2010,68.670000
06/17/2010,67.790000
06/18/2010,69.270000
06/21/2010,69.610000
06/22/2010,72.390000
06/23/2010,72.440000
06/24/2010,74.230000
06/25/2010,71.770000
06/28/2010,72.660000
06/29/2010,74.880000
06/30/2010,75.020000
07/01/2010,69.180000
07/02/2010,68.150000
07/06/2010,75.030000
07/07/2010,71.360000
07/08/2010,69.520000
07/09/2010,69.260000
07/12/2010,70.280000
07/13/2010,70.890000
07/14/2010,72.100000
07/15/2010,75.380000
07/16/2010,74.590000
07/19/2010,78.270000
07/20/2010,74.430000
07/21/2010,74.840000
07/22/2010,75.220000
07/23/2010,73.090000
07/26/2010,72.620000
07/27/2010,73.430000
07/28/2010,75.360000
07/29/2010,75.120000
07/30/2010,73.850000
08/02/2010,69.550000
08/03/2010,72.900000
08/04/2010,72.410000
08/05/2010,72.870000
08/06/2010,73.310000
08/09/2010,73.090000
08/10/2010,74.000000
08/11/2010,76.480000
08/12/2010,77.800000
08/13/2010,79.710000
08/16/2010,78.420000
08/17/2010,77.440000
08/18/2010,77.620000
08/19/2010,77.990000
08/20/2010,77.920000
08/23/2010,78.230000
08/24/2010,81.090000
08/25/2010,77.540000
08/26/2010,78.010000
08/27/2010,72.110000
08/30/2010,78.150000
08/31/2010,74.210000
09/01/2010,73.210000
09/02/2010,72.460000
09/03/2010,68.780000
09/07/2010,72.950000
09/08/2010,72.100000
09/09/2010,72.490000
09/10/2010,70.610000
09/13/2010,68.540000
09/14/2010,69.180000
09/15/2010,69.190000
09/16/2010,70.160000
09/17/2010,72.250000
09/20/2010,71.790000
09/21/2010,72.710000
09/22/2010,70.830000
09/23/2010,75.190000
09/24/2010,69.400000
09/27/2010,71.040000
09/28/2010,70.540000
09/29/2010,73.340000
09/30/2010,75.310000
10/01/2010,70.540000
10/04/2010,71.920000
10/05/2010,70.240000
10/06/2010,67.690000
10/07/2010,67.470000
10/08/2010,66.440000
10/11/2010,64.330000
10/12/2010,63.960000
10/13/2010,63.980000
10/14/2010,61.990000
10/15/2010,61.040000
10/18/2010,58.940000
10/19/2010,63.490000
10/20/2010,61.970000
10/21/2010,60.520000
10/22/2010,59.970000
10/25/2010,60.950000
10/26/2010,63.200000
10/27/2010,62.800000
10/28/2010,63.330000
10/29/2010,65.060000
11/01/2010,65.450000
11/02/2010,65.800000
11/03/2010,57.510000
11/04/2010,52.990000
11/05/2010,51.910000
11/08/2010,49.090000
11/09/2010,52.510000
11/10/2010,48.080000
11/11/2010,46.560000
11/12/2010,54.540000
11/15/2010,53.750000
11/16/2010,59.760000
11/17/2010,56.150000
11/18/2010,45.540000
11/19/2010,44.730000
12/08/2011,83.960000
12/09/2011,80.890000
12/12/2011,83.530000
12/13/2011,86.470000
12/14/2011,87.100000
12/15/2011,86.920000
12/16/2011,87.050000
12/19/2011,86.360000
12/20/2011,81.410000
12/21/2011,78.890000
12/22/2011,79.690000
12/23/2011,82.790000
12/27/2011,79.670000
12/28/2011,81.340000
12/29/2011,79.550000
12/30/2011,79.360000
01/03/2012,78.860000
01/04/2012,77.420000
01/05/2012,77.100000
01/06/2012,77.360000
01/09/2012,78.800000
01/10/2012,77.720000
01/11/2012,78.300000
01/12/2012,77.770000
01/13/2012,78.710000
01/17/2012,79.900000
01/18/2012,78.010000
01/19/2012,78.260000
01/20/2012,78.630000
01/23/2012,79.170000
01/24/2012,78.590000
01/25/2012,78.980000
01/26/2012,79.480000
01/27/2012,78.480000
01/30/2012,79.730000
01/31/2012,80.550000
02/01/2012,79.990000
02/02/2012,79.450000
02/03/2012,77.400000
02/06/2012,77.550000
02/07/2012,78.000000
02/08/2012,78.540000
02/09/2012,80.170000
02/10/2012,79.220000
02/13/2012,79.630000
02/14/2012,80.520000
02/15/2012,83.370000
02/16/2012,77.560000
02/17/2012,80.820000
02/21/2012,82.080000
02/22/2012,82.600000
02/23/2012,80.550000
02/24/2012,80.430000
02/27/2012,82.140000
02/28/2012,81.940000
02/29/2012,81.840000
03/01/2012,78.640000
03/02/2012,80.080000
03/05/2012,79.460000
03/06/2012,80.180000
03/07/2012,80.050000
03/08/2012,78.200000
03/09/2012,77.670000
03/12/2012,77.310000
03/13/2012,75.220000
03/14/2012,76.480000
03/15/2012,76.800000
03/16/2012,76.900000
03/19/2012,75.470000
03/20/2012,75.650000
03/21/2012,73.370000
03/22/2012,73.160000
03/23/2012,70.540000
03/26/2012,67.350000
03/27/2012,68.370000
03/28/2012,68.460000
03/29/2012,68.470000
03/30/2012,68.550000
04/02/2012,69.010000
04/03/2012,68.480000
04/04/2012,70.580000
04/05/2012,71.820000
04/09/2012,72.570000
04/10/2012,74.240000
04/11/2012,75.660000
04/12/2012,70.860000
04/13/2012,74.610000
04/16/2012,75.100000
04/17/2012,74.600000
04/18/2012,74.940000
04/19/2012,75.730000
04/20/2012,74.940000
04/23/2012,76.940000
04/24/2012,77.060000
04/25/2012,73.510000
04/26/2012,73.090000
04/27/2012,72.060000
04/30/2012,72.820000
05/01/2012,72.310000
05/02/2012,72.170000
05/03/2012,72.730000
05/04/2012,74.970000
05/07/2012,73.170000
05/08/2012,72.290000
05/09/2012,73.460000
05/10/2012,72.180000
05/11/2012,74.210000
05/14/2012,75.350000
05/15/2012,74.300000
05/16/2012,72.930000
05/17/2012,73.640000
05/18/2012,74.790000
05/21/2012,72.640000
05/22/2012,72.350000
05/23/2012,72.290000
05/24/2012,71.800000
05/25/2012,73.260000
05/29/2012,71.840000
05/30/2012,75.110000
05/31/2012,74.470000
06/01/2012,77.290000
06/04/2012,76.470000
06/05/2012,75.640000
06/06/2012,75.040000
06/07/2012,76.070000
06/08/2012,76.540000
06/11/2012,78.790000
06/12/2012,75.150000
06/13/2012,76.510000
06/14/2012,73.570000
06/15/2012,73.190000
06/18/2012,74.030000
06/19/2012,74.540000
06/20/2012,73.530000
06/21/2012,75.570000
06/22/2012,74.840000
06/25/2012,75.510000
06/26/2012,73.400000
06/27/2012,72.840000
06/28/2012,73.140000
06/29/2012,70.490000
07/02/2012,71.740000
07/03/2012,71.850000
07/05/2012,74.040000
07/06/2012,73.710000
07/09/2012,73.980000
07/10/2012,75.070000
07/11/2012,74.390000
07/12/2012,74.420000
07/13/2012,73.550000
07/16/2012,73.330000
07/17/2012,70.610000
07/18/2012,71.170000
07/19/2012,70.940000
07/20/2012,72.210000
07/23/2012,75.000000
07/24/2012,77.300000
07/25/2012,74.330000
07/26/2012,73.310000
07/27/2012,73.190000
07/30/2012,73.800000
07/31/2012,74.640000
08/01/2012,74.090000
08/02/2012,72.730000
08/03/2012,72.240000
08/06/2012,72.690000
08/07/2012,74.370000
08/08/2012,73.010000
08/09/2012,73.560000
08/10/2012,74.550000
08/13/2012,71.990000
08/14/2012,74.860000
08/15/2012,75.300000
08/16/2012,74.190000
08/17/2012,72.960000
08/20/2012,73.320000
08/21/2012,74.870000
08/22/2012,74.750000
08/23/2012,74.760000
08/24/2012,70.970000
08/27/2012,73.420000
08/28/2012,70.730000
08/29/2012,73.880000
08/30/2012,71.870000
08/31/2012,71.830000
09/04/2012,69.860000
09/05/2012,68.160000
09/06/2012,68.640000
09/07/2012,67.850000
09/10/2012,67.740000
09/11/2012,67.610000
09/12/2012,66.270000
09/13/2012,62.760000
09/14/2012,66.210000
09/17/2012,65.920000
09/18/2012,64.970000
09/19/2012,65.070000
09/20/2012,66.470000
09/21/2012,68.120000
09/24/2012,66.290000
09/25/2012,68.190000
09/26/2012,70.150000
09/27/2012,67.190000
09/28/2012,67.380000
10/01/2012,67.690000
10/02/2012,67.360000
10/03/2012,66.760000
10/04/2012,66.020000
10/05/2012,64.250000
10/08/2012,64.830000
10/09/2012,65.880000
10/10/2012,65.160000
10/11/2012,63.100000
10/12/2012,63.230000
10/15/2012,61.680000
10/16/2012,61.390000
10/17/2012,61.210000
10/18/2012,61.910000
10/19/2012,65.200000
10/22/2012,64.240000
10/23/2012,67.010000
10/24/2012,67.760000
10/25/2012,65.390000
10/26/2012,65.660000
10/31/2012,67.220000
11/01/2012,62.950000
11/02/2012,63.850000
11/05/2012,64.720000
11/06/2012,63.090000
11/07/2012,66.600000
11/08/2012,66.320000
11/09/2012,67.120000
11/12/2012,65.160000
11/13/2012,65.760000
11/14/2012,67.190000
11/15/2012,66.530000
11/16/2012,63.480000
11/19/2012,61.890000
11/20/2012,61.540000
11/21/2012,63.020000
11/23/2012,62.030000
11/26/2012,62.470000
11/27/2012,63.810000
11/28/2012,62.580000
11/29/2012,61.710000
11/30/2012,62.640000
12/03/2012,64.160000
12/04/2012,65.120000
12/05/2012,63.830000
12/06/2012,63.830000
12/07/2012,63.330000
12/10/2012,62.300000
12/11/2012,63.810000
12/12/2012,65.870000
12/13/2012,65.920000
12/14/2012,65.780000
12/17/2012,64.860000
12/18/2012,62.990000
12/19/2012,65.800000
12/20/2012,64.580000
12/21/2012,65.590000
12/24/2012,67.560000
12/26/2012,68.740000
12/27/2012,68.150000
12/28/2012,71.380000
12/31/2012,60.840000
01/02/2013,59.760000
01/03/2013,61.610000
01/04/2013,61.390000
01/07/2013,62.010000
01/08/2013,62.870000
01/09/2013,63.610000
01/10/2013,61.070000
01/11/2013,61.410000
01/14/2013,62.160000
01/15/2013,63.010000
01/16/2013,63.080000
01/17/2013,62.630000
01/18/2013,62.490000
01/22/2013,60.840000
01/23/2013,60.440000
01/24/2013,61.600000
01/25/2013,61.410000
01/28/2013,60.840000
01/29/2013,59.540000
01/30/2013,61.420000
01/31/2013,62.870000
02/01/2013,60.420000
02/04/2013,62.570000
02/05/2013,61.120000
02/06/2013,60.240000
02/07/2013,58.880000
02/08/2013,57.610000
02/11/2013,57.030000
02/12/2013,57.540000
02/13/2013,58.610000
02/14/2013,57.780000
02/15/2013,57.770000
02/19/2013,57.460000
02/20/2013,60.730000
02/21/2013,60.070000
02/22/2013,58.240000
02/25/2013,63.860000
02/26/2013,60.980000
02/27/2013,59.230000
02/28/2013,60.020000
03/01/2013,59.940000
03/04/2013,55.980000
03/05/2013,55.440000
03/06/2013,56.030000
03/07/2013,55.110000
03/08/2013,55.440000
03/11/2013,54.620000
03/12/2013,55.750000
03/13/2013,54.960000
03/14/2013,53.630000
03/15/2013,55.490000
03/18/2013,58.040000
03/19/2013,57.160000
03/20/2013,55.160000
03/21/2013,55.700000
03/22/2013,55.180000
03/25/2013,54.820000
03/26/2013,54.840000
03/27/2013,55.710000
03/28/2013,55.790000
04/01/2013,57.560000
04/02/2013,55.930000
04/03/2013,57.610000
04/04/2013,56.080000
04/05/2013,55.490000
04/08/2013,52.760000
04/09/2013,52.970000
04/10/2013,51.270000
04/11/2013,50.970000
04/12/2013,51.590000
04/15/2013,58.060000
04/16/2013,52.830000
04/17/2013,56.050000
04/18/2013,58.280000
04/19/2013,56.010000
04/22/2013,55.110000
04/23/2013,51.060000
04/24/2013,51.830000
04/25/2013,51.650000
04/26/2013,52.790000
04/29/2013,51.920000
04/30/2013,51.520000
05/01/2013,54.140000
05/02/2013,52.750000
05/03/2013,52.040000
05/06/2013,51.500000
05/07/2013,51.800000
05/08/2013,52.510000
05/09/2013,55.340000
05/10/2013,56.710000
05/13/2013,56.090000
05/14/2013,56.460000
05/15/2013,56.750000
05/16/2013,57.210000
05/17/2013,56.740000
05/20/2013,55.930000
05/21/2013,56.700000
05/22/2013,54.880000
05/23/2013,55.210000
05/24/2013,53.740000
05/28/2013,53.850000
05/29/2013,53.410000
05/30/2013,52.880000
05/31/2013,55.150000
06/03/2013,55.020000
06/04/2013,54.440000
06/05/2013,55.070000
06/06/2013,52.650000
06/07/2013,52.670000
06/10/2013,52.550000
06/11/2013,56.200000
06/12/2013,59.300000
06/13/2013,54.970000
06/14/2013,56.600000
06/17/2013,55.780000
06/18/2013,56.220000
06/19/2013,55.940000
06/20/2013,59.150000
06/21/2013,57.620000
06/24/2013,61.320000
06/25/2013,60.360000
06/26/2013,59.200000
06/27/2013,59.320000
06/28/2013,58.050000
07/01/2013,58.050000
07/02/2013,56.010000
07/03/2013,56.350000
07/05/2013,52.730000
07/08/2013,51.860000
07/09/2013,50.850000
07/10/2013,50.350000
07/11/2013,52.510000
07/12/2013,52.760000
07/15/2013,52.580000
07/16/2013,54.170000
07/17/2013,52.890000
07/18/2013,53.340000
07/19/2013,51.360000
07/22/2013,49.970000
07/23/2013,51.000000
07/24/2013,52.480000
07/25/2013,51.770000
07/26/2013,49.950000
07/29/2013,50.140000
07/30/2013,48.590000
07/31/2013,48.690000
08/01/2013,47.270000
08/02/2013,46.790000
08/05/2013,45.860000
08/06/2013,48.240000
08/07/2013,48.410000
08/08/2013,48.260000
08/09/2013,50.980000
08/12/2013,49.230000
08/13/2013,48.000000
08/14/2013,49.180000
08/15/2013,52.060000
08/16/2013,50.440000
08/19/2013,52.160000
08/20/2013,51.980000
08/21/2013,53.870000
08/22/2013,49.900000
08/23/2013,48.720000
08/26/2013,51.040000
08/27/2013,54.530000
08/28/2013,54.660000
08/29/2013,55.380000
08/30/2013,54.590000
09/03/2013,53.180000
09/04/2013,51.620000
09/05/2013,50.200000
09/06/2013,50.480000
09/09/2013,49.290000
09/10/2013,46.020000
09/11/2013,43.660000
09/12/2013,46.560000
09/13/2013,46.120000
09/16/2013,46.810000
09/17/2013,47.690000
09/18/2013,46.160000
09/19/2013,46.290000
09/20/2013,47.230000
09/23/2013,50.300000
09/24/2013,48.290000
09/25/2013,47.350000
09/26/2013,44.880000
09/27/2013,47.410000
09/30/2013,49.140000
10/01/2013,46.510000
10/02/2013,48.710000
10/03/2013,51.990000
10/04/2013,49.730000
10/07/2013,57.880000
10/08/2013,58.870000
10/09/2013,55.020000
10/10/2013,46.680000
10/11/2013,44.240000
10/14/2013,44.890000
10/15/2013,52.280000
10/16/2013,42.100000
10/17/2013,38.370000
10/18/2013,36.070000
10/21/2013,36.340000
10/22/2013,39.140000
10/23/2013,36.970000
10/24/2013,36.710000
10/25/2013,37.210000
10/28/2013,37.590000
10/29/2013,40.300000
10/30/2013,40.700000
10/31/2013,41.550000
11/01/2013,40.290000
11/04/2013,38.350000
11/05/2013,39.390000
11/06/2013,36.900000
11/07/2013,40.900000
11/08/2013,39.530000
11/11/2013,37.810000
11/12/2013,39.000000
11/13/2013,35.970000
11/14/2013,34.150000
11/15/2013,33.410000
11/18/2013,0.000000
11/19/2013,0.000000
11/20/2013,0.000000
11/21/2013,0.000000
11/17/2014,0.000000
11/24/2014,65.920000
11/25/2014,67.760000
11/26/2014,68.370000
11/28/2014,68.530000
12/01/2014,67.650000
12/02/2014,66.280000
12/03/2014,65.680000
12/04/2014,65.780000
12/05/2014,64.860000
12/08/2014,66.780000
12/09/2014,66.720000
12/10/2014,67.470000
12/11/2014,71.980000
12/12/2014,71.090000
12/15/2014,67.950000
12/16/2014,72.970000
12/17/2014,63.570000
12/18/2014,64.150000
12/19/2014,64.240000
12/22/2014,63.700000
12/23/2014,66.140000
12/24/2014,67.170000
12/26/2014,64.520000
12/29/2014,65.090000
12/30/2014,65.550000
12/31/2014,67.900000
01/02/2015,65.820000
01/05/2015,67.830000
01/06/2015,67.290000
01/07/2015,64.980000
01/08/2015,64.750000
01/09/2015,65.610000
01/12/2015,65.590000
01/13/2015,67.080000
01/14/2015,65.320000
01/15/2015,66.570000
01/16/2015,67.240000
01/20/2015,64.230000
01/21/2015,65.180000
01/22/2015,64.080000
01/23/2015,64.910000
01/26/2015,65.290000
01/27/2015,66.300000
01/28/2015,69.590000
01/29/2015,66.510000
01/30/2015,68.530000
02/02/2015,64.750000
02/03/2015,64.090000
02/04/2015,66.450000
02/05/2015,65.190000
02/06/2015,68.230000
02/09/2015,68.700000
02/10/2015,66.940000
02/11/2015,65.320000
02/12/2015,63.810000
02/13/2015,63.970000
02/17/2015,63.970000
02/18/2015,63.220000
02/19/2015,63.900000
02/20/2015,61.620000
02/23/2015,61.960000
02/24/2015,60.750000
02/25/2015,60.570000
02/26/2015,60.680000
02/27/2015,60.770000
03/02/2015,58.720000
03/03/2015,59.480000
03/04/2015,58.920000
03/05/2015,57.740000
03/06/2015,60.760000
03/09/2015,59.380000
03/10/2015,61.170000
03/11/2015,62.000000
03/12/2015,59.330000
03/13/2015,60.260000
03/16/2015,59.350000
03/17/2015,59.300000
03/18/2015,56.960000
03/19/2015,61.060000
03/20/2015,60.240000
03/23/2015,63.570000
03/24/2015,62.940000
03/25/2015,65.110000
03/26/2015,63.710000
03/27/2015,65.450000
03/30/2015,63.710000
03/31/2015,65.610000
04/01/2015,65.180000
04/02/2015,64.150000
04/06/2015,63.940000
04/07/2015,64.700000
04/08/2015,64.220000
04/09/2015,63.310000
04/10/2015,62.180000
04/13/2015,64.780000
04/14/2015,65.450000
04/15/2015,66.100000
04/16/2015,66.870000
04/17/2015,67.140000
04/20/2015,67.820000
04/21/2015,67.450000
04/22/2015,66.770000
04/23/2015,67.910000
04/24/2015,68.430000
04/27/2015,67.730000
04/28/2015,67.320000
04/29/2015,66.790000
04/30/2015,66.800000
05/01/2015,64.960000
05/04/2015,64.840000
05/05/2015,67.890000
05/06/2015,66.790000
05/07/2015,66.100000
05/08/2015,64.260000
05/11/2015,65.300000
05/12/2015,64.150000
05/13/2015,63.480000
05/14/2015,63.660000
05/15/2015,63.850000
05/18/2015,64.760000
05/19/2015,62.820000
05/20/2015,61.700000
05/21/2015,60.670000
05/22/2015,59.460000
05/26/2015,60.870000
05/27/2015,60.370000
05/28/2015,60.000000
05/29/2015,61.770000
06/01/2015,61.810000
06/02/2015,61.890000
06/03/2015,62.190000
06/04/2015,63.170000
06/05/2015,63.510000
06/08/2015,64.300000
06/09/2015,62.920000
06/10/2015,60.470000
06/11/2015,60.160000
06/12/2015,61.130000
06/15/2015,62.320000
06/16/2015,62.330000
06/17/2015,62.690000
06/18/2015,62.460000
06/19/2015,63.400000
06/22/2015,62.840000
06/23/2015,61.380000
06/24/2015,62.170000
06/25/2015,61.400000
06/26/2015,60.740000
06/29/2015,63.660000
06/30/2015,62.890000
07/01/2015,60.330000
07/02/2015,61.300000
07/06/2015,61.710000
07/07/2015,58.550000
07/08/2015,61.850000
07/09/2015,63.310000
07/10/2015,59.720000
07/13/2015,58.620000
07/14/2015,59.060000
07/15/2015,60.310000
07/16/2015,59.990000
07/17/2015,58.350000
07/20/2015,58.930000
07/21/2015,59.030000
07/22/2015,58.810000
07/23/2015,60.160000
07/24/2015,59.470000
07/27/2015,61.370000
07/28/2015,59.060000
07/29/2015,58.070000
07/30/2015,57.330000
07/31/2015,57.930000
08/03/2015,57.930000
08/04/2015,56.530000
08/05/2015,55.980000
08/06/2015,56.150000
08/07/2015,54.700000
08/10/2015,53.690000
08/11/2015,55.960000
08/12/2015,55.640000
08/13/2015,56.790000
08/14/2015,55.450000
08/17/2015,54.780000
08/18/2015,56.430000
08/19/2015,57.560000
08/20/2015,57.640000
08/21/2015,57.940000
08/24/2015,55.390000
08/25/2015,57.390000
08/26/2015,54.520000
08/27/2015,56.720000
08/28/2015,60.010000
08/31/2015,64.490000
09/01/2015,63.330000
09/02/2015,61.470000
09/03/2015,64.380000
09/04/2015,63.970000
09/08/2015,63.410000
09/09/2015,64.750000
09/10/2015,64.790000
09/11/2015,63.400000
09/14/2015,65.220000
09/15/2015,62.890000
09/16/2015,61.870000
09/17/2015,62.580000
09/18/2015,64.200000
09/21/2015,63.640000
09/22/2015,63.690000
09/23/2015,62.300000
09/24/2015,65.250000
09/25/2015,64.810000
09/28/2015,66.660000
09/29/2015,63.670000
09/30/2015,65.300000
10/01/2015,62.190000
10/02/2015,61.390000
10/05/2015,60.280000
10/06/2015,61.630000
10/07/2015,60.410000
10/08/2015,59.320000
10/09/2015,60.680000
10/12/2015,60.070000
10/13/2015,63.630000
10/14/2015,65.040000
10/15/2015,61.330000
10/16/2015,61.340000
10/19/2015,59.760000
10/20/2015,62.330000
10/21/2015,62.300000
10/22/2015,59.820000
10/23/2015,59.930000
10/26/2015,58.440000
10/27/2015,59.250000
10/28/2015,57.500000
10/29/2015,58.490000
10/30/2015,58.580000
11/02/2015,56.230000
11/03/2015,55.630000
11/04/2015,57.520000
11/05/2015,57.280000
11/06/2015,56.010000
11/09/2015,56.790000
11/10/2015,54.300000
11/11/2015,56.250000
11/12/2015,57.740000
11/13/2015,59.980000
11/16/2015,57.880000
11/17/2015,56.680000
11/18/2015,54.750000
11/19/2015,57.790000
11/20/2015,56.170000
11/23/2015,57.160000
11/24/2015,57.160000
11/25/2015,57.480000
11/27/2015,56.830000
11/30/2015,57.830000
12/01/2015,55.430000
12/02/2015,57.030000
12/03/2015,57.780000
12/04/2015,55.730000
12/07/2015,56.170000
12/08/2015,58.090000
12/09/2015,59.170000
12/10/2015,59.410000
12/11/2015,61.080000
12/14/2015,58.650000
12/15/2015,57.990000
12/16/2015,56.820000
12/17/2015,61.730000
12/18/2015,61.080000
12/21/2015,60.450000
12/22/2015,58.070000
12/23/2015,58.050000
12/24/2015,58.920000
12/28/2015,57.570000
12/29/2015,56.990000
12/30/2015,58.950000
12/31/2015,59.010000
01/04/2016,60.800000
01/05/2016,59.560000
01/06/2016,60.080000
01/07/2016,62.170000
01/08/2016,64.420000
01/11/2016,62.320000
01/12/2016,61.240000
01/13/2016,64.100000
01/14/2016,61.230000
01/15/2016,62.730000
01/19/2016,64.100000
01/20/2016,62.210000
01/21/2016,64.570000
01/22/2016,63.770000
01/25/2016,64.250000
01/26/2016,62.870000
01/27/2016,64.980000
01/28/2016,62.870000
01/29/2016,59.690000
02/01/2016,61.070000
02/02/2016,61.580000
02/03/2016,60.430000
02/04/2016,63.100000
02/05/2016,62.950000
02/08/2016,63.430000
02/09/2016,63.580000
02/10/2016,64.240000
02/11/2016,64.440000
02/12/2016,65.380000
02/16/2016,63.960000
02/17/2016,64.290000
02/18/2016,62.590000
02/19/2016,62.260000
02/22/2016,61.290000
02/23/2016,63.260000
02/24/2016,62.360000
02/25/2016,59.170000
02/26/2016,60.480000
02/29/2016,61.470000
03/01/2016,57.800000
03/02/2016,57.260000
03/03/2016,57.120000
03/04/2016,58.180000
03/07/2016,58.190000
03/08/2016,60.500000
03/09/2016,60.150000
03/10/2016,60.090000
03/11/2016,59.390000
03/14/2016,58.700000
03/15/2016,58.950000
03/16/2016,58.130000
03/17/2016,57.820000
03/18/2016,59.130000
03/21/2016,58.380000
03/22/2016,56.900000
03/23/2016,57.020000
03/24/2016,55.860000
03/28/2016,55.700000
03/29/2016,54.090000
03/30/2016,54.560000
03/31/2016,54.600000
04/01/2016,52.970000
04/04/2016,55.130000
04/05/2016,57.680000
04/06/2016,54.470000
04/07/2016,57.430000
04/08/2016,57.570000
04/11/2016,59.840000
04/12/2016,57.010000
04/13/2016,55.800000
04/14/2016,56.630000
04/15/2016,55.610000
04/18/2016,54.960000
04/19/2016,54.770000
04/20/2016,55.440000
04/21/2016,56.230000
04/22/2016,54.980000
04/25/2016,55.570000
04/26/2016,53.310000
04/27/2016,54.320000
04/28/2016,54.970000
04/29/2016,56.480000
05/02/2016,54.530000
05/03/2016,56.770000
05/04/2016,56.430000
05/05/2016,56.570000
05/06/2016,54.660000
05/09/2016,53.980000
05/10/2016,52.970000
05/11/2016,55.440000
05/12/2016,53.570000
05/13/2016,54.070000
05/16/2016,53.390000
05/17/2016,55.470000
05/18/2016,56.030000
05/19/2016,56.370000
05/20/2016,57.160000
05/23/2016,57.860000
05/24/2016,54.340000
05/25/2016,53.610000
05/26/2016,53.210000
05/27/2016,52.050000
05/31/2016,53.200000
06/01/2016,52.860000
06/02/2016,51.990000
06/03/2016,52.840000
06/06/2016,52.510000
06/07/2016,53.840000
06/08/2016,53.150000
06/09/2016,54.270000
06/10/2016,56.860000
06/13/2016,62.190000
06/14/2016,59.510000
06/15/2016,59.310000
06/16/2016,56.410000
06/17/2016,59.210000
06/20/2016,57.050000
06/21/2016,58.050000
06/22/2016,60.150000
06/23/2016,54.650000
06/24/2016,66.480000
06/27/2016,64.280000
06/28/2016,57.880000
06/29/2016,55.460000
06/30/2016,55.330000
07/01/2016,54.200000
07/05/2016,53.370000
07/06/2016,52.710000
07/07/2016,51.780000
07/08/2016,49.960000
07/11/2016,49.910000
07/12/2016,47.390000
07/13/2016,46.670000
07/14/2016,47.420000
07/15/2016,49.330000
07/18/2016,48.330000
07/19/2016,47.700000
07/20/2016,48.400000
07/21/2016,50.180000
07/22/2016,49.770000
07/25/2016,50.570000
07/26/2016,49.970000
07/27/2016,49.610000
07/28/2016,49.410000
07/29/2016,47.500000
08/01/2016,47.030000
08/02/2016,49.240000
08/03/2016,48.330000
08/04/2016,46.530000
08/05/2016,43.900000
08/08/2016,42.830000
08/09/2016,43.450000
08/10/2016,44.210000
08/11/2016,44.380000
08/12/2016,44.460000
08/15/2016,44.660000
08/16/2016,46.560000
08/17/2016,45.370000
08/18/2016,44.320000
08/19/2016,43.480000
08/22/2016,44.910000
08/23/2016,44.470000
08/24/2016,46.190000
08/25/2016,45.590000
08/26/2016,46.190000
08/29/2016,45.560000
08/30/2016,46.110000
08/31/2016,46.700000
09/01/2016,47.020000
09/02/2016,44.440000
09/06/2016,42.280000
09/07/2016,41.470000
09/08/2016,44.020000
09/09/2016,56.620000
09/12/2016,48.880000
09/13/2016,54.750000
09/14/2016,57.040000
09/15/2016,52.620000
09/16/2016,51.330000
09/19/2016,52.540000
09/20/2016,54.040000
09/21/2016,47.260000
09/22/2016,43.680000
09/23/2016,44.540000
09/26/2016,49.820000
09/27/2016,45.900000
09/28/2016,43.060000
09/29/2016,45.250000
09/30/2016,44.610000
10/03/2016,44.230000
10/04/2016,43.730000
10/05/2016,43.050000
10/06/2016,41.210000
10/07/2016,42.860000
10/10/2016,40.220000
10/11/2016,44.600000
10/12/2016,46.260000
10/13/2016,49.050000
10/14/2016,48.920000
10/17/2016,48.770000
10/18/2016,46.610000
10/19/2016,44.160000
10/20/2016,41.360000
10/21/2016,41.080000
10/24/2016,39.600000
10/25/2016,42.170000
10/26/2016,46.810000
10/27/2016,51.690000
10/28/2016,53.130000
10/31/2016,56.650000
11/01/2016,61.050000
11/02/2016,64.320000
11/03/2016,67.690000
11/04/2016,72.550000
11/07/2016,60.710000
11/08/2016,60.110000
11/09/2016,41.000000
11/10/2016,36.910000
11/11/2016,37.210000
11/14/2016,31.190000
11/15/2016,28.740000
11/16/2016,29.930000
11/17/2016,31.720000
11/18/2016,26.510000
11/22/2017,44.560000
11/24/2017,43.580000
11/27/2017,45.630000
11/28/2017,45.380000
11/29/2017,44.500000
11/30/2017,45.160000
12/01/2017,45.450000
12/04/2017,44.490000
12/05/2017,45.770000
12/06/2017,46.110000
12/07/2017,45.170000
12/08/2017,44.650000
12/11/2017,43.820000
12/12/2017,44.890000
12/13/2017,44.650000
12/14/2017,45.740000
12/15/2017,44.900000
12/18/2017,45.440000
12/19/2017,44.440000
12/20/2017,44.970000
12/21/2017,48.090000
12/22/2017,48.250000
12/26/2017,47.480000
12/27/2017,50.030000
12/28/2017,50.530000
12/29/2017,49.880000
01/02/2018,47.450000
01/03/2018,44.810000
01/04/2018,42.670000
01/05/2018,44.540000
01/08/2018,43.630000
01/09/2018,43.750000
01/10/2018,42.330000
01/11/2018,44.830000
01/12/2018,42.630000
01/16/2018,44.840000
01/17/2018,43.430000
01/18/2018,43.010000
01/19/2018,44.000000
01/22/2018,44.900000
01/23/2018,43.200000
01/24/2018,44.080000
01/25/2018,42.900000
01/26/2018,40.980000
01/29/2018,40.850000
01/30/2018,39.530000
01/31/2018,40.690000
02/01/2018,42.060000
02/02/2018,42.030000
02/05/2018,56.250000
02/06/2018,45.800000
02/07/2018,46.660000
02/08/2018,51.530000
02/09/2018,46.360000
02/12/2018,47.350000
02/13/2018,46.230000
02/14/2018,43.730000
02/15/2018,44.530000
02/16/2018,44.090000
02/20/2018,45.370000
02/21/2018,47.320000
02/22/2018,44.730000
02/23/2018,41.820000
02/26/2018,40.720000
02/27/2018,44.160000
02/28/2018,44.830000
03/01/2018,45.740000
03/02/2018,43.630000
03/05/2018,42.310000
03/06/2018,45.580000
03/07/2018,44.210000
03/08/2018,44.530000
03/09/2018,42.390000
03/12/2018,43.610000
03/13/2018,41.370000
03/14/2018,44.200000
03/15/2018,46.080000
03/16/2018,45.490000
03/19/2018,44.490000
03/20/2018,42.570000
03/21/2018,43.330000
03/22/2018,43.940000
03/23/2018,45.850000
03/26/2018,45.240000
03/27/2018,48.450000
03/28/2018,50.520000
03/29/2018,48.810000
04/02/2018,51.470000
04/03/2018,48.320000
04/04/2018,47.020000
04/05/2018,46.250000
04/06/2018,47.680000
04/09/2018,48.590000
04/10/2018,48.350000
04/11/2018,49.940000
04/12/2018,47.310000
04/13/2018,46.040000
04/16/2018,43.150000
04/17/2018,42.760000
04/18/2018,40.650000
04/19/2018,41.640000
04/20/2018,41.490000
04/23/2018,41.860000
04/24/2018,42.690000
04/25/2018,42.570000
04/26/2018,40.470000
04/27/2018,42.820000
04/30/2018,42.720000
05/01/2018,41.780000
05/02/2018,44.350000
05/03/2018,42.940000
05/04/2018,41.870000
05/07/2018,39.570000
05/08/2018,40.450000
05/09/2018,38.030000
05/10/2018,37.950000
05/11/2018,38.430000
05/14/2018,38.050000
05/15/2018,38.400000
05/16/2018,38.020000
05/17/2018,38.330000
05/18/2018,39.840000
05/21/2018,38.730000
05/22/2018,40.210000
05/23/2018,39.680000
05/24/2018,40.260000
05/25/2018,41.640000
05/29/2018,43.520000
05/30/2018,42.230000
05/31/2018,42.860000
06/01/2018,42.140000
06/04/2018,40.510000
06/05/2018,39.750000
06/06/2018,38.840000
06/07/2018,38.740000
06/08/2018,40.780000
06/11/2018,40.810000
06/12/2018,40.060000
06/13/2018,40.890000
06/14/2018,40.570000
06/15/2018,42.170000
06/18/2018,41.960000
06/19/2018,43.050000
06/20/2018,42.090000
06/21/2018,42.870000
06/22/2018,40.520000
06/25/2018,43.100000
06/26/2018,43.880000
06/27/2018,44.350000
06/28/2018,43.770000
06/29/2018,42.440000
07/02/2018,43.540000
07/03/2018,43.850000
07/05/2018,41.710000
07/06/2018,42.080000
07/09/2018,40.490000
07/10/2018,39.200000
07/11/2018,39.950000
07/12/2018,38.390000
07/13/2018,38.510000
07/16/2018,38.970000
07/17/2018,39.560000
07/18/2018,38.720000
07/19/2018,40.000000
07/20/2018,40.730000
07/23/2018,37.650000
07/24/2018,38.260000
07/25/2018,40.640000
07/26/2018,38.080000
07/27/2018,39.440000
07/30/2018,40.330000
07/31/2018,38.800000
08/01/2018,39.790000
08/02/2018,38.690000
08/03/2018,38.660000
08/06/2018,38.300000
08/07/2018,37.680000
08/08/2018,38.200000
08/09/2018,39.080000
08/10/2018,38.830000
08/13/2018,42.740000
08/14/2018,38.770000
08/15/2018,38.190000
08/16/2018,38.290000
08/17/2018,36.010000
08/20/2018,37.820000
08/21/2018,37.440000
08/22/2018,37.380000
08/23/2018,38.470000
08/24/2018,37.390000
08/27/2018,36.760000
08/28/2018,38.790000
08/29/2018,38.450000
08/30/2018,37.530000
08/31/2018,36.170000
09/04/2018,36.660000
09/05/2018,37.700000
09/06/2018,39.900000
09/07/2018,39.250000
09/10/2018,37.080000
09/11/2018,37.820000
09/12/2018,36.030000
09/13/2018,35.480000
09/14/2018,34.540000
09/17/2018,34.770000
09/18/2018,34.910000
09/19/2018,33.930000
09/20/2018,33.390000
09/21/2018,33.420000
09/24/2018,33.810000
09/25/2018,34.690000
09/26/2018,34.350000
09/27/2018,34.550000
09/28/2018,34.980000
10/01/2018,34.720000
10/02/2018,34.440000
10/03/2018,34.410000
10/04/2018,33.310000
10/05/2018,37.390000
10/08/2018,35.990000
10/09/2018,35.890000
10/10/2018,42.010000
10/11/2018,40.370000
10/12/2018,39.430000
10/15/2018,42.510000
10/16/2018,38.610000
10/17/2018,39.510000
10/18/2018,40.950000
10/19/2018,42.530000
10/22/2018,41.920000
10/23/2018,41.270000
10/24/2018,41.300000
10/25/2018,41.300000
10/26/2018,43.290000
10/29/2018,40.950000
10/30/2018,45.600000
10/31/2018,46.120000
11/01/2018,41.890000
11/02/2018,42.850000
11/05/2018,41.900000
11/06/2018,39.810000
11/07/2018,40.140000
11/08/2018,38.110000
11/09/2018,38.500000
11/12/2018,40.930000
11/13/2018,42.530000
11/14/2018,42.360000
11/15/2018,44.300000
11/16/2018,41.450000
11/19/2018,45.160000
11/20/2018,46.970000
11/21/2018,46.550000
11/23/2018,47.240000
11/26/2018,43.480000
11/27/2018,45.960000
11/28/2018,45.100000
11/29/2018,43.200000
11/30/2018,43.200000
12/04/2018,45.630000
12/06/2018,43.150000
12/07/2018,45.210000
12/10/2018,47.080000
12/11/2018,47.090000
12/12/2018,49.330000
12/13/2018,49.050000
12/14/2018,50.760000
12/17/2018,49.200000
12/18/2018,50.670000
12/19/2018,50.840000
12/20/2018,49.080000
12/21/2018,45.330000
12/24/2018,48.930000
12/26/2018,45.630000
12/27/2018,23.320000
12/28/2018,50.260000
12/31/2018,45.840000
01/02/2019,47.760000
01/03/2019,52.280000
01/04/2019,50.440000
01/07/2019,49.100000
01/08/2019,49.490000
01/09/2019,48.340000
01/10/2019,48.000000
01/11/2019,48.370000
01/14/2019,47.190000
01/15/2019,46.360000
01/16/2019,45.580000
01/17/2019,46.200000
01/18/2019,47.140000
01/22/2019,48.520000
01/23/2019,47.300000
01/24/2019,45.990000
01/25/2019,46.280000
01/28/2019,47.070000
01/29/2019,44.620000
01/30/2019,43.960000
01/31/2019,39.400000
02/01/2019,42.150000
02/04/2019,43.930000
02/05/2019,42.580000
02/06/2019,43.980000
02/07/2019,43.530000
02/08/2019,40.100000
02/11/2019,42.310000
02/12/2019,41.310000
02/13/2019,42.020000
02/14/2019,43.520000
02/15/2019,40.890000
02/19/2019,41.290000
02/20/2019,39.990000
02/21/2019,39.960000
02/22/2019,38.510000
02/25/2019,39.410000
02/26/2019,40.750000
02/27/2019,40.270000
02/28/2019,40.290000
03/01/2019,39.940000
03/04/2019,40.320000
03/05/2019,39.890000
03/06/2019,42.350000
03/07/2019,42.900000
03/08/2019,42.670000
03/11/2019,41.420000
03/12/2019,39.960000
03/13/2019,39.790000
03/14/2019,39.650000
03/15/2019,40.220000
03/18/2019,39.010000
03/19/2019,38.870000
03/20/2019,39.480000
03/21/2019,46.610000
03/22/2019,40.260000
03/25/2019,40.430000
03/26/2019,39.840000
03/27/2019,41.110000
03/28/2019,39.950000
03/29/2019,39.010000
04/01/2019,38.000000
04/02/2019,37.410000
04/03/2019,36.890000
04/04/2019,35.900000
04/05/2019,34.850000
04/08/2019,34.980000
04/09/2019,36.850000
04/10/2019,35.500000
04/11/2019,35.980000
04/12/2019,34.610000
04/15/2019,35.120000
04/16/2019,35.350000
04/17/2019,36.190000
04/18/2019,35.940000
04/22/2019,35.600000
04/23/2019,35.030000
04/24/2019,35.600000
04/25/2019,35.600000
04/26/2019,35.340000
04/29/2019,35.970000
04/30/2019,35.170000
05/01/2019,38.850000
05/02/2019,36.960000
05/03/2019,35.310000
05/06/2019,36.840000
05/07/2019,40.280000
05/08/2019,39.180000
05/09/2019,40.290000
05/10/2019,37.750000
05/13/2019,42.720000
05/14/2019,41.500000
05/15/2019,40.570000
05/16/2019,40.570000
05/17/2019,38.780000
05/20/2019,39.290000
05/21/2019,37.160000
05/22/2019,37.230000
05/23/2019,40.520000
05/24/2019,39.800000
05/28/2019,43.320000
05/29/2019,43.510000
05/30/2019,42.390000
05/31/2019,44.540000
06/03/2019,44.290000
06/04/2019,41.330000
06/05/2019,39.580000
06/06/2019,38.260000
06/07/2019,39.270000
06/10/2019,38.640000
06/11/2019,39.250000
06/12/2019,39.720000
06/13/2019,38.610000
06/14/2019,37.730000
06/17/2019,38.120000
06/18/2019,38.150000
06/19/2019,36.250000
06/20/2019,36.150000
06/21/2019,39.150000
06/24/2019,37.700000
06/25/2019,39.470000
06/26/2019,39.870000
06/27/2019,37.610000
06/28/2019,36.360000
07/01/2019,34.830000
07/02/2019,32.030000
07/03/2019,31.680000
07/08/2019,34.340000
07/09/2019,34.740000
07/10/2019,34.240000
07/11/2019,33.360000
07/12/2019,32.270000
07/15/2019,33.460000
07/16/2019,33.490000
07/17/2019,36.110000
07/18/2019,35.230000
07/19/2019,37.480000
07/22/2019,35.790000
07/23/2019,33.350000
07/24/2019,32.340000
07/25/2019,33.820000
07/26/2019,33.900000
07/29/2019,33.820000
07/30/2019,36.490000
07/31/2019,40.330000
08/01/2019,42.930000
08/02/2019,41.050000
08/05/2019,51.320000
08/06/2019,46.250000
08/07/2019,44.500000
08/08/2019,39.050000
08/09/2019,41.770000
08/12/2019,48.420000
08/13/2019,48.450000
08/14/2019,51.240000
08/15/2019,49.390000
08/16/2019,46.670000
08/19/2019,44.380000
08/20/2019,45.660000
08/21/2019,42.050000
08/22/2019,43.150000
08/23/2019,47.520000
08/26/2019,45.090000
08/27/2019,47.080000
08/28/2019,46.130000
08/29/2019,43.790000
08/30/2019,44.860000
09/03/2019,45.310000
09/04/2019,42.210000
09/05/2019,39.430000
09/06/2019,37.710000
09/09/2019,36.050000
09/10/2019,35.880000
09/11/2019,37.740000
09/12/2019,35.020000
09/13/2019,35.560000
09/16/2019,36.290000
09/17/2019,36.370000
09/18/2019,35.850000
09/19/2019,36.570000
09/20/2019,39.350000
09/23/2019,41.060000
09/24/2019,42.230000
09/25/2019,41.260000
09/26/2019,40.980000
09/27/2019,42.530000
09/30/2019,40.640000
10/01/2019,45.270000
10/02/2019,49.410000
10/03/2019,46.140000
10/04/2019,42.080000
10/07/2019,43.530000
10/08/2019,49.400000
10/09/2019,45.650000
10/10/2019,42.400000
10/11/2019,37.690000
10/14/2019,34.950000
10/15/2019,31.950000
10/16/2019,32.640000
10/17/2019,33.660000
10/18/2019,33.340000
10/21/2019,31.010000
10/22/2019,32.280000
10/23/2019,31.100000
10/24/2019,32.830000
10/25/2019,30.350000
10/28/2019,30.040000
10/29/2019,31.870000
10/30/2019,27.870000
10/31/2019,30.820000
11/01/2019,28.780000
11/04/2019,27.300000
11/05/2019,29.270000
11/06/2019,28.960000
11/07/2019,31.840000
11/08/2019,30.290000
11/11/2019,29.880000
11/12/2019,29.770000
11/13/2019,28.330000
11/14/2019,30.800000
11/15/2019,26.440000
11/18/2019,26.440000
11/19/2019,26.440000
11/20/2019,26.440000
11/21/2019,26.440000
11/22/2019,26.440000
11/25/2019,26.440000
11/26/2019,26.440000
11/27/2019,26.440000
11/29/2019,26.440000
12/02/2019,26.440000
12/03/2019,26.440000
12/04/2019,26.440000
12/05/2019,26.440000
12/06/2019,26.440000
12/09/2019,26.440000
12/10/2019,26.440000
12/11/2019,26.440000
12/12/2019,26.440000
12/13/2019,26.440000
12/16/2019,26.440000
12/17/2019,26.440000
12/18/2019,26.440000
12/19/2019,26.440000
12/20/2019,26.440000
12/23/2019,26.440000
12/24/2019,26.440000
12/26/2019,26.440000
12/27/2019,26.440000
12/30/2019,26.440000
12/31/2019,26.440000
01/02/2020,26.440000
01/03/2020,26.440000
01/06/2020,26.440000
01/07/2020,26.440000
01/08/2020,26.440000
01/09/2020,26.440000
01/10/2020,26.440000
01/13/2020,26.440000
01/14/2020,26.440000
01/15/2020,26.440000
01/16/2020,26.440000
01/17/2020,26.440000
01/21/2020,26.440000
01/22/2020,26.440000
01/23/2020,26.440000
01/24/2020,26.440000
01/27/2020,26.440000
01/28/2020,26.440000
01/29/2020,26.440000
01/30/2020,26.440000
01/31/2020,26.440000
02/03/2020,26.440000
02/04/2020,26.440000
02/05/2020,26.440000
02/06/2020,26.440000
02/07/2020,26.440000
02/10/2020,26.440000
02/11/2020,26.440000
02/12/2020,26.440000
02/13/2020,26.440000
02/14/2020,26.440000
02/18/2020,26.440000
02/19/2020,26.440000
02/20/2020,26.440000
02/21/2020,26.440000
02/24/2020,26.440000
02/25/2020,26.440000
02/26/2020,26.440000
02/27/2020,26.440000
02/28/2020,26.440000
03/02/2020,26.440000
03/03/2020,26.440000
03/04/2020,26.440000
03/05/2020,26.440000
03/06/2020,26.440000
03/09/2020,26.440000
03/10/2020,26.440000
03/11/2020,26.440000
03/12/2020,26.440000
03/13/2020,26.440000
03/16/2020,26.440000
03/17/2020,26.440000
03/18/2020,26.440000
03/19/2020,26.440000
03/20/2020,26.440000
03/23/2020,26.440000
03/24/2020,26.440000
03/25/2020,26.440000
03/26/2020,26.440000
03/27/2020,26.440000
03/30/2020,26.440000
03/31/2020,26.440000
04/01/2020,26.440000
04/02/2020,26.440000
04/03/2020,26.440000
04/07/2020,26.440000
04/08/2020,26.440000
04/09/2020,26.440000
04/13/2020,26.440000
04/14/2020,26.440000
04/15/2020,26.440000
04/16/2020,26.440000
04/17/2020,26.440000
04/20/2020,26.440000
04/21/2020,26.440000
04/22/2020,26.440000
04/23/2020,26.440000
04/24/2020,26.440000
04/27/2020,26.440000
04/28/2020,26.440000
04/29/2020,26.440000
04/30/2020,26.440000
05/01/2020,26.440000
05/04/2020,26.440000
05/05/2020,26.440000
05/06/2020,26.440000
05/07/2020,26.440000
05/08/2020,26.440000
05/11/2020,26.440000
05/12/2020,26.440000
05/13/2020,26.440000
05/14/2020,26.440000
05/15/2020,26.440000
05/18/2020,26.440000
05/19/2020,26.440000
05/20/2020,26.440000
05/21/2020,26.440000
05/22/2020,26.440000
05/26/2020,26.440000
05/27/2020,26.440000
05/28/2020,26.440000
05/29/2020,26.440000
06/01/2020,26.440000
06/02/2020,26.440000
06/03/2020,26.440000
06/04/2020,26.440000
06/05/2020,26.440000
06/08/2020,26.440000
06/09/2020,26.440000
06/10/2020,26.440000
06/11/2020,26.440000
06/12/2020,26.440000
06/15/2020,26.440000
06/16/2020,26.440000
06/17/2020,26.440000
06/18/2020,26.440000
06/19/2020,26.440000
06/22/2020,26.440000
06/23/2020,26.440000
06/24/2020,26.440000
06/25/2020,26.440000
06/26/2020,26.440000
06/29/2020,26.440000
06/30/2020,26.440000
07/01/2020,26.440000
07/02/2020,26.440000
07/06/2020,26.440000
07/07/2020,26.440000
07/08/2020,26.440000
07/09/2020,26.440000
07/10/2020,26.440000
07/13/2020,26.440000
07/14/2020,26.440000
07/15/2020,26.440000
07/16/2020,26.440000
07/17/2020,26.440000
07/20/2020,26.440000
07/21/2020,26.440000
07/22/2020,26.440000
07/23/2020,26.440000
07/24/2020,26.440000
07/27/2020,26.440000
07/28/2020,26.440000
07/29/2020,26.440000
07/30/2020,26.440000
07/31/2020,26.440000
08/03/2020,26.440000
08/04/2020,26.440000
08/05/2020,26.440000
08/06/2020,26.440000
08/07/2020,26.440000
08/10/2020,26.440000
08/11/2020,26.440000
08/12/2020,26.440000
08/13/2020,26.440000
08/14/2020,26.440000
08/17/2020,26.440000
08/18/2020,26.440000
08/19/2020,26.440000
08/20/2020,26.440000
08/21/2020,26.440000
08/24/2020,26.440000
08/25/2020,26.440000
08/26/2020,26.440000
08/27/2020,26.440000
08/28/2020,26.440000
08/31/2020,26.440000
09/01/2020,26.440000
09/02/2020,26.440000
09/03/2020,26.440000
09/04/2020,26.440000
09/08/2020,26.440000
09/09/2020,26.440000
09/10/2020,26.440000
09/11/2020,26.440000
09/14/2020,26.440000
09/15/2020,26.440000
09/16/2020,26.440000
09/17/2020,26.440000
09/18/2020,26.440000
09/21/2020,26.440000
09/22/2020,26.440000
09/23/2020,26.440000
09/24/2020,26.440000
09/25/2020,26.440000
09/28/2020,26.440000
09/29/2020,26.440000
09/30/2020,26.440000
10/01/2020,26.440000
10/02/2020,26.440000
10/05/2020,26.440000
10/06/2020,26.440000
10/07/2020,26.440000
10/08/2020,26.440000
10/09/2020,26.440000
10/13/2020,26.440000
10/14/2020,26.440000
10/15/2020,26.440000
10/19/2020,26.440000
10/20/2020,26.440000
10/21/2020,26.440000
10/22/2020,26.440000
10/23/2020,26.440000
10/26/2020,26.440000
10/27/2020,26.440000
10/28/2020,26.440000
10/29/2020,26.440000
10/30/2020,26.440000
11/02/2020,26.440000
11/03/2020,26.440000
11/04/2020,26.440000
11/05/2020,26.440000
11/06/2020,26.440000
11/09/2020,26.440000
11/10/2020,26.440000
11/11/2020,26.440000
11/12/2020,26.440000
11/13/2020,26.440000
11/16/2020,26.440000
11/17/2020,26.440000
11/18/2020,26.440000
11/19/2020,26.440000
11/20/2020,26.440000
11/23/2020,49.050000
11/24/2020,48.540000
11/25/2020,49.380000
11/27/2020,49.890000
11/30/2020,67.480000
12/01/2020,48.190000
12/02/2020,47.680000
12/03/2020,47.780000
12/04/2020,47.780000
12/07/2020,46.690000
12/08/2020,45.180000
12/09/2020,45.180000
12/10/2020,47.970000
12/11/2020,48.000000
12/14/2020,49.930000
12/15/2020,48.290000
12/16/2020,48.290000
12/17/2020,47.470000
12/18/2020,47.920000
12/21/2020,48.390000
12/22/2020,49.500000
12/23/2020,49.500000
12/24/2020,47.340000
12/28/2020,47.290000
12/29/2020,48.550000
12/30/2020,48.210000
12/31/2020,48.210000
01/04/2021,49.220000
01/05/2021,48.940000
01/06/2021,49.160000
01/07/2021,47.490000
01/08/2021,46.990000
01/11/2021,48.340000
01/12/2021,48.240000
01/13/2021,49.140000
01/14/2021,48.950000
01/15/2021,50.860000
01/19/2021,51.700000
01/20/2021,47.980000
01/21/2021,47.980000
01/22/2021,50.310000
01/25/2021,49.040000
01/26/2021,49.930000
01/27/2021,49.960000
01/28/2021,52.700000
01/29/2021,53.820000
02/01/2021,52.060000
02/02/2021,51.330000
02/03/2021,50.520000
02/04/2021,52.360000
02/05/2021,52.360000
02/08/2021,51.650000
02/09/2021,53.220000
02/10/2021,53.060000
02/11/2021,52.870000
02/12/2021,51.080000
02/16/2021,52.300000
02/17/2021,52.660000
02/18/2021,51.120000
02/19/2021,51.120000
02/22/2021,53.450000
02/23/2021,51.950000
02/24/2021,49.690000
02/25/2021,54.050000
02/26/2021,54.030000
03/01/2021,49.830000
03/02/2021,52.270000
03/03/2021,54.780000
03/04/2021,54.000000
03/05/2021,51.770000
03/08/2021,53.260000
03/09/2021,51.770000
03/10/2021,50.360000
03/11/2021,50.360000
03/12/2021,49.830000
03/15/2021,48.910000
03/16/2021,52.150000
03/17/2021,49.940000
03/18/2021,51.950000
03/19/2021,46.250000
03/22/2021,50.170000
03/23/2021,51.830000
03/24/2021,53.630000
03/25/2021,51.610000
03/26/2021,51.140000
03/29/2021,51.140000
03/30/2021,48.220000
03/31/2021,51.890000
04/01/2021,49.890000
04/02/2021,49.890000
04/05/2021,49.090000
04/06/2021,49.200000
04/07/2021,47.890000
04/08/2021,48.740000
04/09/2021,49.540000
04/12/2021,48.490000
04/13/2021,47.130000
04/14/2021,48.910000
04/15/2021,46.590000
04/16/2021,49.660000
04/19/2021,47.970000
04/20/2021,50.760000
04/21/2021,49.370000
04/22/2021,49.370000
04/23/2021,50.330000
04/26/2021,49.660000
04/27/2021,48.130000
04/28/2021,48.130000
04/29/2021,47.400000
04/30/2021,51.780000
05/03/2021,51.240000
05/04/2021,52.190000
05/05/2021,52.920000
05/06/2021,51.200000
05/07/2021,50.720000
05/10/2021,53.520000
05/11/2021,54.720000
05/12/2021,55.640000
05/13/2021,53.500000
05/14/2021,50.450000
05/17/2021,51.300000
05/18/2021,53.480000
05/19/2021,51.990000
05/20/2021,49.980000
05/21/2021,52.700000
05/24/2021,49.440000
05/25/2021,50.790000
05/26/2021,50.250000
05/27/2021,47.710000
05/28/2021,46.820000
06/01/2021,48.340000
06/02/2021,50.690000
06/03/2021,50.690000
06/04/2021,49.110000
06/07/2021,50.020000
06/08/2021,48.040000
06/09/2021,49.440000
06/10/2021,48.860000
06/11/2021,44.830000
06/14/2021,47.550000
06/15/2021,47.930000
06/16/2021,47.930000
06/17/2021,47.930000
06/18/2021,50.590000
06/21/2021,48.390000
06/22/2021,46.890000
06/23/2021,45.990000
06/24/2021,45.880000
06/25/2021,47.350000
06/28/2021,46.400000
06/29/2021,47.970000
06/30/2021,47.210000
07/01/2021,46.880000
07/02/2021,47.430000
07/06/2021,47.440000
07/07/2021,47.390000
07/08/2021,48.400000
07/09/2021,47.650000
07/12/2021,47.710000
07/13/2021,42.710000
07/14/2021,48.530000
07/15/2021,49.250000
07/16/2021,52.320000
07/19/2021,52.060000
07/20/2021,52.060000
07/21/2021,52.060000
07/22/2021,51.780000
07/23/2021,50.500000
07/26/2021,49.860000
07/27/2021,51.280000
07/28/2021,51.280000
07/29/2021,50.300000
07/30/2021,51.340000
08/02/2021,53.800000
08/03/2021,50.000000
08/04/2021,49.410000
08/05/2021,47.130000
08/06/2021,47.110000
08/09/2021,49.580000
08/10/2021,51.080000
08/11/2021,50.010000
08/12/2021,48.020000
08/13/2021,48.550000
08/16/2021,48.860000
08/17/2021,49.060000
08/18/2021,55.280000
08/19/2021,51.790000
08/20/2021,50.760000
08/23/2021,49.340000
08/24/2021,48.620000
08/25/2021,47.710000
08/26/2021,50.750000
08/27/2021,48.870000
08/30/2021,49.580000
08/31/2021,49.580000
09/01/2021,49.620000
09/02/2021,50.070000
09/03/2021,50.570000
09/07/2021,53.570000
09/08/2021,54.470000
09/09/2021,53.830000
09/10/2021,56.120000
09/13/2021,48.720000
09/14/2021,54.140000
09/15/2021,53.190000
09/16/2021,54.650000
09/17/2021,56.230000
09/20/2021,56.750000
09/21/2021,57.840000
09/22/2021,56.160000
09/23/2021,53.780000
09/24/2021,53.960000
09/27/2021,55.800000
09/28/2021,56.130000
09/29/2021,57.650000
09/30/2021,59.130000
10/01/2021,62.710000
10/04/2021,56.640000
10/05/2021,56.510000
10/06/2021,57.300000
10/07/2021,56.040000
10/08/2021,55.140000
10/11/2021,56.080000
10/12/2021,57.140000
10/13/2021,57.430000
10/14/2021,54.750000
10/15/2021,55.220000
10/18/2021,55.180000
10/19/2021,53.440000
10/20/2021,51.270000
10/21/2021,50.980000
10/22/2021,52.380000
10/25/2021,48.860000
10/26/2021,50.390000
10/27/2021,54.850000
10/28/2021,54.830000
10/29/2021,51.070000
11/01/2021,51.010000
11/02/2021,51.930000
11/03/2021,50.290000
11/04/2021,48.760000
11/05/2021,50.000000
11/08/2021,48.200000
11/09/2021,55.400000
11/10/2021,50.360000
11/11/2021,50.670000
11/12/2021,48.000000
11/15/2021,48.650000
11/16/2021,47.780000
11/17/2021,50.160000
11/18/2021,48.330000
11/19/2021,49.070000
