DATE,KCJ
11/24/2009,66.450000
11/25/2009,66.110000
11/27/2009,68.250000
11/30/2009,67.620000
12/01/2009,66.690000
12/02/2009,66.070000
12/03/2009,67.600000
12/04/2009,66.690000
12/07/2009,66.110000
12/08/2009,66.440000
12/09/2009,66.560000
12/10/2009,67.000000
12/11/2009,65.160000
12/14/2009,64.660000
12/15/2009,65.210000
12/16/2009,64.130000
12/17/2009,64.550000
12/18/2009,64.180000
12/21/2009,64.730000
12/22/2009,63.770000
12/23/2009,63.990000
12/24/2009,63.420000
12/28/2009,62.780000
12/29/2009,64.040000
12/30/2009,64.260000
12/31/2009,65.730000
01/04/2010,63.940000
01/05/2010,63.750000
01/06/2010,63.240000
01/07/2010,60.610000
01/08/2010,59.070000
01/11/2010,60.620000
01/12/2010,58.570000
01/13/2010,58.360000
01/14/2010,57.550000
01/15/2010,61.600000
01/19/2010,61.150000
01/20/2010,62.520000
01/21/2010,63.850000
01/22/2010,65.430000
01/25/2010,65.440000
01/26/2010,65.100000
01/27/2010,64.170000
01/28/2010,63.480000
01/29/2010,65.120000
02/01/2010,62.090000
02/02/2010,62.130000
02/03/2010,61.310000
02/04/2010,65.260000
02/05/2010,64.540000
02/08/2010,65.870000
02/09/2010,66.590000
02/10/2010,66.010000
02/11/2010,64.440000
02/12/2010,63.770000
02/16/2010,63.660000
02/17/2010,63.770000
02/18/2010,62.660000
02/19/2010,62.810000
02/22/2010,62.460000
02/23/2010,62.220000
02/24/2010,63.120000
02/25/2010,62.380000
02/26/2010,62.260000
03/01/2010,62.460000
03/02/2010,62.060000
03/04/2010,62.640000
03/05/2010,61.340000
03/08/2010,61.600000
03/09/2010,61.710000
03/10/2010,62.740000
03/11/2010,62.790000
03/12/2010,62.200000
03/15/2010,63.490000
03/16/2010,63.310000
03/17/2010,62.160000
03/18/2010,62.900000
03/19/2010,64.370000
03/22/2010,64.980000
03/23/2010,65.090000
03/24/2010,65.770000
03/25/2010,67.040000
03/26/2010,65.390000
03/29/2010,64.420000
03/30/2010,64.590000
03/31/2010,65.850000
04/01/2010,65.830000
04/05/2010,61.860000
04/06/2010,61.610000
04/07/2010,62.730000
04/08/2010,61.130000
04/09/2010,61.680000
04/12/2010,61.680000
04/13/2010,64.280000
04/14/2010,62.540000
04/15/2010,62.900000
04/16/2010,64.470000
04/19/2010,64.560000
04/20/2010,63.260000
04/21/2010,63.740000
04/22/2010,61.820000
04/23/2010,60.060000
04/26/2010,59.330000
04/27/2010,59.330000
04/28/2010,61.260000
04/29/2010,60.050000
04/30/2010,62.460000
05/03/2010,59.960000
05/04/2010,60.910000
05/05/2010,63.710000
05/06/2010,63.140000
05/07/2010,66.930000
05/10/2010,62.450000
05/11/2010,62.160000
05/12/2010,60.400000
05/13/2010,60.850000
05/14/2010,62.400000
05/17/2010,63.450000
05/18/2010,66.130000
05/19/2010,68.240000
05/20/2010,76.970000
05/21/2010,75.520000
05/24/2010,73.000000
05/25/2010,69.030000
05/26/2010,72.820000
05/27/2010,69.760000
05/28/2010,69.820000
06/01/2010,70.200000
06/02/2010,66.760000
06/03/2010,65.350000
06/04/2010,68.600000
06/07/2010,70.120000
06/08/2010,69.680000
06/09/2010,70.570000
06/10/2010,70.390000
06/11/2010,69.770000
06/14/2010,69.520000
06/15/2010,65.310000
06/16/2010,66.580000
06/17/2010,66.310000
06/18/2010,67.000000
06/21/2010,67.910000
06/22/2010,70.260000
06/23/2010,70.370000
06/24/2010,71.620000
06/25/2010,70.780000
06/28/2010,71.950000
06/29/2010,75.400000
06/30/2010,75.250000
07/01/2010,70.430000
07/02/2010,70.650000
07/06/2010,72.240000
07/07/2010,72.300000
07/08/2010,71.200000
07/09/2010,70.840000
07/12/2010,70.600000
07/13/2010,72.020000
07/14/2010,73.010000
07/15/2010,75.200000
07/16/2010,72.250000
07/19/2010,74.200000
07/20/2010,71.380000
07/21/2010,73.390000
07/22/2010,73.160000
07/23/2010,70.800000
07/26/2010,71.050000
07/27/2010,71.600000
07/28/2010,71.930000
07/29/2010,72.550000
07/30/2010,71.040000
08/02/2010,69.060000
08/03/2010,70.400000
08/04/2010,69.000000
08/05/2010,71.100000
08/06/2010,71.060000
08/09/2010,71.800000
08/10/2010,71.880000
08/11/2010,74.320000
08/12/2010,76.290000
08/13/2010,76.600000
08/16/2010,75.170000
08/17/2010,75.200000
08/18/2010,75.910000
08/19/2010,73.820000
08/20/2010,74.840000
08/23/2010,75.680000
08/24/2010,75.540000
08/25/2010,74.480000
08/26/2010,76.300000
08/27/2010,73.350000
08/30/2010,76.830000
08/31/2010,75.170000
09/01/2010,75.670000
09/02/2010,74.950000
09/03/2010,73.030000
09/07/2010,75.730000
09/08/2010,74.700000
09/09/2010,75.440000
09/10/2010,74.540000
09/13/2010,74.610000
09/14/2010,75.590000
09/15/2010,75.070000
09/16/2010,75.230000
09/17/2010,76.770000
09/20/2010,75.940000
09/21/2010,78.100000
09/22/2010,78.290000
09/23/2010,80.860000
09/24/2010,78.540000
09/27/2010,80.600000
09/28/2010,79.870000
09/29/2010,80.570000
09/30/2010,81.150000
10/01/2010,78.980000
10/04/2010,78.570000
10/05/2010,77.800000
10/06/2010,78.780000
10/07/2010,78.880000
10/08/2010,77.550000
10/11/2010,75.950000
10/12/2010,74.490000
10/13/2010,73.000000
10/14/2010,72.380000
10/15/2010,73.190000
10/18/2010,72.060000
10/19/2010,73.140000
10/20/2010,72.740000
10/21/2010,70.360000
10/22/2010,70.610000
10/25/2010,69.910000
10/26/2010,69.540000
10/27/2010,69.860000
10/28/2010,70.350000
10/29/2010,70.560000
11/01/2010,71.450000
11/02/2010,71.880000
11/03/2010,67.640000
11/04/2010,65.180000
11/05/2010,67.500000
11/08/2010,67.310000
11/09/2010,68.710000
11/10/2010,68.050000
11/11/2010,67.600000
11/12/2010,69.010000
11/15/2010,68.710000
11/16/2010,70.290000
11/17/2010,69.260000
11/18/2010,68.510000
11/19/2010,68.080000
11/22/2010,66.120000
11/23/2010,68.680000
11/24/2010,68.860000
11/26/2010,71.410000
11/29/2010,69.000000
11/30/2010,71.080000
12/01/2010,69.180000
12/02/2010,65.490000
12/03/2010,64.080000
12/06/2010,64.120000
12/07/2010,64.450000
12/08/2010,63.740000
12/09/2010,61.870000
12/10/2010,61.560000
12/13/2010,61.860000
12/14/2010,63.030000
12/15/2010,64.780000
12/16/2010,65.940000
12/17/2010,66.120000
12/20/2010,65.920000
12/21/2010,66.360000
12/22/2010,66.030000
12/23/2010,68.160000
12/27/2010,67.880000
12/28/2010,67.420000
12/29/2010,68.040000
12/30/2010,67.670000
12/31/2010,66.340000
01/03/2011,66.450000
01/04/2011,66.430000
01/05/2011,65.400000
01/06/2011,62.000000
01/07/2011,62.780000
01/10/2011,61.470000
01/11/2011,61.160000
01/12/2011,61.450000
01/13/2011,61.350000
01/14/2011,60.580000
01/18/2011,61.050000
01/19/2011,63.480000
01/20/2011,61.800000
01/21/2011,64.950000
01/24/2011,64.180000
01/25/2011,61.710000
01/26/2011,61.550000
01/27/2011,59.510000
01/28/2011,63.220000
01/31/2011,59.460000
02/01/2011,58.630000
02/02/2011,59.010000
02/03/2011,59.330000
02/04/2011,58.930000
02/07/2011,58.750000
02/08/2011,58.120000
02/09/2011,57.550000
02/10/2011,57.910000
02/11/2011,56.790000
02/14/2011,58.090000
02/15/2011,58.240000
02/16/2011,58.330000
02/17/2011,60.390000
02/18/2011,61.120000
02/22/2011,60.530000
02/23/2011,61.650000
02/24/2011,60.840000
02/25/2011,56.880000
02/28/2011,56.420000
03/01/2011,62.150000
03/02/2011,60.730000
03/03/2011,59.020000
03/04/2011,59.250000
03/07/2011,62.700000
03/08/2011,64.460000
03/09/2011,65.990000
03/10/2011,64.080000
03/11/2011,62.920000
03/14/2011,62.740000
03/15/2011,64.790000
03/16/2011,68.240000
03/17/2011,62.780000
03/18/2011,62.670000
03/21/2011,62.960000
03/22/2011,64.640000
03/23/2011,63.060000
03/24/2011,59.900000
03/25/2011,61.470000
03/28/2011,63.890000
03/29/2011,59.440000
03/30/2011,61.360000
03/31/2011,61.770000
04/01/2011,62.460000
04/04/2011,61.490000
04/05/2011,58.700000
04/06/2011,59.850000
04/07/2011,59.950000
04/08/2011,61.650000
04/11/2011,61.820000
04/12/2011,61.590000
04/13/2011,59.140000
04/14/2011,59.600000
04/15/2011,61.000000
04/18/2011,60.480000
04/19/2011,59.860000
04/20/2011,59.170000
04/21/2011,61.340000
04/25/2011,59.800000
04/26/2011,62.570000
04/27/2011,60.460000
04/28/2011,61.250000
04/29/2011,59.830000
05/02/2011,61.000000
05/03/2011,60.930000
05/04/2011,61.800000
05/05/2011,56.820000
05/06/2011,57.190000
05/09/2011,57.020000
05/10/2011,52.610000
05/11/2011,58.230000
05/12/2011,57.890000
05/13/2011,58.960000
05/16/2011,60.480000
05/17/2011,58.750000
05/18/2011,57.610000
05/19/2011,57.770000
05/20/2011,60.450000
05/23/2011,60.850000
05/24/2011,61.220000
05/25/2011,60.470000
05/26/2011,57.200000
05/27/2011,56.840000
05/31/2011,55.750000
06/01/2011,60.200000
06/02/2011,60.320000
06/03/2011,61.160000
06/06/2011,58.220000
06/07/2011,57.700000
06/08/2011,61.140000
06/09/2011,59.040000
06/10/2011,61.100000
06/13/2011,61.510000
06/14/2011,59.530000
06/15/2011,60.990000
06/16/2011,61.820000
06/17/2011,62.130000
06/20/2011,60.760000
06/21/2011,59.630000
06/22/2011,63.240000
06/23/2011,60.340000
06/24/2011,62.100000
06/27/2011,59.600000
06/28/2011,58.640000
06/29/2011,55.260000
06/30/2011,55.880000
07/01/2011,55.610000
07/05/2011,55.530000
07/06/2011,55.530000
07/07/2011,54.130000
07/08/2011,54.610000
07/11/2011,59.540000
07/12/2011,62.400000
07/13/2011,61.970000
07/14/2011,62.790000
07/15/2011,58.700000
07/18/2011,60.010000
07/19/2011,58.680000
07/20/2011,59.550000
07/21/2011,55.450000
07/22/2011,55.930000
07/25/2011,60.550000
07/26/2011,62.670000
07/27/2011,64.750000
07/28/2011,63.750000
07/29/2011,59.410000
08/01/2011,60.130000
08/02/2011,64.800000
08/03/2011,63.310000
08/04/2011,72.510000
08/05/2011,69.930000
08/08/2011,76.260000
08/09/2011,65.240000
08/10/2011,71.860000
08/11/2011,70.420000
08/12/2011,72.320000
08/15/2011,70.650000
08/16/2011,71.480000
08/17/2011,72.840000
08/18/2011,76.600000
08/19/2011,77.130000
08/22/2011,78.470000
08/23/2011,73.030000
08/24/2011,74.540000
08/25/2011,75.690000
08/26/2011,72.930000
08/29/2011,74.280000
08/30/2011,78.650000
08/31/2011,74.380000
09/01/2011,77.590000
09/02/2011,77.310000
09/06/2011,76.680000
09/07/2011,73.250000
09/08/2011,77.380000
09/09/2011,77.510000
09/12/2011,77.520000
09/13/2011,80.730000
09/14/2011,81.520000
09/15/2011,79.310000
09/16/2011,79.540000
09/19/2011,81.740000
09/20/2011,81.740000
09/21/2011,84.730000
09/22/2011,83.930000
09/23/2011,83.170000
09/26/2011,83.080000
09/27/2011,82.520000
09/28/2011,90.140000
09/29/2011,83.590000
09/30/2011,90.280000
10/03/2011,88.120000
10/04/2011,80.650000
10/05/2011,80.250000
10/06/2011,81.970000
10/07/2011,82.320000
10/10/2011,79.210000
10/11/2011,77.800000
10/12/2011,75.300000
10/13/2011,74.420000
10/14/2011,69.040000
10/17/2011,78.950000
10/18/2011,74.890000
10/19/2011,83.020000
10/20/2011,83.830000
10/21/2011,79.190000
10/24/2011,78.870000
10/25/2011,85.680000
10/26/2011,80.260000
10/27/2011,72.210000
10/28/2011,71.180000
10/31/2011,85.240000
11/01/2011,81.430000
11/02/2011,83.570000
11/03/2011,81.850000
11/04/2011,78.330000
11/07/2011,78.550000
11/08/2011,74.360000
11/09/2011,91.540000
11/10/2011,81.100000
11/11/2011,76.800000
11/14/2011,79.680000
11/15/2011,82.740000
11/16/2011,88.550000
11/17/2011,85.830000
11/18/2011,81.660000
11/20/2012,64.650000
11/21/2012,65.520000
11/23/2012,64.780000
11/26/2012,65.250000
11/27/2012,66.410000
11/28/2012,65.160000
11/29/2012,65.130000
11/30/2012,65.950000
12/03/2012,67.240000
12/04/2012,67.660000
12/05/2012,67.790000
12/06/2012,67.630000
12/07/2012,67.230000
12/10/2012,66.020000
12/11/2012,67.720000
12/12/2012,70.080000
12/13/2012,71.340000
12/14/2012,71.490000
12/17/2012,71.060000
12/18/2012,69.480000
12/19/2012,72.360000
12/20/2012,71.800000
12/21/2012,72.540000
12/24/2012,73.220000
12/26/2012,73.850000
12/27/2012,73.210000
12/28/2012,74.790000
12/31/2012,68.160000
01/02/2013,67.570000
01/03/2013,68.440000
01/04/2013,68.710000
01/07/2013,69.750000
01/08/2013,70.600000
01/09/2013,71.010000
01/10/2013,67.960000
01/11/2013,68.860000
01/14/2013,69.380000
01/15/2013,70.110000
01/16/2013,69.780000
01/17/2013,70.470000
01/18/2013,70.870000
01/22/2013,67.390000
01/23/2013,65.070000
01/24/2013,67.130000
01/25/2013,68.480000
01/28/2013,66.690000
01/29/2013,65.840000
01/30/2013,66.360000
01/31/2013,67.540000
02/01/2013,66.840000
02/04/2013,67.590000
02/05/2013,67.660000
02/06/2013,66.590000
02/07/2013,66.110000
02/08/2013,65.180000
02/11/2013,64.260000
02/12/2013,66.040000
02/13/2013,65.590000
02/14/2013,65.780000
02/15/2013,67.030000
02/19/2013,66.030000
02/20/2013,69.470000
02/21/2013,67.420000
02/22/2013,67.080000
02/25/2013,70.170000
02/26/2013,69.280000
02/27/2013,66.070000
02/28/2013,67.230000
03/01/2013,66.040000
03/04/2013,63.270000
03/05/2013,63.460000
03/06/2013,63.190000
03/07/2013,62.970000
03/08/2013,62.190000
03/11/2013,62.710000
03/12/2013,61.460000
03/13/2013,60.260000
03/14/2013,59.680000
03/15/2013,60.700000
03/18/2013,62.170000
03/19/2013,62.250000
03/20/2013,60.320000
03/21/2013,61.460000
03/22/2013,61.420000
03/25/2013,61.390000
03/26/2013,60.370000
03/27/2013,62.050000
03/28/2013,62.380000
04/01/2013,63.910000
04/02/2013,63.850000
04/03/2013,62.900000
04/04/2013,62.980000
04/05/2013,63.390000
04/08/2013,61.660000
04/09/2013,61.080000
04/10/2013,59.940000
04/11/2013,59.730000
04/12/2013,59.530000
04/15/2013,63.950000
04/16/2013,60.240000
04/17/2013,63.780000
04/18/2013,66.040000
04/19/2013,63.750000
04/22/2013,62.690000
04/23/2013,59.180000
04/24/2013,59.850000
04/25/2013,58.640000
04/26/2013,59.680000
04/29/2013,58.920000
04/30/2013,56.860000
05/01/2013,58.910000
05/02/2013,58.500000
05/03/2013,58.330000
05/06/2013,58.920000
05/07/2013,59.450000
05/08/2013,58.660000
05/09/2013,61.740000
05/10/2013,61.080000
05/13/2013,62.240000
05/14/2013,62.510000
05/15/2013,62.930000
05/16/2013,62.370000
05/17/2013,62.480000
05/20/2013,61.560000
05/21/2013,62.320000
05/22/2013,61.230000
05/23/2013,61.080000
05/24/2013,60.130000
05/28/2013,59.140000
05/29/2013,59.550000
05/30/2013,58.340000
05/31/2013,59.140000
06/03/2013,59.890000
06/04/2013,59.600000
06/05/2013,59.700000
06/06/2013,58.810000
06/07/2013,58.840000
06/10/2013,58.840000
06/11/2013,60.960000
06/12/2013,62.960000
06/13/2013,60.910000
06/14/2013,60.840000
06/17/2013,59.840000
06/18/2013,59.120000
06/19/2013,58.500000
06/20/2013,60.360000
06/21/2013,59.130000
06/24/2013,61.420000
06/25/2013,60.690000
06/26/2013,59.820000
06/27/2013,59.760000
06/28/2013,59.000000
07/01/2013,59.000000
07/02/2013,58.350000
07/03/2013,58.160000
07/05/2013,55.670000
07/08/2013,56.590000
07/09/2013,55.580000
07/10/2013,55.590000
07/11/2013,57.130000
07/12/2013,57.770000
07/15/2013,58.330000
07/16/2013,59.440000
07/17/2013,58.040000
07/18/2013,58.530000
07/19/2013,58.970000
07/22/2013,58.030000
07/23/2013,58.510000
07/24/2013,58.770000
07/25/2013,58.200000
07/26/2013,57.130000
07/29/2013,56.930000
07/30/2013,56.080000
07/31/2013,55.310000
08/01/2013,55.080000
08/02/2013,54.570000
08/05/2013,55.010000
08/06/2013,56.280000
08/07/2013,56.220000
08/08/2013,55.420000
08/09/2013,56.020000
08/12/2013,57.430000
08/13/2013,55.650000
08/14/2013,56.510000
08/15/2013,56.980000
08/16/2013,56.930000
08/19/2013,57.710000
08/20/2013,57.570000
08/21/2013,57.520000
08/22/2013,55.290000
08/23/2013,55.550000
08/26/2013,56.670000
08/27/2013,58.870000
08/28/2013,60.500000
08/29/2013,61.480000
08/30/2013,59.630000
09/03/2013,58.650000
09/04/2013,58.150000
09/05/2013,58.700000
09/06/2013,57.470000
09/09/2013,56.430000
09/10/2013,54.940000
09/11/2013,53.850000
09/12/2013,54.210000
09/13/2013,53.680000
09/16/2013,53.080000
09/17/2013,53.480000
09/18/2013,53.160000
09/19/2013,54.140000
09/20/2013,55.660000
09/23/2013,55.730000
09/24/2013,55.850000
09/25/2013,55.030000
09/26/2013,54.260000
09/27/2013,54.820000
09/30/2013,55.720000
10/01/2013,54.450000
10/02/2013,54.430000
10/03/2013,56.080000
10/04/2013,54.980000
10/07/2013,58.020000
10/08/2013,58.680000
10/09/2013,57.680000
10/10/2013,55.210000
10/11/2013,53.270000
10/14/2013,53.260000
10/15/2013,56.410000
10/16/2013,53.630000
10/17/2013,53.120000
10/18/2013,54.000000
10/21/2013,52.420000
10/22/2013,53.860000
10/23/2013,53.440000
10/24/2013,53.610000
10/25/2013,53.720000
10/28/2013,54.620000
10/29/2013,55.640000
10/30/2013,55.340000
10/31/2013,55.270000
11/01/2013,56.390000
11/04/2013,55.670000
11/05/2013,56.840000
11/06/2013,56.300000
11/07/2013,58.130000
11/08/2013,57.400000
11/11/2013,56.980000
11/12/2013,58.720000
11/13/2013,57.700000
11/14/2013,56.750000
11/15/2013,57.230000
11/18/2013,58.230000
11/19/2013,59.440000
11/20/2013,58.550000
11/21/2013,56.440000
11/22/2013,54.450000
11/25/2013,55.280000
11/26/2013,55.040000
11/27/2013,54.000000
11/29/2013,54.280000
12/02/2013,54.570000
12/03/2013,54.700000
12/04/2013,54.390000
12/05/2013,52.710000
12/06/2013,50.080000
12/09/2013,50.550000
12/10/2013,51.210000
12/11/2013,52.580000
12/12/2013,51.740000
12/13/2013,53.350000
12/16/2013,53.710000
12/17/2013,54.310000
12/18/2013,51.060000
12/19/2013,52.480000
12/20/2013,51.420000
12/23/2013,50.530000
12/24/2013,50.290000
12/26/2013,50.150000
12/27/2013,49.240000
12/30/2013,50.630000
12/31/2013,49.790000
01/02/2014,50.950000
01/03/2014,51.670000
01/06/2014,50.510000
01/07/2014,49.930000
01/08/2014,49.940000
01/09/2014,50.220000
01/10/2014,48.820000
01/13/2014,51.250000
01/14/2014,49.580000
01/15/2014,50.660000
01/16/2014,52.090000
01/17/2014,51.560000
01/21/2014,50.040000
01/22/2014,52.270000
01/23/2014,52.190000
01/24/2014,57.370000
01/27/2014,58.510000
01/28/2014,55.880000
01/29/2014,57.080000
01/30/2014,57.720000
01/31/2014,59.350000
02/03/2014,62.180000
02/04/2014,60.160000
02/05/2014,60.700000
02/06/2014,55.330000
02/07/2014,52.780000
02/10/2014,52.370000
02/11/2014,51.260000
02/12/2014,51.440000
02/13/2014,51.630000
02/14/2014,50.800000
02/18/2014,51.030000
02/19/2014,54.230000
02/20/2014,53.280000
02/21/2014,51.610000
02/24/2014,52.430000
02/25/2014,52.030000
02/26/2014,54.040000
02/27/2014,52.930000
02/28/2014,54.400000
03/03/2014,56.020000
03/04/2014,53.280000
03/05/2014,53.350000
03/06/2014,54.420000
03/07/2014,54.140000
03/10/2014,54.260000
03/11/2014,55.510000
03/12/2014,54.820000
03/13/2014,56.960000
03/14/2014,59.020000
03/17/2014,55.290000
03/18/2014,53.670000
03/19/2014,53.800000
03/20/2014,52.420000
03/21/2014,54.340000
03/24/2014,55.520000
03/25/2014,54.150000
03/26/2014,57.170000
03/27/2014,55.840000
03/28/2014,54.760000
03/31/2014,54.040000
04/01/2014,52.400000
04/02/2014,52.990000
04/03/2014,51.920000
04/04/2014,53.480000
04/07/2014,55.910000
04/08/2014,56.010000
04/09/2014,52.420000
04/10/2014,55.970000
04/11/2014,58.060000
04/14/2014,57.810000
04/15/2014,56.190000
04/16/2014,55.260000
04/17/2014,56.460000
04/21/2014,57.100000
04/22/2014,56.400000
04/23/2014,56.590000
04/24/2014,57.220000
04/25/2014,58.390000
04/28/2014,55.870000
04/29/2014,55.300000
04/30/2014,54.770000
05/01/2014,55.510000
05/02/2014,57.130000
05/05/2014,57.440000
05/06/2014,57.620000
05/07/2014,56.460000
05/08/2014,56.880000
05/09/2014,56.530000
05/12/2014,54.840000
05/13/2014,55.250000
05/14/2014,56.550000
05/15/2014,58.510000
05/16/2014,55.620000
05/19/2014,56.190000
05/20/2014,57.410000
05/21/2014,55.630000
05/22/2014,57.100000
05/23/2014,56.570000
05/27/2014,55.510000
05/28/2014,55.170000
05/29/2014,54.400000
05/30/2014,55.240000
06/02/2014,55.490000
06/03/2014,54.630000
06/04/2014,52.910000
06/05/2014,51.270000
06/06/2014,48.250000
06/09/2014,52.210000
06/10/2014,50.100000
06/11/2014,51.410000
06/12/2014,54.180000
06/13/2014,52.940000
06/16/2014,53.230000
06/17/2014,51.690000
06/18/2014,48.070000
06/19/2014,46.430000
06/20/2014,48.390000
06/23/2014,50.090000
06/24/2014,51.960000
06/25/2014,50.600000
06/26/2014,50.350000
06/27/2014,49.830000
06/30/2014,48.790000
07/01/2014,49.320000
07/02/2014,46.580000
07/03/2014,45.870000
07/07/2014,48.720000
07/08/2014,49.830000
07/09/2014,48.980000
07/10/2014,51.570000
07/11/2014,50.380000
07/14/2014,48.750000
07/15/2014,50.740000
07/16/2014,47.360000
07/17/2014,54.160000
07/18/2014,49.900000
07/21/2014,52.120000
07/22/2014,52.590000
07/23/2014,53.440000
07/24/2014,54.290000
07/25/2014,55.740000
07/28/2014,55.040000
07/29/2014,56.700000
07/30/2014,54.960000
07/31/2014,60.900000
08/01/2014,60.340000
08/04/2014,56.500000
08/05/2014,60.520000
08/06/2014,59.340000
08/07/2014,59.670000
08/08/2014,57.690000
08/11/2014,55.390000
08/12/2014,55.200000
08/13/2014,51.260000
08/14/2014,50.200000
08/15/2014,50.650000
08/18/2014,48.960000
08/19/2014,49.350000
08/20/2014,49.280000
08/21/2014,49.580000
08/22/2014,44.850000
08/25/2014,48.780000
08/26/2014,49.810000
08/27/2014,50.730000
08/28/2014,52.030000
08/29/2014,53.330000
09/02/2014,51.140000
09/03/2014,51.050000
09/04/2014,51.470000
09/05/2014,47.090000
09/08/2014,47.870000
09/09/2014,50.890000
09/10/2014,48.780000
09/11/2014,47.820000
09/12/2014,49.630000
09/15/2014,50.630000
09/16/2014,46.470000
09/17/2014,45.090000
09/18/2014,43.660000
09/19/2014,44.770000
09/22/2014,50.820000
09/23/2014,55.180000
09/24/2014,47.980000
09/25/2014,54.050000
09/26/2014,51.740000
09/29/2014,55.310000
09/30/2014,59.680000
10/01/2014,58.820000
10/02/2014,56.780000
10/03/2014,51.550000
10/06/2014,54.290000
10/07/2014,58.920000
10/08/2014,49.330000
10/09/2014,56.640000
10/10/2014,63.980000
10/13/2014,72.180000
10/14/2014,64.670000
10/15/2014,73.060000
10/16/2014,67.490000
10/17/2014,68.350000
10/20/2014,66.050000
10/21/2014,59.340000
10/22/2014,64.680000
10/23/2014,63.410000
10/24/2014,63.980000
10/27/2014,62.790000
10/28/2014,56.260000
10/29/2014,58.250000
10/30/2014,55.850000
10/31/2014,53.860000
11/03/2014,53.900000
11/04/2014,53.480000
11/05/2014,48.800000
11/06/2014,45.730000
11/07/2014,41.630000
11/10/2014,39.570000
11/11/2014,41.660000
11/12/2014,42.050000
11/13/2014,42.580000
11/14/2014,40.360000
11/17/2014,38.500000
11/18/2014,37.060000
11/19/2014,37.730000
11/20/2014,33.160000
11/21/2014,30.290000
11/24/2014,30.380000
12/01/2015,61.540000
12/02/2015,63.990000
12/03/2015,64.660000
12/04/2015,61.480000
12/07/2015,62.900000
12/08/2015,63.160000
12/09/2015,65.110000
12/10/2015,64.290000
12/11/2015,65.850000
12/14/2015,63.020000
12/15/2015,64.060000
12/16/2015,61.760000
12/17/2015,65.380000
12/18/2015,64.910000
12/21/2015,64.990000
12/22/2015,63.570000
12/23/2015,61.950000
12/24/2015,61.830000
12/28/2015,62.690000
12/29/2015,62.730000
12/30/2015,63.610000
12/31/2015,64.190000
01/04/2016,65.190000
01/05/2016,63.330000
01/06/2016,64.890000
01/07/2016,66.470000
01/08/2016,66.300000
01/11/2016,65.870000
01/12/2016,65.350000
01/13/2016,67.930000
01/14/2016,63.940000
01/15/2016,64.920000
01/19/2016,66.490000
01/20/2016,64.920000
01/21/2016,68.570000
01/22/2016,67.480000
01/25/2016,67.260000
01/26/2016,67.220000
01/27/2016,67.590000
01/28/2016,66.700000
01/29/2016,64.790000
02/01/2016,65.020000
02/02/2016,65.270000
02/03/2016,65.540000
02/04/2016,67.110000
02/05/2016,66.490000
02/08/2016,65.800000
02/09/2016,66.100000
02/10/2016,66.210000
02/11/2016,64.990000
02/12/2016,67.700000
02/16/2016,67.240000
02/17/2016,67.840000
02/18/2016,67.110000
02/19/2016,66.480000
02/22/2016,66.160000
02/23/2016,67.610000
02/24/2016,66.420000
02/25/2016,64.950000
02/26/2016,65.060000
02/29/2016,67.340000
03/01/2016,64.640000
03/02/2016,64.240000
03/03/2016,63.830000
03/04/2016,64.310000
03/07/2016,63.820000
03/08/2016,66.610000
03/09/2016,66.350000
03/10/2016,66.330000
03/11/2016,65.430000
03/14/2016,64.530000
03/15/2016,64.790000
03/16/2016,64.760000
03/17/2016,63.540000
03/18/2016,65.590000
03/21/2016,65.450000
03/22/2016,64.130000
03/23/2016,63.870000
03/24/2016,62.640000
03/28/2016,61.850000
03/29/2016,61.780000
03/30/2016,61.810000
03/31/2016,63.150000
04/01/2016,61.320000
04/04/2016,62.890000
04/05/2016,64.890000
04/06/2016,62.460000
04/07/2016,63.750000
04/08/2016,64.140000
04/11/2016,65.800000
04/12/2016,63.370000
04/13/2016,61.310000
04/14/2016,62.750000
04/15/2016,61.730000
04/18/2016,61.940000
04/19/2016,62.180000
04/20/2016,62.630000
04/21/2016,64.210000
04/22/2016,64.370000
04/25/2016,64.140000
04/26/2016,63.170000
04/27/2016,62.690000
04/28/2016,63.560000
04/29/2016,62.650000
05/02/2016,61.200000
05/03/2016,62.640000
05/04/2016,61.740000
05/05/2016,62.590000
05/06/2016,60.780000
05/09/2016,60.850000
05/10/2016,60.270000
05/11/2016,61.650000
05/12/2016,59.700000
05/13/2016,59.690000
05/16/2016,59.400000
05/17/2016,60.760000
05/18/2016,60.490000
05/19/2016,60.480000
05/20/2016,62.650000
05/23/2016,62.730000
05/24/2016,61.020000
05/25/2016,60.440000
05/26/2016,60.740000
05/27/2016,59.750000
05/31/2016,60.760000
06/01/2016,60.390000
06/02/2016,60.400000
06/03/2016,61.140000
06/06/2016,61.760000
06/07/2016,63.180000
06/08/2016,62.580000
06/09/2016,62.630000
06/10/2016,63.030000
06/13/2016,64.760000
06/14/2016,62.470000
06/15/2016,62.740000
06/16/2016,60.400000
06/17/2016,62.430000
06/20/2016,61.480000
06/21/2016,61.890000
06/22/2016,63.370000
06/23/2016,59.800000
06/24/2016,68.980000
06/27/2016,64.620000
06/28/2016,61.790000
06/29/2016,61.130000
06/30/2016,61.610000
07/01/2016,61.330000
07/05/2016,61.780000
07/06/2016,62.390000
07/07/2016,61.450000
07/08/2016,61.160000
07/11/2016,60.860000
07/12/2016,57.650000
07/13/2016,57.090000
07/14/2016,58.140000
07/15/2016,58.600000
07/18/2016,58.200000
07/19/2016,58.430000
07/20/2016,57.970000
07/21/2016,59.330000
07/22/2016,58.150000
07/25/2016,60.000000
07/26/2016,60.160000
07/27/2016,60.600000
07/28/2016,59.690000
07/29/2016,57.950000
08/01/2016,57.790000
08/02/2016,58.790000
08/03/2016,58.270000
08/04/2016,56.970000
08/05/2016,55.230000
08/08/2016,54.700000
08/09/2016,55.170000
08/10/2016,55.580000
08/11/2016,56.030000
08/12/2016,56.530000
08/15/2016,57.410000
08/16/2016,59.460000
08/17/2016,58.730000
08/18/2016,58.070000
08/19/2016,57.820000
08/22/2016,58.760000
08/23/2016,58.710000
08/24/2016,57.680000
08/25/2016,57.120000
08/26/2016,57.440000
08/29/2016,57.230000
08/30/2016,57.550000
08/31/2016,58.570000
09/01/2016,58.900000
09/02/2016,58.550000
09/06/2016,57.790000
09/07/2016,57.330000
09/08/2016,58.810000
09/09/2016,63.290000
09/12/2016,60.040000
09/13/2016,60.810000
09/14/2016,62.040000
09/15/2016,60.090000
09/16/2016,58.940000
09/19/2016,59.750000
09/20/2016,60.240000
09/21/2016,56.890000
09/22/2016,56.830000
09/23/2016,57.520000
09/26/2016,59.620000
09/27/2016,57.750000
09/28/2016,57.130000
09/29/2016,57.620000
09/30/2016,57.600000
10/03/2016,56.770000
10/04/2016,56.800000
10/05/2016,56.550000
10/06/2016,55.190000
10/07/2016,56.040000
10/10/2016,56.370000
10/11/2016,56.750000
10/12/2016,57.170000
10/13/2016,57.940000
10/14/2016,58.010000
10/17/2016,58.420000
10/18/2016,57.950000
10/19/2016,56.850000
10/20/2016,56.380000
10/21/2016,56.320000
10/24/2016,56.180000
10/25/2016,57.190000
10/26/2016,58.410000
10/27/2016,59.830000
10/28/2016,58.650000
10/31/2016,59.100000
11/01/2016,60.010000
11/02/2016,60.390000
11/03/2016,58.380000
11/04/2016,60.620000
11/07/2016,56.400000
11/08/2016,57.700000
11/09/2016,53.200000
11/10/2016,53.350000
11/11/2016,53.190000
11/14/2016,49.460000
11/15/2016,53.200000
11/16/2016,51.080000
11/17/2016,51.140000
11/18/2016,52.760000
11/21/2016,52.140000
11/22/2016,55.590000
11/23/2016,53.260000
11/25/2016,53.530000
11/28/2016,56.070000
11/29/2016,56.210000
11/30/2016,49.880000
12/01/2016,55.200000
12/02/2016,53.000000
12/05/2016,51.800000
12/06/2016,48.140000
12/07/2016,50.430000
12/08/2016,48.090000
12/09/2016,51.380000
12/12/2016,51.350000
12/13/2016,51.130000
12/14/2016,50.800000
12/15/2016,49.130000
12/16/2016,50.440000
12/19/2016,51.220000
12/20/2016,53.910000
12/21/2016,50.020000
12/22/2016,48.580000
12/23/2016,49.200000
12/27/2016,49.320000
12/28/2016,49.310000
12/29/2016,51.620000
12/30/2016,51.280000
01/03/2017,49.160000
01/04/2017,46.580000
01/05/2017,46.750000
01/06/2017,50.250000
01/09/2017,47.330000
01/10/2017,45.420000
01/11/2017,46.050000
01/12/2017,46.800000
01/13/2017,47.520000
01/17/2017,47.340000
01/18/2017,47.090000
01/19/2017,48.310000
01/20/2017,50.230000
01/23/2017,48.080000
01/24/2017,46.950000
01/25/2017,46.670000
01/26/2017,45.790000
01/27/2017,42.490000
01/30/2017,48.080000
01/31/2017,46.840000
02/01/2017,45.600000
02/02/2017,46.310000
02/03/2017,47.740000
02/06/2017,47.500000
02/07/2017,45.970000
02/08/2017,47.120000
02/09/2017,50.790000
02/10/2017,47.470000
02/13/2017,45.520000
02/14/2017,45.310000
02/15/2017,43.050000
02/16/2017,45.780000
02/17/2017,44.400000
02/21/2017,44.380000
02/22/2017,45.170000
02/23/2017,46.580000
02/24/2017,46.070000
02/27/2017,46.810000
02/28/2017,46.910000
03/01/2017,45.970000
03/02/2017,45.670000
03/03/2017,44.980000
03/06/2017,44.830000
03/07/2017,47.090000
03/08/2017,45.550000
03/09/2017,47.630000
03/10/2017,45.970000
03/13/2017,46.850000
03/14/2017,47.480000
03/15/2017,46.670000
03/16/2017,44.800000
03/17/2017,45.580000
03/20/2017,46.230000
03/21/2017,48.860000
03/22/2017,47.740000
03/23/2017,48.510000
03/24/2017,47.750000
03/27/2017,46.230000
03/28/2017,45.370000
03/29/2017,44.730000
03/30/2017,43.520000
03/31/2017,44.380000
04/03/2017,44.270000
04/04/2017,43.710000
04/05/2017,44.800000
04/06/2017,45.920000
04/07/2017,45.090000
04/10/2017,47.240000
04/11/2017,46.630000
04/12/2017,46.530000
04/13/2017,47.710000
04/17/2017,46.250000
04/18/2017,45.820000
04/19/2017,47.440000
04/20/2017,45.710000
04/21/2017,44.310000
04/24/2017,41.700000
04/25/2017,41.700000
04/26/2017,42.000000
04/27/2017,42.230000
04/28/2017,43.150000
05/01/2017,41.820000
05/02/2017,40.250000
05/03/2017,45.030000
05/04/2017,43.230000
05/05/2017,42.070000
05/08/2017,40.120000
05/09/2017,40.070000
05/10/2017,39.860000
05/11/2017,41.640000
05/12/2017,42.060000
05/15/2017,38.490000
05/16/2017,39.370000
05/17/2017,47.770000
05/18/2017,45.790000
05/19/2017,41.960000
05/22/2017,40.160000
05/23/2017,39.760000
05/24/2017,38.830000
05/25/2017,38.500000
05/26/2017,40.370000
05/30/2017,40.800000
05/31/2017,39.240000
06/01/2017,41.060000
06/02/2017,36.670000
06/05/2017,38.780000
06/06/2017,40.890000
06/07/2017,40.870000
06/08/2017,38.800000
06/09/2017,38.190000
06/12/2017,37.040000
06/13/2017,38.080000
06/14/2017,37.770000
06/15/2017,36.310000
06/16/2017,37.340000
06/19/2017,35.990000
06/20/2017,36.190000
06/21/2017,35.680000
06/22/2017,35.430000
06/23/2017,34.550000
06/26/2017,33.070000
06/27/2017,34.340000
06/28/2017,32.830000
06/29/2017,35.140000
06/30/2017,34.060000
07/03/2017,36.080000
07/05/2017,35.260000
07/06/2017,38.000000
07/07/2017,37.190000
07/10/2017,36.010000
07/11/2017,33.810000
07/12/2017,31.040000
07/13/2017,33.460000
07/14/2017,28.010000
07/17/2017,23.980000
07/18/2017,31.010000
07/19/2017,29.740000
07/20/2017,26.900000
07/21/2017,27.700000
07/24/2017,28.940000
07/25/2017,25.660000
07/26/2017,28.130000
07/27/2017,28.030000
07/28/2017,28.350000
07/31/2017,29.780000
08/01/2017,25.650000
08/02/2017,27.450000
08/03/2017,30.260000
08/04/2017,30.330000
08/07/2017,31.690000
08/08/2017,31.150000
08/09/2017,31.420000
08/10/2017,41.380000
08/11/2017,41.530000
08/14/2017,33.380000
08/15/2017,33.160000
08/16/2017,32.720000
08/17/2017,36.110000
08/18/2017,42.730000
08/21/2017,39.530000
08/22/2017,32.840000
08/23/2017,30.480000
08/24/2017,36.880000
08/25/2017,35.390000
08/28/2017,34.990000
08/29/2017,32.800000
08/30/2017,34.880000
08/31/2017,31.960000
09/01/2017,25.010000
09/05/2017,36.610000
09/06/2017,35.230000
09/07/2017,31.930000
09/08/2017,33.370000
09/11/2017,23.520000
09/12/2017,27.990000
09/13/2017,26.410000
09/14/2017,22.340000
09/15/2017,23.570000
09/18/2017,24.150000
09/19/2017,23.450000
09/20/2017,21.960000
09/21/2017,22.890000
09/22/2017,22.500000
09/25/2017,22.110000
09/26/2017,23.070000
09/27/2017,23.280000
09/28/2017,22.450000
09/29/2017,22.170000
10/02/2017,19.560000
10/03/2017,19.740000
10/04/2017,18.770000
10/05/2017,16.110000
10/06/2017,17.990000
10/09/2017,18.620000
10/10/2017,18.090000
10/11/2017,16.710000
10/12/2017,17.170000
10/13/2017,15.620000
10/16/2017,14.400000
10/17/2017,16.570000
10/18/2017,14.850000
10/19/2017,15.280000
10/20/2017,14.620000
10/23/2017,17.060000
10/24/2017,14.090000
10/25/2017,19.320000
10/26/2017,17.680000
10/27/2017,15.030000
10/30/2017,13.100000
10/31/2017,13.130000
11/01/2017,16.220000
11/02/2017,15.510000
11/03/2017,14.380000
11/06/2017,14.260000
11/07/2017,15.740000
11/08/2017,16.290000
11/09/2017,13.500000
11/10/2017,18.710000
11/13/2017,16.590000
11/14/2017,18.360000
11/15/2017,23.110000
11/16/2017,17.180000
11/17/2017,16.280000
11/20/2017,16.280000
11/21/2017,16.280000
11/26/2018,44.520000
11/27/2018,48.300000
11/28/2018,47.780000
11/29/2018,43.530000
11/30/2018,43.530000
12/04/2018,47.690000
12/06/2018,44.250000
12/07/2018,47.690000
12/10/2018,49.200000
12/11/2018,49.390000
12/12/2018,50.240000
12/13/2018,49.900000
12/14/2018,49.210000
12/17/2018,50.250000
12/18/2018,50.440000
12/19/2018,51.950000
12/20/2018,49.390000
12/21/2018,49.390000
12/24/2018,48.930000
12/26/2018,48.930000
12/27/2018,46.990000
12/28/2018,48.720000
12/31/2018,46.450000
01/02/2019,49.490000
01/03/2019,50.660000
01/04/2019,47.770000
01/07/2019,48.220000
01/08/2019,49.950000
01/09/2019,48.070000
01/10/2019,47.630000
01/11/2019,49.380000
01/14/2019,48.520000
01/15/2019,47.910000
01/16/2019,49.630000
01/17/2019,48.300000
01/18/2019,49.350000
01/22/2019,49.690000
01/23/2019,48.380000
01/24/2019,47.050000
01/25/2019,48.530000
01/28/2019,48.670000
01/29/2019,48.260000
01/30/2019,48.880000
01/31/2019,46.040000
02/01/2019,48.020000
02/04/2019,47.690000
02/05/2019,47.510000
02/06/2019,48.790000
02/07/2019,48.210000
02/08/2019,46.150000
02/11/2019,48.290000
02/12/2019,47.130000
02/13/2019,48.320000
02/14/2019,48.070000
02/15/2019,46.480000
02/19/2019,47.290000
02/21/2019,45.380000
02/22/2019,44.780000
02/25/2019,44.330000
02/26/2019,45.080000
02/27/2019,45.440000
02/28/2019,44.330000
03/01/2019,43.600000
03/04/2019,43.770000
03/05/2019,44.600000
03/06/2019,45.150000
03/07/2019,46.090000
03/08/2019,45.240000
03/11/2019,45.260000
03/12/2019,44.850000
03/13/2019,45.080000
03/14/2019,44.940000
03/15/2019,43.620000
03/18/2019,43.430000
03/19/2019,42.310000
03/20/2019,44.250000
03/21/2019,51.050000
03/22/2019,44.010000
03/25/2019,45.160000
03/26/2019,44.550000
03/27/2019,45.540000
03/28/2019,45.280000
03/29/2019,45.050000
04/01/2019,43.430000
04/02/2019,43.380000
04/03/2019,42.970000
04/04/2019,41.670000
04/05/2019,41.370000
04/08/2019,40.400000
04/09/2019,42.180000
04/10/2019,40.620000
04/11/2019,41.200000
04/12/2019,41.590000
04/15/2019,40.920000
04/16/2019,41.250000
04/17/2019,41.220000
04/18/2019,40.950000
04/22/2019,40.760000
04/23/2019,40.700000
04/24/2019,41.420000
04/25/2019,41.420000
04/26/2019,40.160000
04/29/2019,39.880000
04/30/2019,43.040000
05/01/2019,44.570000
05/02/2019,41.880000
05/03/2019,40.450000
05/06/2019,41.940000
05/07/2019,43.550000
05/08/2019,40.930000
05/09/2019,41.430000
05/10/2019,41.170000
05/13/2019,43.250000
05/14/2019,41.770000
05/15/2019,42.460000
05/16/2019,40.600000
05/17/2019,41.170000
05/20/2019,41.630000
05/21/2019,39.600000
05/22/2019,38.980000
05/23/2019,42.120000
05/24/2019,41.680000
05/28/2019,43.000000
05/29/2019,44.650000
05/30/2019,43.220000
05/31/2019,43.890000
06/03/2019,43.640000
06/04/2019,42.770000
06/05/2019,41.480000
06/06/2019,40.350000
06/07/2019,40.210000
06/10/2019,42.200000
06/11/2019,42.800000
06/12/2019,43.620000
06/13/2019,42.060000
06/14/2019,42.280000
06/17/2019,42.480000
06/18/2019,41.380000
06/19/2019,41.360000
06/20/2019,40.000000
06/21/2019,43.590000
06/24/2019,42.080000
06/25/2019,42.840000
06/26/2019,42.690000
06/27/2019,42.380000
06/28/2019,39.240000
07/01/2019,39.770000
07/02/2019,39.320000
07/03/2019,37.950000
07/08/2019,38.840000
07/09/2019,38.960000
07/10/2019,39.570000
07/11/2019,37.520000
07/12/2019,38.440000
07/15/2019,39.300000
07/16/2019,38.520000
07/17/2019,41.240000
07/18/2019,40.750000
07/19/2019,40.420000
07/22/2019,40.080000
07/23/2019,40.020000
07/24/2019,37.050000
07/25/2019,39.990000
07/26/2019,40.020000
07/29/2019,39.700000
07/30/2019,42.010000
07/31/2019,42.950000
08/01/2019,42.750000
08/02/2019,42.640000
08/05/2019,45.160000
08/06/2019,42.710000
08/07/2019,43.670000
08/08/2019,42.120000
08/09/2019,42.060000
08/12/2019,45.200000
08/13/2019,41.320000
08/14/2019,46.380000
08/15/2019,46.610000
08/16/2019,45.740000
08/19/2019,45.330000
08/20/2019,46.320000
08/21/2019,45.060000
08/22/2019,44.880000
08/23/2019,47.960000
08/26/2019,46.740000
08/27/2019,49.250000
08/28/2019,48.080000
08/29/2019,46.310000
08/30/2019,51.230000
09/03/2019,48.000000
09/04/2019,46.970000
09/05/2019,45.600000
09/06/2019,45.500000
09/09/2019,43.160000
09/10/2019,44.090000
09/11/2019,43.570000
09/12/2019,43.350000
09/13/2019,43.960000
09/16/2019,45.800000
09/17/2019,45.800000
09/18/2019,43.830000
09/19/2019,45.320000
09/20/2019,48.650000
09/23/2019,46.840000
09/24/2019,46.820000
09/25/2019,45.030000
09/26/2019,46.310000
09/27/2019,46.170000
09/30/2019,45.940000
10/01/2019,47.610000
10/02/2019,50.810000
10/03/2019,47.280000
10/04/2019,46.010000
10/07/2019,45.600000
10/08/2019,51.040000
10/09/2019,49.270000
10/10/2019,45.400000
10/11/2019,44.440000
10/14/2019,42.760000
10/15/2019,39.510000
10/16/2019,42.960000
10/17/2019,43.350000
10/18/2019,46.170000
10/21/2019,44.560000
10/22/2019,45.680000
10/23/2019,46.530000
10/24/2019,44.950000
10/25/2019,44.100000
10/28/2019,43.600000
10/29/2019,49.960000
10/30/2019,42.350000
10/31/2019,45.090000
11/01/2019,44.640000
11/04/2019,42.740000
11/05/2019,42.450000
11/06/2019,44.710000
11/07/2019,44.710000
11/08/2019,42.360000
11/11/2019,44.090000
11/12/2019,41.890000
11/13/2019,42.390000
11/14/2019,43.560000
11/15/2019,44.230000
11/18/2019,44.130000
11/19/2019,43.940000
11/20/2019,42.080000
11/21/2019,46.140000
11/22/2019,44.570000
11/25/2019,41.720000
11/26/2019,41.670000
11/27/2019,40.240000
11/29/2019,40.240000
12/02/2019,44.920000
12/03/2019,44.970000
12/04/2019,45.960000
12/05/2019,43.510000
12/06/2019,41.690000
12/09/2019,42.900000
12/10/2019,46.200000
12/11/2019,43.090000
12/12/2019,42.360000
12/13/2019,42.560000
12/16/2019,41.600000
12/17/2019,44.480000
12/18/2019,43.040000
12/19/2019,41.240000
12/20/2019,45.480000
12/23/2019,43.920000
12/24/2019,42.070000
12/26/2019,44.620000
12/27/2019,45.630000
12/30/2019,45.820000
12/31/2019,43.200000
01/02/2020,40.640000
01/03/2020,44.680000
01/06/2020,41.580000
01/07/2020,41.390000
01/08/2020,42.410000
01/09/2020,37.310000
01/10/2020,41.130000
01/13/2020,41.210000
01/14/2020,38.900000
01/15/2020,37.200000
01/16/2020,37.440000
01/17/2020,38.550000
01/21/2020,38.020000
01/22/2020,39.960000
01/23/2020,38.320000
01/24/2020,41.360000
01/27/2020,44.640000
01/28/2020,43.270000
01/29/2020,44.820000
01/30/2020,40.980000
01/31/2020,43.000000
02/03/2020,42.310000
02/04/2020,37.770000
02/05/2020,39.110000
02/06/2020,37.600000
02/07/2020,37.020000
02/10/2020,36.790000
02/11/2020,36.910000
02/12/2020,35.370000
02/13/2020,36.090000
02/14/2020,35.710000
02/18/2020,37.910000
02/19/2020,36.820000
02/20/2020,37.970000
02/21/2020,39.470000
02/24/2020,48.940000
02/25/2020,54.960000
02/26/2020,49.080000
02/27/2020,49.080000
02/28/2020,49.080000
03/02/2020,54.210000
03/03/2020,55.590000
03/04/2020,53.950000
03/05/2020,55.930000
03/06/2020,56.150000
03/09/2020,56.150000
03/10/2020,67.180000
03/11/2020,66.450000
03/12/2020,83.840000
03/13/2020,83.150000
03/16/2020,83.150000
03/17/2020,86.010000
03/18/2020,86.350000
03/19/2020,86.350000
03/20/2020,59.250000
03/23/2020,62.430000
03/24/2020,61.860000
03/25/2020,61.860000
03/26/2020,61.860000
03/27/2020,73.970000
03/30/2020,78.090000
03/31/2020,78.090000
04/01/2020,83.800000
04/02/2020,78.850000
04/03/2020,71.160000
04/06/2020,71.860000
04/07/2020,79.670000
04/08/2020,77.550000
04/09/2020,76.730000
04/13/2020,77.360000
04/14/2020,74.100000
04/15/2020,79.800000
04/16/2020,74.950000
04/17/2020,70.740000
04/20/2020,78.840000
04/21/2020,81.620000
04/22/2020,77.370000
04/23/2020,79.260000
04/24/2020,72.480000
04/27/2020,70.310000
04/28/2020,70.630000
04/29/2020,67.690000
04/30/2020,77.790000
05/01/2020,77.340000
05/04/2020,74.060000
05/05/2020,73.680000
05/06/2020,76.170000
05/07/2020,72.120000
05/08/2020,66.850000
05/11/2020,64.670000
05/12/2020,75.570000
05/13/2020,74.460000
05/14/2020,67.580000
05/15/2020,68.970000
05/18/2020,63.950000
05/19/2020,64.680000
05/20/2020,62.210000
05/21/2020,66.560000
05/22/2020,65.400000
05/26/2020,63.210000
05/27/2020,60.710000
05/28/2020,61.160000
05/29/2020,60.830000
06/01/2020,62.220000
06/02/2020,60.490000
06/03/2020,61.020000
06/04/2020,60.740000
06/05/2020,61.190000
06/08/2020,57.600000
06/09/2020,61.960000
06/10/2020,60.830000
06/11/2020,76.940000
06/12/2020,66.340000
06/15/2020,64.640000
06/16/2020,63.600000
06/17/2020,67.610000
06/18/2020,69.000000
06/19/2020,77.640000
06/22/2020,66.790000
06/23/2020,66.590000
06/24/2020,70.080000
06/25/2020,64.690000
06/26/2020,68.970000
06/29/2020,63.800000
06/30/2020,62.120000
07/01/2020,62.320000
07/02/2020,62.410000
07/06/2020,61.700000
07/07/2020,64.380000
07/08/2020,60.680000
07/09/2020,62.070000
07/10/2020,57.450000
07/13/2020,64.600000
07/14/2020,57.260000
07/15/2020,55.870000
07/16/2020,57.120000
07/17/2020,54.530000
07/20/2020,51.970000
07/21/2020,52.730000
07/22/2020,52.840000
07/23/2020,56.630000
07/24/2020,57.910000
07/27/2020,57.440000
07/28/2020,61.550000
07/29/2020,57.860000
07/30/2020,59.300000
07/31/2020,58.570000
08/03/2020,54.400000
08/04/2020,50.490000
08/05/2020,48.850000
08/06/2020,46.010000
08/07/2020,45.000000
08/10/2020,42.740000
08/11/2020,47.560000
08/12/2020,45.940000
08/13/2020,45.780000
08/14/2020,45.810000
08/17/2020,43.290000
08/18/2020,43.540000
08/19/2020,45.410000
08/20/2020,44.360000
08/21/2020,40.690000
08/24/2020,38.580000
08/25/2020,38.420000
08/26/2020,38.110000
08/27/2020,38.030000
08/28/2020,35.780000
08/31/2020,44.480000
09/01/2020,44.730000
09/02/2020,43.340000
09/03/2020,48.760000
09/04/2020,46.740000
09/08/2020,49.860000
09/09/2020,49.450000
09/10/2020,53.450000
09/11/2020,53.030000
09/14/2020,52.790000
09/15/2020,51.220000
09/16/2020,50.420000
09/17/2020,52.030000
09/18/2020,53.430000
09/21/2020,58.800000
09/22/2020,57.510000
09/23/2020,60.960000
09/24/2020,59.190000
09/25/2020,56.550000
09/28/2020,57.200000
09/29/2020,55.880000
09/30/2020,59.700000
10/01/2020,55.910000
10/02/2020,56.760000
10/05/2020,52.260000
10/06/2020,54.100000
10/07/2020,51.350000
10/08/2020,45.770000
10/09/2020,41.760000
10/12/2020,40.180000
10/13/2020,40.160000
10/14/2020,43.780000
10/15/2020,44.640000
10/19/2020,52.230000
10/20/2020,53.060000
10/21/2020,50.960000
10/22/2020,50.180000
10/23/2020,50.190000
10/26/2020,60.360000
10/27/2020,62.830000
10/28/2020,78.160000
10/29/2020,72.960000
10/30/2020,74.610000
11/02/2020,70.290000
11/03/2020,68.510000
11/04/2020,58.990000
11/05/2020,54.090000
11/06/2020,46.740000
11/09/2020,49.700000
11/10/2020,44.460000
11/11/2020,39.640000
11/12/2020,42.120000
11/13/2020,38.690000
11/16/2020,37.300000
11/17/2020,39.930000
11/18/2020,42.770000
11/19/2020,39.610000
11/20/2020,43.530000
11/23/2020,43.530000
11/24/2020,43.530000
11/25/2020,43.530000
11/27/2020,43.530000
11/30/2020,43.530000
12/01/2020,43.530000
12/02/2020,43.530000
12/03/2020,43.530000
12/04/2020,43.530000
12/07/2020,43.530000
12/08/2020,43.530000
12/09/2020,43.530000
12/10/2020,43.530000
12/11/2020,43.530000
12/14/2020,43.530000
12/15/2020,43.530000
12/16/2020,43.530000
12/17/2020,43.530000
12/18/2020,43.530000
12/21/2020,43.530000
12/22/2020,43.530000
12/23/2020,43.530000
12/24/2020,43.530000
12/28/2020,43.530000
12/29/2020,43.530000
12/30/2020,43.530000
12/31/2020,43.530000
01/04/2021,43.530000
01/05/2021,43.530000
01/06/2021,43.530000
01/07/2021,43.530000
01/08/2021,43.530000
01/11/2021,43.530000
01/12/2021,43.530000
01/13/2021,43.530000
01/14/2021,43.530000
01/15/2021,43.530000
01/19/2021,43.530000
01/20/2021,43.530000
01/21/2021,43.530000
01/22/2021,43.530000
01/25/2021,43.530000
01/26/2021,43.530000
01/27/2021,43.530000
01/28/2021,43.530000
01/29/2021,43.530000
02/01/2021,43.530000
02/02/2021,43.530000
02/03/2021,43.530000
02/04/2021,43.530000
02/05/2021,43.530000
02/08/2021,43.530000
02/09/2021,43.530000
02/10/2021,43.530000
02/11/2021,43.530000
02/12/2021,43.530000
02/16/2021,43.530000
02/17/2021,43.530000
02/18/2021,43.530000
02/19/2021,43.530000
02/22/2021,43.530000
02/23/2021,43.530000
02/24/2021,43.530000
02/25/2021,43.530000
02/26/2021,43.530000
03/01/2021,43.530000
03/02/2021,43.530000
03/03/2021,43.530000
03/04/2021,43.530000
03/05/2021,43.530000
03/08/2021,43.530000
03/09/2021,43.530000
03/10/2021,43.530000
03/11/2021,43.530000
03/12/2021,43.530000
03/15/2021,43.530000
03/16/2021,43.530000
03/17/2021,43.530000
03/18/2021,43.530000
03/19/2021,43.530000
03/22/2021,43.530000
03/23/2021,43.530000
03/24/2021,43.530000
03/25/2021,43.530000
03/26/2021,43.530000
03/29/2021,43.530000
03/30/2021,43.530000
03/31/2021,43.530000
04/01/2021,43.530000
04/02/2021,43.530000
04/05/2021,43.530000
04/06/2021,43.530000
04/07/2021,43.530000
04/08/2021,43.530000
04/09/2021,43.530000
04/12/2021,43.530000
04/13/2021,43.530000
04/14/2021,43.530000
04/15/2021,43.530000
04/16/2021,43.530000
04/19/2021,43.530000
04/20/2021,43.530000
04/21/2021,43.530000
04/22/2021,43.530000
04/23/2021,43.530000
04/26/2021,43.530000
04/27/2021,43.530000
04/28/2021,43.530000
04/29/2021,43.530000
04/30/2021,43.530000
05/03/2021,43.530000
05/04/2021,43.530000
05/05/2021,43.530000
05/06/2021,43.530000
05/07/2021,43.530000
05/10/2021,43.530000
05/11/2021,43.530000
05/12/2021,43.530000
05/13/2021,43.530000
05/14/2021,43.530000
05/17/2021,43.530000
05/18/2021,43.530000
05/19/2021,43.530000
05/20/2021,43.530000
05/21/2021,43.530000
05/24/2021,43.530000
05/25/2021,43.530000
05/26/2021,43.530000
05/27/2021,43.530000
05/28/2021,43.530000
06/01/2021,43.530000
06/02/2021,43.530000
06/03/2021,43.530000
06/04/2021,43.530000
06/07/2021,43.530000
06/08/2021,43.530000
06/09/2021,43.530000
06/10/2021,43.530000
06/11/2021,43.530000
06/14/2021,43.530000
06/15/2021,43.530000
06/16/2021,43.530000
06/17/2021,43.530000
06/18/2021,43.530000
06/21/2021,43.530000
06/22/2021,43.530000
06/23/2021,43.530000
06/24/2021,43.530000
06/25/2021,43.530000
06/28/2021,43.530000
06/29/2021,43.530000
06/30/2021,43.530000
07/01/2021,43.530000
07/02/2021,43.530000
07/06/2021,43.530000
07/07/2021,43.530000
07/08/2021,43.530000
07/09/2021,43.530000
07/12/2021,43.530000
07/13/2021,43.530000
07/14/2021,43.530000
07/15/2021,43.530000
07/16/2021,43.530000
07/19/2021,43.530000
07/20/2021,43.530000
07/21/2021,43.530000
07/22/2021,43.530000
07/23/2021,43.530000
07/26/2021,43.530000
07/27/2021,43.530000
07/28/2021,43.530000
07/29/2021,43.530000
07/30/2021,43.530000
08/02/2021,43.530000
08/03/2021,43.530000
08/04/2021,43.530000
08/05/2021,43.530000
08/06/2021,43.530000
08/09/2021,43.530000
08/10/2021,43.530000
08/11/2021,43.530000
08/12/2021,43.530000
08/13/2021,43.530000
08/16/2021,43.530000
08/17/2021,43.530000
08/18/2021,43.530000
08/19/2021,43.530000
08/20/2021,43.530000
08/23/2021,43.530000
08/24/2021,43.530000
08/25/2021,43.530000
08/26/2021,43.530000
08/27/2021,43.530000
08/30/2021,43.530000
08/31/2021,43.530000
09/01/2021,43.530000
09/02/2021,43.530000
09/03/2021,43.530000
09/07/2021,43.530000
09/08/2021,43.530000
09/09/2021,43.530000
09/10/2021,43.530000
09/13/2021,43.530000
09/14/2021,43.530000
09/15/2021,43.530000
09/16/2021,43.530000
09/17/2021,43.530000
09/20/2021,43.530000
09/21/2021,43.530000
09/22/2021,43.530000
09/23/2021,43.530000
09/24/2021,43.530000
09/27/2021,43.530000
09/28/2021,43.530000
09/29/2021,43.530000
09/30/2021,43.530000
10/01/2021,43.530000
10/04/2021,43.530000
10/05/2021,43.530000
10/06/2021,43.530000
10/07/2021,43.530000
10/08/2021,43.530000
10/11/2021,43.530000
10/12/2021,43.530000
10/13/2021,43.530000
10/14/2021,43.530000
10/15/2021,43.530000
10/18/2021,43.530000
10/19/2021,43.530000
10/20/2021,43.530000
10/21/2021,43.530000
10/22/2021,43.530000
10/25/2021,43.530000
10/26/2021,43.530000
10/27/2021,43.530000
10/28/2021,43.530000
10/29/2021,43.530000
11/01/2021,43.530000
11/02/2021,43.530000
11/03/2021,43.530000
11/04/2021,43.530000
11/05/2021,43.530000
11/08/2021,43.530000
11/09/2021,43.530000
11/10/2021,43.530000
11/11/2021,43.530000
11/12/2021,43.530000
11/15/2021,43.530000
11/16/2021,43.530000
11/17/2021,43.530000
11/18/2021,43.530000
11/19/2021,43.530000
