definition,peak_at,trough_at,depth,window,trail_vol_at_peak,mkt_vol_at_peak,mkt_prior_2y,mkt_during,vol_std_depth,also_slow,lo_ret,hi_ret,factor_ret,loser_share,winner_share,retrace_20d,crash_days,sessions,leg_data,bear_state,route,formation_at,era
fast,1928-12-05,1928-12-17,-0.04926577722360603,10,0.07409804315904707,0.09705331842952006,0.7045375933958715,-0.06167726659177941,-3.3376352239681064,False,-0.049472415282176496,-0.12321810395984112,-0.051262319091436304,-0.6708516276580684,1.6708516276580683,1.3691191261603821,0,11,True,False,Route 2,1928-11-30,returns-only
fast,1930-01-17,1930-01-29,-0.05353806571957309,10,0.189249615635493,0.4959820743461678,0.047021001010822294,0.03766459759546836,-1.4201294729748553,False,0.23114793678188694,0.037897649619446305,-0.049184340821882944,1.1961065630272034,-0.1961065630272033,-0.49167001043872255,0,11,True,False,FITS-NONE,1929-12-31,returns-only
fast,1930-03-28,1930-04-09,-0.05366924094570591,10,0.14842055089263329,0.18009945858280224,0.27438793688779795,0.0438022383096639,-1.8152300992137087,True,0.18837270081817192,0.04176840908275614,-0.045436163341933566,1.2849057731416056,-0.28490577314160564,1.1703431592524827,0,11,True,False,FITS-NONE,1930-02-28,returns-only
fast,1930-07-07,1930-07-18,-0.06165510232182814,10,0.12978207706487344,0.22026157441468697,-0.11035252435851839,0.07500199240090177,-2.3848143308150336,False,0.10416304611511351,0.06667413262889332,-0.05067646701899342,2.77850266728591,-1.7785026672859099,1.266375550616709,0,11,True,True,Route 1,1930-06-30,returns-only
fast,1930-11-10,1930-11-21,-0.0848595516626185,10,0.12930351777539134,0.2337940505503241,-0.3972227852984057,0.07546617442918868,-3.2945087326570035,True,0.1612158969333457,0.06393947990996285,-0.07817902638975549,1.6572968234900487,-0.6572968234900487,2.630776451571414,0,11,True,True,Route 1,1930-10-31,returns-only
fast,1930-12-29,1931-01-10,-0.17204093364675366,10,0.17107265867301705,0.25164854279512394,-0.430157222339683,0.1043174902706554,-5.048373243031034,False,0.34389856534346386,0.05771293329961713,-0.1531634669338996,1.201662581337329,-0.20166258133732892,-0.04200626290026508,0,11,True,True,Route 1,1930-11-30,returns-only
slow,1930-12-29,1931-02-24,-0.2981149078857347,46,0.17107265867301705,0.25164854279512394,-0.430157222339683,0.23740669756779842,-4.078725180567352,True,0.8251463328237423,0.1297870661057532,-0.2821119277855296,1.186647496219231,-0.18664749621923113,0.167560803864405,0,47,True,True,Route 1,1930-11-30,returns-only
fast,1931-06-16,1931-06-27,-0.1346404489802966,10,0.19629891232968733,0.24922321597679944,-0.5382889714616835,0.12904367078451173,-3.4431657398249897,True,0.2687734420286825,0.05537036544049201,-0.1322174422374417,1.2594637637176227,-0.25946376371762275,0.6983529444192054,0,11,True,True,Route 1,1931-05-31,returns-only
fast,1931-10-05,1931-10-17,-0.07113993334863633,10,0.19193265750825697,0.32311553644309554,-0.5918483043973997,0.10201281070818569,-1.8606506874592268,False,0.20080899307822575,0.10881075109397864,-0.05339870607559527,2.1827481563464044,-1.1827481563464044,-0.4275499692859922,0,11,True,True,Route 1,1931-09-30,returns-only
slow,1931-10-05,1931-11-09,-0.11321842496596057,28,0.19193265750825697,0.32311553644309554,-0.5918483043973997,0.21587391965689195,-1.769658583939889,True,0.33620096706141234,0.1707815008443916,-0.09628089688281039,2.03241477408914,-1.0324147740891398,1.7379252915530718,0,29,True,True,Route 1,1931-09-30,returns-only
fast,1932-01-04,1932-01-15,-0.2001703751107018,10,0.2465028395927171,0.4487999933965326,-0.6746368171322024,0.13502950160218186,-4.0764127089529145,True,0.4058133857373494,0.07259057283855719,-0.1827340892881153,1.2178439471387714,-0.21784394713877137,0.7388602915118119,0,11,True,True,Route 1,1931-12-31,returns-only
fast,1932-02-06,1932-02-19,-0.07464510265812152,10,0.2813894000717287,0.3895636417606481,-0.6580983154782774,0.12373605313386493,-1.3316615385226953,False,0.1582279075568005,0.060633265125658475,-0.07529285108626116,1.6212765743615314,-0.6212765743615314,1.1515547536342243,0,11,True,True,Route 1,1932-01-31,returns-only
fast,1932-04-08,1932-04-20,-0.06638796186939455,10,0.27948538664025824,0.39738717063063145,-0.6786225064829536,-0.0635992841058296,-1.1924234309399138,False,0.003454535649512591,-0.03573262051221837,-0.049396222775417775,0.0881547932505036,0.9118452067494964,2.4630180357092653,0,11,True,True,FITS-NONE,1932-03-31,returns-only
fast,1932-05-31,1932-06-11,-0.16407572154864047,10,0.22614332317842578,0.3825409731114974,-0.7396082490049389,0.00404643113144143,-3.6421751201429053,False,0.16607975024995492,-0.01910549735983369,-0.1440135388658077,0.8968303490346506,0.10316965096534937,0.6774112924798666,0,11,True,True,Route 1,1932-04-30,returns-only
fast,1932-07-27,1932-08-08,-0.19438350576268026,10,0.2953323817482448,0.413296034426569,-0.6278682779694549,0.34557036557726284,-3.3040652323962223,False,0.6455875152931951,0.1616899199526478,-0.22354682285407135,1.3341407800112275,-0.3341407800112275,-0.6860634896448013,0,11,True,True,Route 1,1932-06-30,returns-only
slow,1932-05-27,1932-09-07,-0.520132965268929,84,0.21958170456988965,0.36880552904552005,-0.7305659832784515,0.7771455515053494,-4.102785905145851,True,2.535825845734195,0.4938446756481314,-0.5154302683285645,1.2418458519024038,-0.2418458519024038,0.08187331593002348,0,85,True,True,Route 1,1932-04-30,returns-only
fast,1932-09-23,1932-10-05,-0.0643351999509546,10,0.3446441776673444,0.5044958157137954,-0.4121238462852854,-0.09878291660398053,-0.9370828277852709,False,-0.12135945234857637,-0.16641294356237613,-0.07687310827161165,-2.6936747647961257,3.6936747647961257,-0.06530724879090931,0,11,True,True,FITS-NONE,1932-08-31,returns-only
fast,1932-10-31,1932-11-12,-0.06241911267808242,10,0.2817150908921346,0.5124364577193942,-0.563647745737118,0.08060540089609569,-1.1122636626407854,False,0.168359618104448,0.08669511064961966,-0.05735617588654429,2.0616008514785196,-1.0616008514785193,0.44031604896076226,0,11,True,True,Route 1,1932-09-30,returns-only
fast,1932-12-29,1933-01-12,-0.07029359839852167,10,0.18384019621795053,0.4681561918070435,-0.49545606451520774,0.09465797982143731,-1.919444553841494,False,0.24727345384110122,0.04264025773326696,-0.0723389524820448,1.2083740983588855,-0.2083740983588855,-0.15721850803582404,0,11,True,True,Route 1,1932-11-30,returns-only
slow,1932-12-28,1933-03-25,-0.08098195133512276,62,0.18387596184780255,0.46742460074520975,-0.5101669594032603,-0.024277898476292026,-0.8879074611458424,True,0.0635593837880375,-0.03378115812188753,-0.07528403943340012,0.652959009072014,0.347040990927986,0.8166551253389178,0,63,True,True,FITS-NONE,1932-11-30,returns-only
fast,1933-06-02,1933-06-14,-0.06520373941519153,10,0.22983912160070094,0.44661917770166293,0.0035610183667325046,0.06481131588187217,-1.42412732791445,True,0.11874198550378967,0.008325472003089196,-0.06267978951161257,1.0754006057530188,-0.07540060575301881,0.7333634406781471,0,11,True,False,FITS-NONE,1933-05-31,returns-only
fast,1933-10-06,1933-10-19,-0.10969803052203853,10,0.20203820808766024,0.43296023571350223,0.34687997168706497,-0.14664714350476948,-2.7256217919181847,True,-0.07336115464032145,-0.23254620539413262,-0.1122799062335249,-0.46085454816846266,1.4608545481684627,0.8636665060659534,0,11,True,False,Route 2,1933-09-30,returns-only
fast,1933-12-29,1934-01-11,-0.0491105551240556,10,0.21285177539994596,0.34421216459408577,0.720951053689517,0.022410463747298603,-1.1582380727430654,False,0.0982698308826011,0.0012115964469665563,-0.05063197823585719,1.0124831906742549,-0.012483190674254872,0.4321651106925619,0,11,True,False,FITS-NONE,1933-11-30,returns-only
fast,1934-01-29,1934-02-09,-0.04486633917790439,10,0.1950461275978301,0.3197734287102221,1.076263316803491,0.02027606405865079,-1.1547383069651858,False,0.0883919742728525,0.03966017823911505,-0.032449601587217436,1.813846019786711,-0.8138460197867109,1.2483798160082413,0,11,True,False,FITS-NONE,1933-12-31,returns-only
fast,1934-09-15,1934-09-27,-0.04947197525137248,10,0.12749544376885838,0.23956503402473667,0.4816208145220062,0.07677478470368415,-1.9478919200381581,False,0.13274745940963983,0.07233251973559796,-0.04918681684394788,2.1972621362506572,-1.197262136250657,0.5265691444717429,0,11,True,False,FITS-NONE,1934-08-31,returns-only
fast,1934-12-27,1935-01-09,-0.09650422027858119,10,0.15193311411155996,0.15599980477843423,0.456938807520872,0.045934318385618456,-3.1885566476170086,True,0.2092798529148121,0.047012680842334564,-0.09180604222402977,1.2897239179181361,-0.2897239179181362,0.6985354099585581,0,11,True,False,FITS-NONE,1934-11-30,returns-only
fast,1935-03-13,1935-03-25,-0.08761757186781804,10,0.18978586718145832,0.14622253190382156,-0.16781301347279365,0.023366470551696716,-2.3175420096067647,False,0.2180288703812776,0.009110907898671972,-0.07475297963115457,1.043609978722775,-0.04360997872277517,-0.4238090049023038,0,11,True,True,Route 1,1935-02-28,returns-only
slow,1935-03-14,1935-06-22,-0.15868229271135714,84,0.1897350715651119,0.14719568274301492,-0.20615116226297114,0.2556599484931139,-1.4485766441090864,True,0.5698217933591252,0.1888115356586091,-0.15565354896511785,1.4955549931860885,-0.49555499318608853,0.2888413720874654,0,85,True,True,Route 1,1935-02-28,returns-only
fast,1935-08-01,1935-08-13,-0.0833695549384944,10,0.1530149188210682,0.1377141562671177,0.249596720481853,0.04378398446263421,-2.735104834916431,True,0.3415128165669401,0.028335745911646004,-0.09033594632096198,1.090478354153949,-0.09047835415394899,0.826700620393122,0,11,True,False,FITS-NONE,1935-07-31,returns-only
fast,1935-11-19,1935-12-02,-0.056542507641555106,10,0.12344580437658355,0.14127727887835753,0.36388793344126835,-0.021416485123870066,-2.299317802622394,False,0.07694271366821681,-0.04269207652320428,-0.05456124690760222,0.6431466427542104,0.35685335724578965,1.1934159947811658,0,11,True,False,FITS-NONE,1935-10-31,returns-only
fast,1936-04-17,1936-04-29,-0.08426221329422567,10,0.13087713558212424,0.1413353866774814,0.7244524556064498,-0.10415462966975209,-3.231985111700251,True,-0.03353687777777581,-0.1789470710182962,-0.08380434440087292,-0.230636360700677,1.230636360700677,0.4623210766784564,0,11,True,False,Route 2,1936-03-31,returns-only
fast,1937-03-10,1937-03-22,-0.04822840926605365,10,0.0644058080384898,0.11837399407271737,0.8537405750597722,-0.06110844583155828,-3.759050626501124,False,-0.04065647074884038,-0.06921163776373729,-0.04061423654018215,-1.423786830860781,2.423786830860781,0.49309633931498176,0,11,True,False,Route 2,1937-02-28,returns-only
fast,1937-04-14,1937-04-26,-0.057290302795486525,10,0.10265022127239966,0.129141547148857,0.6414720433294288,-0.057031037554283626,-2.8016991485962803,True,-0.06341457882140433,-0.10545566417293673,-0.05370800594610925,-1.508395377787098,2.5083953777870978,0.39543049697418375,0,11,True,False,Route 2,1937-03-31,returns-only
fast,1937-09-14,1937-09-25,-0.05677260774080495,10,0.09581901822991788,0.1939934300668231,0.11013973809280131,-0.06798076432548528,-2.9743179825651556,False,-0.057999596475278414,-0.11869409451226332,-0.03866264180942869,-0.955598915076877,1.955598915076877,0.3162584217139592,0,11,True,False,Route 2,1937-08-31,returns-only
fast,1937-10-19,1937-10-30,-0.12802344635232188,10,0.11666375802434757,0.2717400440260383,-0.21664238212299536,0.1408080839192103,-5.508759626949268,False,0.37785147648567197,0.14969774527926094,-0.10857836920597874,1.6561266584933874,-0.6561266584933874,-0.10732012275056362,0,11,True,True,Route 1,1937-09-30,returns-only
fast,1937-12-29,1938-01-11,-0.13288426500440165,10,0.29379600888433377,0.3920161876527786,-0.20100330156135138,0.1421008608421359,-2.2705336217480303,True,0.33794342583820014,0.06941990908724627,-0.12508022338944136,1.258524504397992,-0.25852450439799207,0.9670155863096161,0,11,True,True,Route 1,1937-11-30,returns-only
fast,1938-02-09,1938-02-23,-0.04791130524578768,10,0.32920492650682415,0.3724838948562381,-0.16369879872861204,0.06258393020738162,-0.7305870117479906,False,0.11638616167301619,0.02871270868561493,-0.05210049550270601,1.3274960402180231,-0.3274960402180232,3.212351959293201,0,11,True,True,Route 1,1938-01-31,returns-only
fast,1938-03-29,1938-04-09,-0.11705391500914797,10,0.25071160490963224,0.27169120118251955,-0.39250503722034846,0.11021644620007587,-2.343752655712234,False,0.22714577807081193,0.0690932571232783,-0.0965695658373601,1.4371537809650892,-0.4371537809650892,0.6902719398754652,0,11,True,True,Route 1,1938-02-28,returns-only
fast,1938-04-29,1938-05-11,-0.057736997196851214,10,0.27748612001323575,0.3117727916870937,-0.3163454642168887,0.06319482876023685,-1.0445114358385472,True,0.15256627475910167,0.04212858040615264,-0.05660628159348713,1.3814692135052498,-0.3814692135052498,1.6397786587357979,0,11,True,True,Route 1,1938-03-31,returns-only
fast,1938-06-17,1938-06-29,-0.2017864819757197,10,0.2502369330345649,0.2922181409961965,-0.35651530171268553,0.1967939271406205,-4.048003977271499,False,0.4236503413671604,0.08948898024208307,-0.19053167137157734,1.2678016989779592,-0.2678016989779592,-0.5214412620936149,0,11,True,True,Route 1,1938-05-31,returns-only
slow,1938-05-26,1938-07-25,-0.2922071191530158,49,0.2536867483549525,0.3016594716503426,-0.34989685523019476,0.3328405092420872,-2.6121327310092743,True,0.782089252602314,0.1683495841571616,-0.2735921663867398,1.2743012922460404,-0.2743012922460403,0.2150100033746531,0,50,True,True,Route 1,1938-04-30,returns-only
fast,1938-09-27,1938-10-08,-0.06146644394951417,10,0.2123239957320799,0.26489097228860087,-0.3392293521382852,0.17139202357962224,-1.4532464815888673,False,0.3013136773601717,0.20416768171684185,-0.058838549992572764,3.101658234750516,-2.101658234750516,-0.24171340130666275,0,11,True,True,Route 1,1938-08-31,returns-only
fast,1939-01-14,1939-01-26,-0.06634608748345283,10,0.11279228406878936,0.21624554124673012,-0.15886905210352276,-0.05875017066185717,-2.9528147127768443,False,-0.05751250465657831,-0.10553774008411909,-0.056822817575784224,-1.1975475839853336,2.1975475839853336,1.3882329173772563,0,11,True,True,FITS-NONE,1938-12-31,returns-only
fast,1939-03-27,1939-04-08,-0.09500811385440022,10,0.13542437178265665,0.1863158108744895,-0.2200586277794877,-0.1446941997773894,-3.521795523745819,True,-0.12449111940985091,-0.24995469433478412,-0.09509861304301503,-0.9922491008592403,1.9922491008592405,0.5143116930246477,0,11,True,True,FITS-NONE,1939-02-28,returns-only
fast,1939-07-11,1939-07-22,-0.059634862806702604,10,0.1674338186758087,0.21516822171585648,0.08246054509839595,0.08405912014498873,-1.7879579989088763,False,0.17965854452479824,0.06877100234930422,-0.06555916317102028,1.6201869118937196,-0.6201869118937196,1.1506689759508482,0,11,True,False,FITS-NONE,1939-06-30,returns-only
fast,1939-08-31,1939-09-13,-0.2921690586449639,10,0.1080007563946574,0.17505209697271776,0.13659897031538848,0.14553595840198108,-13.580247797436186,False,0.5950541888543357,0.004006725153776314,-0.2860109294551748,1.0067790243590424,-0.0067790243590423885,-0.06857033002945354,1,11,True,False,FITS-NONE,1939-07-31,returns-only
slow,1939-08-23,1939-11-30,-0.3518401232101799,80,0.10521194488010617,0.16598837768733404,0.04661367163285268,0.1115563078796562,-5.935203200109087,True,0.60488861440287,-0.09990510889641879,-0.3464603962328239,0.8582491506468846,0.1417508493531154,0.15364914763501042,1,81,True,False,FITS-NONE,1939-07-31,returns-only
fast,1939-12-26,1940-01-08,-0.051498980894372326,10,0.3314987032471552,0.20636717823952955,0.3299742187274044,0.0208911256186044,-0.7798607650559458,False,0.06591362606764384,0.021310435570836894,-0.04201397070331614,1.4777782784924873,-0.4777782784924874,0.5252008671951394,0,11,True,False,FITS-NONE,1939-11-30,returns-only
fast,1940-06-14,1940-06-26,-0.04819126230119264,10,0.1197277809335525,0.25165141294330934,-0.10837194442516596,0.004786356090258348,-2.0205687843493925,False,0.11329810744247215,-0.05674543937620924,-0.0397201645356734,0.6662887805044593,0.3337112194955407,0.23895207263440707,0,11,True,True,Route 1,1940-05-31,returns-only
fast,1940-08-23,1940-09-05,-0.09577710337197087,10,0.14012837296240518,0.2642224319153715,-0.07979702306031022,0.060393947740077,-3.431119857648619,False,0.201073160454331,0.03671525504886519,-0.09134641117849363,1.2233859999510812,-0.22338599995108122,0.31653693485468076,0,11,True,True,Route 1,1940-07-31,returns-only
fast,1940-10-28,1940-11-09,-0.06524591172289662,10,0.14054711639614934,0.12388965647631188,-0.03274728222552059,0.05230412885500235,-2.330406242392928,True,0.10173778037991066,0.05809255612732067,-0.06440463304344757,2.331017473781759,-1.3310174737817586,0.7007311787171335,0,11,True,True,Route 1,1940-09-30,returns-only
fast,1940-12-28,1941-01-10,-0.07030948311268914,10,0.1534095258391142,0.1425729201624093,0.09603383677133936,0.03661312453639676,-2.300709829519383,True,0.16783711947383062,0.024424764401768773,-0.07374933802517225,1.17031143787783,-0.1703114378778301,0.022433622690207926,0,11,True,False,FITS-NONE,1940-11-30,returns-only
slow,1940-12-27,1941-03-10,-0.08123977866069187,59,0.15334270555019752,0.1425287789759107,0.1019311890218042,-0.022875500659493286,-1.0949136611548334,True,0.07345875588543183,-0.048818776433010025,-0.080137266395085,0.6007543208684201,0.3992456791315799,0.2610258703988326,0,60,True,False,FITS-NONE,1940-11-30,returns-only
fast,1941-12-26,1942-01-08,-0.10430780582951438,10,0.06506193217375164,0.12966680264852404,-0.20589586594208775,0.04340506613393069,-8.048039953068656,False,0.1916076444124164,-0.037253349414061776,-0.09759011437323573,0.837222810269245,0.16277718973075495,-0.13544819484771,0,11,True,True,Route 1,1941-11-30,returns-only
slow,1942-04-28,1942-07-09,-0.09704508344345786,60,0.0824761459729144,0.13964570715662228,-0.18008442948119374,0.16743284475161135,-2.4114031527373383,True,0.25754289585152357,0.14055324626119958,-0.09072439902756235,2.2014160804258407,-1.2014160804258405,0.2477303705270738,0,61,True,True,Route 1,1942-03-31,returns-only
fast,1942-12-29,1943-01-11,-0.046613265102669166,10,0.04298511074144837,0.07905160868928611,0.13218965433567487,0.030827335540758893,-5.443669439711441,False,0.08627428890181288,0.009352580610099581,-0.047089958470117654,1.121585711209525,-0.12158571120952505,0.010423947351990613,0,11,True,False,FITS-NONE,1942-11-30,returns-only
fast,1943-07-21,1943-08-02,-0.06002375347614308,10,0.1498502812810174,0.10772422248079254,0.4499662080573623,-0.07564519288222771,-2.010786022423823,True,-0.05337890787933064,-0.12836917479291077,-0.05654584136400487,-0.7118111466498082,1.711811146649808,0.06399592717788372,0,11,True,False,Route 2,1943-06-30,returns-only
fast,1943-10-26,1943-11-08,-0.06888737326274563,10,0.11620150601433712,0.10545730234641029,0.5304962242869697,-0.053493352290936325,-2.975967189345742,True,-0.05141864272872121,-0.17728620477590518,-0.0682355944240296,-0.40851385291347664,1.4085138529134766,0.8230008007104651,0,11,True,False,Route 2,1943-09-30,returns-only
fast,1945-07-12,1945-07-26,-0.056561479480428556,10,0.07804310161116712,0.09128954077300333,0.3950232918290635,-0.04142893020538241,-3.6381995035520647,False,-0.01692158009189293,-0.11959012174006667,-0.053070756954505915,-0.1648175752790965,1.1648175752790966,0.057603770418550526,0,11,True,False,Route 2,1945-06-30,returns-only
fast,1945-08-02,1945-08-20,-0.04625127770650894,10,0.09736231359766959,0.09629992391198927,0.401440132847811,-0.00996531358658137,-2.3846965301010816,True,0.016046286268970533,-0.09126653454610056,-0.05225989465695813,0.14952813789717267,0.8504718621028273,0.06865044905018132,0,11,True,False,Route 2,1945-07-31,returns-only
fast,1946-10-23,1946-11-04,-0.05437393473930474,10,0.0771741353280775,0.2418258755235421,0.19330155495746726,0.022570732313581088,-3.5368713226280395,False,0.07391997483310497,0.014200260705677259,-0.05267180782183534,1.2377817930504031,-0.23778179305040323,0.7431411976781155,0,11,True,False,FITS-NONE,1946-09-30,returns-only
fast,1947-01-27,1947-02-07,-0.05619100747775929,10,0.14102268650501223,0.1823668917320258,0.1874243233987265,0.05311275295840301,-2.000221566009421,True,0.12500876964117347,0.03410960274233754,-0.06808300078353935,1.3752465936271894,-0.3752465936271893,0.3665708503163154,0,11,True,False,FITS-NONE,1946-12-31,returns-only
fast,1947-05-17,1947-05-29,-0.04681331192617433,10,0.11657737188821715,0.13215601977827873,0.023108970685203678,0.03649637967639441,-2.0158368385173566,False,0.07106307707187853,0.028287414544498457,-0.03585166501332537,1.661296935527114,-0.6612969355271142,-0.44764237099672277,0,11,True,False,FITS-NONE,1947-04-30,returns-only
fast,1947-06-30,1947-07-15,-0.07809735865081113,10,0.12586973468269072,0.14093171783140065,0.024010740593580104,0.057666209205483154,-3.114693376882809,True,0.15651516795182752,0.038014869377801075,-0.07302689412339036,1.3207997771756956,-0.3207997771756955,0.882450020196697,0,11,True,False,FITS-NONE,1947-05-31,returns-only
fast,1947-12-29,1948-01-12,-0.04471567933488674,10,0.04726953737489295,0.09010807087250322,-0.04843391459826618,0.00151350934072636,-4.748743931480072,False,0.033277859841593926,-0.012075591183243528,-0.03525836456030207,0.7337448218299766,0.2662551781700234,-0.37699962573736623,0,11,True,True,Route 1,1947-11-30,returns-only
fast,1948-12-30,1949-01-12,-0.047027530278264895,10,0.06611489640975593,0.14804870513081003,0.09036748603531519,0.017431687473687285,-3.570698000032492,False,0.08023276504572507,0.006799614750620853,-0.04550277432671013,1.0925959831941758,-0.09259598319417575,0.013754133129965132,0,11,True,False,FITS-NONE,1948-11-30,returns-only
slow,1948-12-30,1949-03-30,-0.08486340691861727,74,0.06611489640975593,0.14804870513081003,0.09036748603531519,0.01677817770971335,-2.3686754106715777,True,0.09946683420947,-0.028563322567283334,-0.08339918836968663,0.776901604384588,0.22309839561541198,0.3855810697272043,0,75,True,False,FITS-NONE,1948-11-30,returns-only
fast,1949-12-27,1950-01-09,-0.044514675007617854,10,0.06499878935935538,0.08710038346643734,0.2853603022001878,0.02516508187110622,-3.4379393407273144,False,0.07777037504326767,0.015194246358354757,-0.03820847186266818,1.242812182179913,-0.24281218217991304,0.26148477257925784,0,11,True,False,FITS-NONE,1949-11-30,returns-only
fast,1950-06-28,1950-07-13,-0.05177691730780798,10,0.0716611534172521,0.11419942572694519,0.2777248400493624,-0.06377929957277839,-3.6270426815240944,False,-0.02133490068088184,-0.11359871872771521,-0.04494971111242407,-0.23123799916942725,1.2312379991694273,0.902919619787943,0,11,True,False,Route 2,1950-05-31,returns-only
fast,1957-12-31,1958-01-15,-0.0571140448994768,10,0.08272648405218491,0.1771708295300443,-0.022378989213528322,0.039415317637387925,-3.4657610946638013,False,0.11448004361062836,-0.0005320234010076641,-0.06022556855130845,0.9953741949446588,0.004625805055341177,0.13541253568578704,0,11,True,True,Route 1,1957-11-30,returns-only
fast,1958-07-14,1958-07-28,-0.054819410474634345,10,0.06966921845406361,0.07638812092323108,0.024196001724165805,0.03145676229293448,-3.949969048600524,True,0.1025068229614996,0.003635705633403541,-0.04706892964052645,1.0367721710005435,-0.03677217100054343,-0.09864599238058049,0,11,True,False,FITS-NONE,1958-06-30,returns-only
fast,1959-07-27,1959-08-10,-0.056886550461975105,10,0.0551289968248029,0.07901630487667705,0.3561348630717467,-0.016614392722507754,-5.18000024236265,False,0.030391430014435006,-0.07706613369249182,-0.05830122063628196,0.28282262286648086,0.7171773771335191,0.009078611723294092,0,11,True,False,Route 2,1959-06-30,returns-only
fast,1960-12-30,1961-01-16,-0.05003242174222944,10,0.0654040310128306,0.10406814498202771,0.1377945443613382,0.026986173467105967,-3.8401419595259365,False,0.06012878632914642,0.012699268878446857,-0.047562506038759333,1.2677503285089726,-0.26775032850897257,0.7471400560665441,0,11,True,False,FITS-NONE,1960-11-30,returns-only
fast,1962-10-26,1962-11-12,-0.04717976407793356,10,0.08242254590054415,0.16504123264423234,0.10097965539887421,0.09395211908291778,-2.873492118014378,False,0.1393764839514955,0.07657681672481687,-0.039176074096188396,2.219382523929767,-1.2193825239297673,0.015644446740565632,0,11,True,False,FITS-NONE,1962-09-30,returns-only
fast,1966-05-03,1966-05-17,-0.10180679513957824,10,0.09886992593577432,0.07169008984384467,0.220543770795133,-0.08338362369672014,-5.169074930519921,True,-0.04113716635645526,-0.19921726348915703,-0.11213601699547293,-0.2602298904328373,1.2602298904328373,1.1548154851902561,0,11,True,False,Route 2,1966-04-30,returns-only
fast,1966-08-15,1966-08-29,-0.07701054218383696,10,0.14765291451114812,0.1063966159748957,0.10574565724307017,-0.10496675772324748,-2.6182338146288813,False,-0.06666149767914387,-0.1901355235845663,-0.07433387275616987,-0.5398827582588476,1.5398827582588475,0.42507043500880837,0,11,True,False,Route 2,1966-07-31,returns-only
fast,1966-09-23,1966-10-07,-0.04646004668165482,10,0.1649326527018613,0.13924209760505224,0.013262644020088699,-0.0633231146041654,-1.4140776827150021,True,-0.06205576868738416,-0.16897565382579272,-0.047032170653645955,-0.5803950182611263,1.5803950182611264,0.5763028433444993,0,11,True,False,Route 2,1966-08-31,returns-only
fast,1966-12-30,1967-01-16,-0.06084257972598561,10,0.11336659328359189,0.1419862545203852,0.049223522497154226,0.05229016416472887,-2.694156341486133,False,0.08769170848535102,0.05604293846940678,-0.05267191016960204,2.7707777724433864,-1.7707777724433864,-0.1410185145182538,0,11,True,False,FITS-NONE,1966-11-30,returns-only
fast,1967-12-21,1968-01-08,-0.05401615814041438,10,0.08604895012829553,0.07589404096861481,0.17058562576877745,0.01977328287337432,-3.151217550172087,False,0.06682414762134159,-0.013762202935040602,-0.05467834682971617,0.8292241447835278,0.17077585521647223,-0.056379676412409326,0,11,True,False,FITS-NONE,1967-11-30,returns-only
fast,1968-01-29,1968-02-13,-0.055878776740464264,10,0.09536402981113085,0.07934190524100776,0.13613455168527322,-0.051705585408426735,-2.9414574188796516,True,-0.0480072431649089,-0.12481834674857084,-0.05889996465489489,-0.6250039502767962,1.6250039502767963,0.32154157403670325,0,11,True,False,Route 2,1967-12-31,returns-only
fast,1969-12-18,1970-01-05,-0.04906208968647163,10,0.05896958013940968,0.10982485444809742,0.06440673115173134,0.05245329940757948,-4.176555691445505,False,0.12066111282275616,0.03906556133228123,-0.050488496551941986,1.478770724857979,-0.478770724857979,1.190075091648,0,11,True,False,FITS-NONE,1969-11-30,returns-only
fast,1970-02-17,1970-03-04,-0.04760625093934745,10,0.09703849751516189,0.10763770072879736,-0.04711932556421361,0.0403299887968922,-2.4627492094802257,False,0.05689851993087469,-0.011811412316563796,-0.04274904281913827,0.8280974535962502,0.17190254640374975,0.13040602033816587,0,11,True,True,Route 1,1970-01-31,returns-only
fast,1970-05-20,1970-06-03,-0.055533072824002216,10,0.09119530231122895,0.1420843780038031,-0.19972865917035787,0.04438162398439749,-3.0568878662554204,True,0.12064495650648621,0.05156082893054603,-0.053738585662368,1.7463484122871524,-0.7463484122871523,2.350694718873452,0,11,True,True,Route 1,1970-04-30,returns-only
fast,1970-07-14,1970-07-28,-0.045868815244653804,10,0.100885171087998,0.20250187850980628,-0.24887643603801013,0.04422857959187643,-2.2823931663576795,False,0.058621492845544854,0.02885230782755377,-0.04224311674258341,1.9692004604800837,-0.9692004604800838,-0.9584987956038058,0,11,True,True,Route 1,1970-06-30,returns-only
fast,1970-08-24,1970-09-08,-0.09129310191442819,10,0.10701853705189278,0.21139523113224407,-0.16649797068112615,0.06232067581721079,-4.28232105432725,False,0.26526453448902076,0.035086632670607854,-0.10183410193222076,1.1524326722653317,-0.1524326722653318,-0.34848452754895165,0,11,True,True,Route 1,1970-07-31,returns-only
slow,1970-07-07,1970-10-05,-0.2036893406272513,63,0.1013820003748204,0.19694463532124587,-0.26411778840700506,0.23277855817102022,-4.018254520017152,True,0.6456592763743898,0.12456720496967466,-0.19954852519851318,1.2390502788382043,-0.23905027883820437,0.602770381694642,0,64,True,True,Route 1,1970-06-30,returns-only
fast,1970-12-21,1971-01-06,-0.060658204096234014,10,0.12152351063215591,0.11559613079400975,-0.1542606123484741,0.03187466827518537,-2.50570252873697,False,0.11283323418782332,0.01954329497545637,-0.05699477109220907,1.2094898457481857,-0.2094898457481857,-1.0686896673276562,0,11,True,True,Route 1,1970-11-30,returns-only
slow,1970-11-25,1971-02-08,-0.13365435105816714,50,0.12083193030742435,0.12485779664009188,-0.19003912515938004,0.17969444570161586,-2.4832283419072785,True,0.4370850895066922,0.12027341426248439,-0.13218156345496657,1.3796369378425655,-0.3796369378425655,0.2856520119279848,0,51,True,True,Route 1,1970-10-31,returns-only
fast,1971-07-21,1971-08-04,-0.044064462435672636,10,0.05164242371609612,0.08002522602280082,0.13676540271059112,-0.05761209416660995,-4.28333586897264,False,-0.047312334124947064,-0.08852014799741859,-0.044638023758211354,-1.148139871514844,2.1481398715148443,1.4336158085121353,0,11,True,False,Route 2,1971-06-30,returns-only
fast,1971-12-22,1972-01-06,-0.04412719949178179,10,0.062096501145761325,0.1298778379863183,0.15718836311917705,0.020342147364131424,-3.5672989508062196,False,0.04253638796142156,0.0017537714046882424,-0.04403161221173102,1.0430029152800568,-0.043002915280056744,0.7320118555472865,0,11,True,False,FITS-NONE,1971-11-30,returns-only
fast,1972-08-10,1972-08-24,-0.04384170681935906,10,0.0437077621564792,0.08190853723957972,0.5987138830715042,0.002462131609828555,-5.035344082746174,False,0.023192833605921948,-0.04635187178297029,-0.0443197859659491,0.33349531752601735,0.6665046824739826,0.10514277879405286,0,11,True,False,Route 2,1972-07-31,returns-only
fast,1973-07-06,1973-07-20,-0.09754533365447138,10,0.07634480919426798,0.14881996408107098,-0.009258221998769689,0.06884362380859321,-6.4139748835539265,False,0.216778443752758,0.028057793282940446,-0.09745508818783666,1.1486736783340399,-0.14867367833403997,0.21572412412263609,0,11,True,True,Route 1,1973-06-30,returns-only
fast,1973-09-13,1973-09-27,-0.07292545452446952,10,0.10565779892051205,0.14900431329937583,0.039510529174744846,0.0659298229155012,-3.4647974881638675,True,0.13243270906146054,0.07364451490212431,-0.06893903397892498,2.2527092548977157,-1.2527092548977155,0.7015917222542678,0,11,True,False,FITS-NONE,1973-08-31,returns-only
fast,1973-12-20,1974-01-07,-0.05038235143554737,10,0.10804969429093131,0.16786771989223706,-0.08241279411330116,0.04683062317344433,-2.3407506943285505,False,0.16658841679026914,0.07646852347779576,-0.04705868966557192,1.8485199068385032,-0.8485199068385031,-0.6621545029924661,0,11,True,True,Route 1,1973-11-30,returns-only
slow,1973-12-24,1974-03-14,-0.12354638165969578,55,0.10636444860606765,0.16751789234152223,-0.08738766279833443,0.08748642214421465,-2.486293892849859,True,0.31528435430371293,0.02200209281566412,-0.12310815485052551,1.0750201962574566,-0.07502019625745658,0.2567110901895147,0,56,True,True,Route 1,1973-11-30,returns-only
fast,1974-12-30,1975-01-14,-0.10333443328772707,10,0.09750542604948181,0.2530947629212865,-0.42874081152543975,0.08136651232284509,-5.320060218137134,False,0.20943323644103096,0.047324063051419785,-0.10252743427768607,1.2919271134501544,-0.2919271134501545,-0.683265915886197,0,11,True,True,Route 1,1974-11-30,returns-only
slow,1974-12-23,1975-03-17,-0.21490514254485504,57,0.09732690406329339,0.2569918092079987,-0.425505071938604,0.31577306417115647,-4.642765426856857,True,0.7085558064181863,0.2309602988566577,-0.2112937062005611,1.4835897641413704,-0.48358976414137045,0.10207362058609304,0,58,True,True,Route 1,1974-11-30,returns-only
fast,1978-09-06,1978-09-20,-0.056665884285232115,10,0.043922876623795376,0.09981373051840337,0.2093704329399788,-0.024839411877105144,-6.47636273767751,False,-0.00396266224765629,-0.07536189393002646,-0.05374154852651625,-0.05550006847811427,1.0555000684781142,-0.34571499388094207,0,11,True,False,Route 2,1978-08-31,returns-only
fast,1978-10-13,1978-10-27,-0.10626652410893334,10,0.059871832806724916,0.0967507387803623,0.24605333792121198,-0.1168411478279987,-8.909927962386787,True,-0.09295740655782447,-0.22720247815103511,-0.1086796044938394,-0.6924455807175102,1.6924455807175103,0.3331156551619089,0,11,True,False,Route 2,1978-09-30,returns-only
fast,1980-03-03,1980-03-17,-0.0886202896992796,10,0.10038492317076343,0.132331271917386,0.4985706960081986,-0.10439578341858813,-4.431644808162851,False,-0.0608835990551061,-0.1781181777864561,-0.08843801375721938,-0.5193314098447394,1.5193314098447392,-0.14280257380380157,0,11,True,False,Route 2,1980-02-29,returns-only
slow,1980-03-05,1980-05-13,-0.14657139200783764,48,0.09927950571263705,0.13108926424387476,0.4608522339081804,-0.05342519268354495,-3.3827449772721105,True,0.027018816171587634,-0.17117655808177745,-0.14349904901906663,0.13632415122387193,0.8636758487761281,0.35937506990522566,0,49,True,False,Route 2,1980-02-29,returns-only
fast,1980-12-23,1981-01-08,-0.06760619011742153,10,0.118270060762339,0.1675415525121522,0.6221716762308369,-0.019687245589345315,-2.8695375542846393,False,0.027740154948657336,-0.09332101719274288,-0.07590449502537644,0.22914163524087358,0.7708583647591264,-0.18971919454344063,0,11,True,False,Route 2,1980-11-30,returns-only
slow,1980-11-28,1981-02-02,-0.1442159907697701,44,0.09566347607392038,0.1510210860653706,0.7334723623472184,-0.08770567376370275,-3.607789518672186,True,-0.0023943776152111074,-0.19973544128636922,-0.1383110811060816,-0.012133195041458832,1.012133195041459,0.24235324478426354,0,45,True,False,Route 2,1980-10-31,returns-only
fast,1981-06-29,1981-07-14,-0.04982488920201655,10,0.05907031157096585,0.1123658332088883,0.4907887765911594,-0.024602492723305946,-4.234258328405997,False,0.04329822217559087,-0.08133319583357035,-0.053720607156288236,0.3474101704628617,0.6525898295371383,0.18452879600981198,0,11,True,False,Route 2,1981-05-31,returns-only
slow,1981-05-29,1981-09-08,-0.10743911528248817,70,0.07463577012276525,0.12598652049110243,0.5671953873702176,-0.11233364322186468,-2.7312827095685335,True,-0.03005169670518959,-0.21924804346095683,-0.10601101786694012,-0.15883867326456994,1.15883867326457,0.16157630747018664,0,71,True,False,Route 2,1981-04-30,returns-only
fast,1982-03-08,1982-03-22,-0.04485070459489271,10,0.08317991191059666,0.13548978156706623,0.14755033480775448,0.026584165190502773,-2.706768317098047,False,0.0646774675796511,0.013371961028231905,-0.03415303248635537,1.2606340318427676,-0.2606340318427675,0.3235243360630149,0,11,True,False,FITS-NONE,1982-02-28,returns-only
fast,1982-08-12,1982-08-26,-0.06199641127362343,10,0.07212930737098652,0.10864199623283322,-0.06546939247670125,0.15260172218969692,-4.3147442551545865,False,0.2211790057192724,0.1480208643095524,-0.05693119189450113,3.0232999561944305,-2.0232999561944305,0.5092855847192768,0,11,True,True,Route 1,1982-07-31,returns-only
fast,1982-10-08,1982-10-22,-0.06461080584866097,10,0.08542697040588143,0.1648994577420943,0.10729504394790279,0.082897386321243,-3.796736202552278,False,0.17103854003253427,0.05294052207554567,-0.06002739879731944,1.4482761268256563,-0.44827612682565643,1.0912680915985729,0,11,True,False,FITS-NONE,1982-09-30,returns-only
fast,1982-12-22,1983-01-06,-0.06888396256485152,10,0.1218928340051959,0.20764587406973006,0.15599257914989906,0.048329059195980406,-2.8368751166204365,True,0.12463925867593195,0.011089918578749858,-0.06469394039639331,1.097666076872472,-0.09766607687247203,0.4297201058587364,0,11,True,False,FITS-NONE,1982-11-30,returns-only
fast,1983-07-26,1983-08-09,-0.07535007352243228,10,0.08229076784626156,0.11618386634985232,0.4903323389443528,-0.06018125336040814,-4.596558969803323,False,-0.03919387851680134,-0.1275969435655352,-0.07368570365477256,-0.4433542942792196,1.4433542942792197,0.06283119709892689,0,11,True,False,Route 2,1983-06-30,returns-only
fast,1984-07-23,1984-08-06,-0.07420608532589146,10,0.05840376451129627,0.10536843964265402,0.4851831865554941,0.08789957748269561,-6.378212004372617,False,0.13650203062420574,0.04825314072572806,-0.06948453636105345,1.5467846766258353,-0.5467846766258353,0.15347430883280208,0,11,True,False,FITS-NONE,1984-06-30,returns-only
fast,1985-01-07,1985-01-21,-0.048309802007238334,10,0.052361942112742754,0.09811317620714809,0.20575785931902457,0.07219764667423711,-4.631479880047726,False,0.13378354105446677,0.036489484713586595,-0.05078419652201949,1.3750433077406268,-0.37504330774062666,-0.07984906584920037,0,11,True,False,FITS-NONE,1984-12-31,returns-only
fast,1985-07-15,1985-07-29,-0.054075112370781664,10,0.036960506194881254,0.07810923190693436,0.24772727207927026,-0.018559257729849676,-7.344458657425592,False,0.02919988173147936,-0.04703907926120077,-0.05208867010676044,0.38300471768342836,0.6169952823165716,0.41033540933459606,0,11,True,False,Route 2,1985-06-30,returns-only
fast,1986-08-28,1986-09-12,-0.06547871726262144,10,0.07122545331551097,0.12486085462698933,0.6357150822365791,-0.08853778891254427,-4.614930992128771,True,-0.041399928553579546,-0.1278411947649567,-0.06417038746678916,-0.4789370906754557,1.4789370906754558,0.22376325056670515,0,11,True,False,Route 2,1986-07-31,returns-only
fast,1987-10-12,1987-10-26,-0.12541684350142135,10,0.05885603390709195,0.12303871571028652,0.6929143335370131,-0.2766952133090037,-10.697077527584678,True,-0.2884266634380236,-0.388782380048183,-0.13040196749346333,-2.874043185386661,3.874043185386661,0.6109871177515148,0,11,True,False,Route 2,1987-09-30,returns-only
fast,1987-12-22,1988-01-07,-0.05185595637898477,10,0.16072465862744623,0.4135512595247967,0.20843964165870132,0.05054646807577434,-1.6196322161327321,False,0.12172014045122426,0.04065890341974754,-0.04711523616088009,1.501582567805613,-0.5015825678056129,-0.4738962036717223,0,11,True,False,FITS-NONE,1987-11-30,returns-only
fast,1990-10-31,1990-11-14,-0.06256003605235427,10,0.06102641216570264,0.18173748550137855,0.09910178356048838,0.061031321114851655,-5.146114238020219,False,0.12728688056879522,0.03428162604472762,-0.060685156124459017,1.3685988089614478,-0.36859880896144775,-0.27716629170184703,0,11,True,False,FITS-NONE,1990-09-30,returns-only
slow,1990-10-31,1990-12-06,-0.08882054113345117,25,0.06102641216570264,0.18173748550137855,0.09910178356048838,0.09716207671489618,-4.6208922624888995,True,0.18997333543840056,0.06170030376388169,-0.08699818221571853,1.4810076050938017,-0.48100760509380175,0.08269736550236993,0,26,True,False,FITS-NONE,1990-09-30,returns-only
fast,1991-01-21,1991-02-04,-0.07673896773807032,10,0.09842140436085879,0.16765924229601192,0.18178846539004812,0.06369599498650036,-3.91405267182704,False,0.25961688611921985,0.05932559487644107,-0.08015503355743958,1.2961965770370456,-0.2961965770370456,-0.22392704390004622,0,11,True,False,FITS-NONE,1990-12-31,returns-only
slow,1990-10-31,1991-03-11,-0.14428689669378014,89,0.06102641216570264,0.18173748550137855,0.09910178356048838,0.2748044806007506,-3.9784538254914565,True,0.6110016701712948,0.26827902441841767,-0.14257547048716768,1.7827875623131784,-0.7827875623131784,0.3622035122544257,0,90,True,False,FITS-NONE,1990-09-30,returns-only
fast,1992-01-13,1992-01-27,-0.0434776067729451,10,0.07316525678216422,0.12395763323153478,0.32829184542402445,0.002595398189880971,-2.9830532060805557,False,0.04302297408806832,-0.012148189927435937,-0.0434776067729451,0.7798090697520531,0.22019093024794692,-0.2508246956613204,0,11,True,False,FITS-NONE,1991-12-31,returns-only
fast,1993-04-13,1993-04-27,-0.047944140388525014,10,0.06730478761844262,0.0943590720213342,0.2566298048516942,-0.02289967345665711,-3.57593691524778,False,0.009292261165517068,-0.05894923441422395,-0.0422318052308559,0.13616731413306948,0.8638326858669305,-0.1882668413676276,0,11,True,False,Route 2,1993-03-31,returns-only
slow,1993-10-04,1993-11-22,-0.0869962395132372,35,0.05258901544481097,0.07543849921383926,0.3298120640932758,-0.014051382620977937,-4.43886245885547,True,0.12757299357892582,-0.0719487450041908,-0.08416592785572818,0.6393939551894069,0.3606060448105931,0.21121193247271183,0,36,True,False,FITS-NONE,1993-09-30,returns-only
fast,1994-04-06,1994-04-20,-0.05475060647506369,10,0.05861081904470303,0.0945083040122549,0.2234963731818751,-0.023063341675071403,-4.689336673276542,False,-0.03301811174161684,-0.09367615405406693,-0.05011888444679158,-0.5443319712090322,1.5443319712090322,0.24390180564390407,0,11,True,False,Route 2,1994-03-31,returns-only
fast,1998-10-15,1998-10-29,-0.08086114222167429,10,0.08065220235960424,0.26205079091310124,0.4178677205199859,0.09141591106839764,-5.032965009073086,True,0.2943596999959708,0.08293011809188355,-0.08058540056434083,1.392235170429008,-0.39223517042900796,0.2033203059328925,0,11,True,False,FITS-NONE,1998-09-30,returns-only
fast,1998-12-28,1999-01-12,-0.064337959723486,10,0.11612031331182486,0.2623520674070005,0.594624618688312,0.024627939676157284,-2.7813737779805927,False,0.1357912365787055,0.029876636432111914,-0.05488777311669302,1.282082322840859,-0.28208232284085905,0.6641081794515609,0,11,True,False,FITS-NONE,1998-11-30,returns-only
fast,1999-04-05,1999-04-19,-0.10972049310539389,10,0.11056979909870172,0.18462834658750654,0.7489682317817621,-0.0010347781661252942,-4.981400965969662,False,0.09266811776818851,-0.06384288442632635,-0.09859199926921125,0.5920869234037541,0.4079130765962459,-0.27185595383214417,0,11,True,False,FITS-NONE,1999-03-31,returns-only
slow,1999-04-08,1999-05-25,-0.18853898482506992,33,0.1092085998944638,0.18443344086442398,0.7328047187182158,-0.01516640724944096,-4.7707606173544335,True,0.3042575814738542,-0.10451446857336577,-0.1858611634749927,0.7443209031505637,0.2556790968494363,0.2851091205405726,0,34,True,False,FITS-NONE,1999-03-31,returns-only
fast,2000-03-31,2000-04-14,-0.16928428912591909,10,0.20113016653627339,0.20803720051952262,0.4141308827853867,-0.12531698125303203,-4.225126452317146,False,-0.05632542668595608,-0.22336778038191318,-0.1570727681760702,-0.3371924870531761,1.3371924870531762,0.26223361444150095,0,11,True,False,Route 2,2000-02-29,returns-only
slow,2000-03-10,2000-05-26,-0.28824424267750415,54,0.13791834211195073,0.19288562762801842,0.44934070597108344,-0.11453443887490067,-4.5148362574465395,True,0.09445248251105842,-0.30689997340164443,-0.285112517345285,0.23533550404286685,0.7646644959571332,0.6805154449193203,0,55,True,False,Route 2,2000-02-29,returns-only
fast,2000-10-16,2000-10-30,-0.08307795804549589,10,0.14534741727698783,0.18992955986125754,0.39916944880422167,0.012967932939991211,-2.8693185424938243,True,0.005310235821079923,-0.08110569411680746,-0.07033274166232828,0.061449732993635854,0.9385502670063641,0.5292207225680299,0,11,True,False,Route 2,2000-09-30,returns-only
fast,2001-01-02,2001-01-17,-0.18114065471174512,10,0.15224897408222768,0.24016712605259646,0.07556770953751069,0.011956847777044644,-5.972577978581713,True,0.31348645812093245,-0.031520215151547126,-0.19096696685520398,0.9086388247144047,0.09136117528559534,0.32204126977542774,0,11,True,False,FITS-NONE,2000-12-31,returns-only
fast,2001-04-04,2001-04-19,-0.17027936417623146,10,0.27611879637049497,0.27122973824617946,-0.13874680730662736,0.14316565978943552,-3.0957531154539257,False,0.38157290752469963,0.06723577721170426,-0.15941002384694003,1.2138970256067283,-0.2138970256067283,0.061758957374301815,0,11,True,True,Route 1,2001-03-31,returns-only
slow,2001-04-04,2001-05-22,-0.19791580159443822,33,0.27611879637049497,0.27122973824617946,-0.13874680730662736,0.2047141037016671,-1.9807414891210433,True,0.4426052064399779,0.1462329197508092,-0.18740849859532527,1.4934095606050248,-0.49340956060502494,0.6070216485000328,0,34,True,True,Route 1,2001-03-31,returns-only
fast,2001-10-02,2001-10-16,-0.08470068013194643,10,0.18302594470829425,0.1994722175232344,-0.160665556925496,0.06529658469268429,-2.3231353368920633,False,0.2208776791861884,0.06762166892386223,-0.08195478217234209,1.441233389856066,-0.44123338985606614,-0.756229745683301,0,11,True,True,Route 1,2001-09-30,returns-only
slow,2001-10-02,2002-01-04,-0.17656043337060223,65,0.18302594470829425,0.1994722175232344,-0.160665556925496,0.15622971380220907,-1.899434495877191,True,0.5106800141409538,0.1690333848383856,-0.17409011467071367,1.4947608737819178,-0.4947608737819178,0.5440731236598796,0,66,True,True,Route 1,2001-09-30,returns-only
fast,2002-02-22,2002-03-08,-0.05131115131486519,10,0.1403586487926875,0.17274615459474907,-0.2361808619275929,0.07976255546752942,-1.8351554217651747,False,0.19613751884000807,0.06089887761470836,-0.051690626854339006,1.4503067840888342,-0.45030678408883423,1.2927290966776532,0,11,True,True,Route 1,2002-01-31,returns-only
fast,2002-07-02,2002-07-17,-0.049420813316115475,10,0.15044191352629913,0.18971691034994087,-0.3289134553058888,-0.06103550766406318,-1.649078425468254,False,0.01154555124700396,-0.08594528321090211,-0.038013863075908816,0.11842704302617309,0.8815729569738269,2.068165268614288,0,11,True,True,FITS-NONE,2002-06-30,returns-only
fast,2002-08-13,2002-08-27,-0.05246253586609395,10,0.1852188201707765,0.2689395584682386,-0.38228245277882644,0.03406316777923046,-1.4218848800343389,False,0.10746701474543996,0.017642263677461356,-0.03853373514332559,1.1964075988822929,-0.19640759888229295,1.8617047891259442,0,11,True,True,Route 1,2002-07-31,returns-only
fast,2002-11-11,2002-11-25,-0.11605500330270391,10,0.20423645948218483,0.33059365472654606,-0.3677310934856084,0.04659226114819681,-2.852534235723633,True,0.16635789213769092,0.0031637123139545142,-0.09881807586710634,1.0193861834862714,-0.01938618348627134,0.8764476362795314,0,11,True,True,Route 1,2002-10-31,returns-only
fast,2002-12-30,2003-01-14,-0.07488810811166258,10,0.1951993588849381,0.2756656243943512,-0.26080326694240596,0.06096803208034052,-1.9259044766655211,False,0.16831450333843967,0.025349719365699075,-0.06656210108466754,1.1773144312975183,-0.17731443129751842,1.492789287201293,0,11,True,True,Route 1,2002-11-30,returns-only
fast,2003-03-11,2003-03-25,-0.04966091377629067,10,0.18046037661290823,0.2104224623336247,-0.314275220727945,0.08015528544056294,-1.3814434686757422,False,0.10753299430214414,0.06245335953438569,-0.042153234995123245,2.3854007437312506,-1.3854007437312506,-1.2817346125759879,0,11,True,True,Route 1,2003-02-28,returns-only
fast,2003-04-11,2003-04-28,-0.05937006104890308,10,0.16128783046016026,0.21607429765960404,-0.19368750396150325,0.051273351566777814,-1.8478476662791203,False,0.12669214718072785,0.02717338648020573,-0.05692442320763036,1.273047878499789,-0.2730478784997889,-1.352947369439069,0,11,True,True,Route 1,2003-03-31,returns-only
slow,2003-03-11,2003-06-06,-0.20063138383213042,61,0.18046037661290823,0.2104224623336247,-0.314275220727945,0.23603614235041848,-2.2597082030335782,True,0.5957575890543823,0.2007400019016825,-0.1943163717644043,1.5081799100354576,-0.5081799100354576,0.1795859404206466,0,62,True,True,Route 1,2003-02-28,returns-only
fast,2003-12-02,2003-12-16,-0.06399376978066351,10,0.08078579465587857,0.1290334406268402,0.021772734541913863,-0.003342266141860839,-3.976518100795293,False,0.020691423837023493,-0.08388762147505746,-0.06333856541951,0.197854395928715,0.802145604071285,0.5522911473852004,0,11,True,False,Route 2,2003-11-30,returns-only
fast,2004-04-26,2004-05-10,-0.04446400697444175,10,0.09987938180170558,0.11816797366461135,0.10477480312652965,-0.053175451487757486,-2.2347709757898695,True,-0.03583752435623799,-0.10635569381155774,-0.04369957818002135,-0.5082027034031934,1.5082027034031933,0.4912379113853107,0,11,True,False,Route 2,2004-03-31,returns-only
fast,2006-05-10,2006-05-24,-0.07202164760829355,10,0.07117869267490841,0.08997549019796396,0.3015006291729918,-0.054800139470968845,-5.07941053715569,True,-0.04790873930300754,-0.14283005455393638,-0.07257843461972857,-0.5047205590900062,1.5047205590900063,-0.07277089135175675,0,11,True,False,Route 2,2006-04-30,returns-only
fast,2007-08-03,2007-08-17,-0.045264453491925205,10,0.04497252009434564,0.12785630073001447,0.19462858915815917,-0.017576363900264624,-5.052546592473397,False,-0.01698211004904293,-0.0706791872243111,-0.04497803282797275,-0.316257624108907,1.316257624108907,1.4469946791633201,0,11,True,False,Route 2,2007-07-31,returns-only
fast,2008-01-17,2008-02-01,-0.10958239111494283,10,0.12657908444202692,0.19783496565664,0.07644568975254984,0.022910560941454827,-4.3458936361584914,True,0.19851554814589734,-0.010659260140474247,-0.10655497124473345,0.9490413772681405,0.0509586227318595,0.9616311455636584,0,11,True,False,FITS-NONE,2007-12-31,returns-only
fast,2008-03-17,2008-04-01,-0.06696143776457841,10,0.17432925712831182,0.2168216035026372,0.012972354460007551,0.06120644811710485,-1.9282119095696013,True,0.1267325861755344,0.02815292402006153,-0.05567167116152982,1.2855855194113035,-0.28558551941130345,0.32440390177918377,0,11,True,False,FITS-NONE,2008-02-29,returns-only
fast,2008-04-17,2008-05-01,-0.04597701217441119,10,0.19775305886612493,0.22742142643119684,0.09246932974171762,0.03129238271553514,-1.1671261657249579,False,0.09448533275108906,-0.011642712864670779,-0.05475402366240678,0.8902956066219894,0.10970439337801068,1.1482871572297615,0,11,True,False,FITS-NONE,2008-03-31,returns-only
fast,2008-07-15,2008-07-29,-0.15150904529222897,10,0.20533435943269776,0.20341619967669577,0.029685839608939224,0.031264427872066625,-3.7040531025952506,False,0.2373703768659965,-0.09464636825687944,-0.14947266700093043,0.7149349553985543,0.28506504460144566,-0.05897917156074665,0,11,True,False,FITS-NONE,2008-06-30,returns-only
fast,2008-11-21,2008-12-08,-0.1883748104038271,10,0.34847667734662735,0.5321974128938524,-0.40667335495565315,0.21394468154548263,-2.713622186784939,False,0.4956245458816817,0.12965469294823495,-0.1912154985674136,1.3542769763929523,-0.35427697639295236,-0.6361244470461722,0,11,True,True,Route 1,2008-10-31,returns-only
fast,2009-01-26,2009-02-09,-0.057464364351488495,10,0.3689929325758274,0.5959048262325731,-0.378818560118785,0.047910053685645826,-0.781773291983583,False,0.026471083909153315,0.02181682548002395,-0.05595630733445045,5.68749765665785,-4.68749765665785,1.795220570982744,0,11,True,True,NO-DECOMPOSITION,2008-12-31,returns-only
fast,2009-03-09,2009-03-23,-0.22077318264374102,10,0.38505391225834146,0.5269428368859899,-0.48834023886881284,0.20424602825116533,-2.878227037331808,False,0.9456927423628132,0.09560222757925918,-0.2342538065840043,1.112461233147156,-0.11246123314715606,-0.7744568847708974,0,11,True,True,Route 1,2009-02-28,returns-only
slow,2009-03-06,2009-06-11,-0.5180001178112088,67,0.38452393574865584,0.558422919984161,-0.4790279277461018,0.4049501023430746,-2.612578501144104,True,2.466663285034354,0.1385959535570651,-0.514867118576982,1.059532622481807,-0.05953262248180692,0.26424484127612813,0,68,True,True,Route 1,2009-02-28,returns-only
fast,2009-07-22,2009-08-05,-0.10221490675469735,10,0.4099345228425897,0.3211364610538364,-0.3353622531300433,0.05483194781752876,-1.2516993104833214,False,0.24383153136162394,0.036308780275821295,-0.10490826203443326,1.174962890024569,-0.174962890024569,-0.20977367383704,0,11,True,True,Route 1,2009-06-30,returns-only
fast,2009-09-02,2009-09-17,-0.07532499441656926,10,0.29727454515985696,0.22872300969433912,-0.2813519435725934,0.07269848888646946,-1.2719840198902332,False,0.16327187230558615,0.08181468535431224,-0.07218109939758566,2.004388788962872,-1.0043887889628718,0.36016581756411264,0,11,True,True,Route 1,2009-08-31,returns-only
fast,2010-01-14,2010-01-29,-0.05002357764173726,10,0.09698447860822326,0.15457964960733864,-0.10092720868273297,-0.06042137607457321,-2.589242839535147,False,-0.040579607084858416,-0.09639782761777282,-0.05116354934856715,-0.7269957138982921,1.726995713898292,1.116989487396532,0,11,True,True,FITS-NONE,2009-12-31,returns-only
fast,2010-06-21,2010-07-06,-0.04352014249037828,10,0.12050925275678977,0.21341876308413926,-0.11281928493417037,-0.08278071169300538,-1.8128847074133962,False,-0.08143869738964515,-0.15460734805131104,-0.04552875019114844,-1.1130271865504289,2.1130271865504286,0.3602809699460385,0,11,True,True,FITS-NONE,2010-05-31,returns-only
fast,2011-07-25,2011-08-08,-0.04680837766440482,10,0.0898904383629913,0.14039066493182642,0.44360405508007617,-0.176949115864378,-2.614028758469706,False,-0.22643510018158441,-0.2329619277762789,-0.048333484260141946,-34.69298014944488,35.69298014944488,1.219864198888832,0,11,True,False,NO-DECOMPOSITION,2011-06-30,returns-only
fast,2011-10-14,2011-10-28,-0.056465039235902625,10,0.12605958187229568,0.3064434598302395,0.17041850677345005,0.0685516233075747,-2.248557730734804,True,0.13803105562555418,0.033643342027993794,-0.0545779693143742,1.3222921632108633,-0.3222921632108634,1.567746078101057,0,11,True,False,FITS-NONE,2011-09-30,returns-only
fast,2011-12-28,2012-01-12,-0.07528782337661355,10,0.16139135912433428,0.33518185961979224,0.16018606549030157,0.02743339890125629,-2.341772669084837,False,0.13147562152026904,0.002734703619216239,-0.06742776987531474,1.0212419148768075,-0.021241914876807596,-0.5475498509969593,0,11,True,False,FITS-NONE,2011-11-30,returns-only
slow,2011-12-19,2012-02-08,-0.1292228397184787,34,0.15856910761844167,0.34298376176776063,0.1453747058336754,0.11736920494006142,-2.218612779957369,True,0.31095564126344755,0.07083231718941585,-0.11363592854943949,1.2949830778103744,-0.2949830778103744,0.3698156148276812,0,35,True,False,FITS-NONE,2011-11-30,returns-only
fast,2012-08-30,2012-09-14,-0.04367419325782018,10,0.10772237937486173,0.14958523602402715,0.341343874035575,0.044014801244746105,-2.0352568464600393,False,0.11039353036937039,0.03503938271074958,-0.03956199228882862,1.4649960725385622,-0.46499607253856234,0.6469903482091542,0,11,True,False,FITS-NONE,2012-07-31,returns-only
fast,2014-04-01,2014-04-15,-0.050613729573355415,10,0.0812067144559309,0.11595780235617191,0.4249296262843847,-0.022028527248372787,-3.128791845222053,True,0.011028337239063157,-0.06598381622174765,-0.041214805496131546,0.14320255626503353,0.8567974437349665,-0.11777720234589832,0,11,True,False,Route 2,2014-03-31,reconstructed
fast,2015-01-23,2015-02-06,-0.048655353059212536,10,0.08056018145686777,0.14049219933052365,0.4274276635757206,0.0023216380448694007,-3.0318692122118014,False,0.0730412070486175,-0.0019791154522591503,-0.04779914287696563,0.973618942357439,0.0263810576425611,0.11747928107061799,0,11,True,False,FITS-NONE,2014-12-31,reconstructed
slow,2015-01-20,2015-04-30,-0.09673307851697144,70,0.07857545950462817,0.13807113423554984,0.41807610893316527,0.04584972121419062,-2.33581977214284,True,0.16557272918127097,0.026905427062513754,-0.0900489032979972,1.1940286329323078,-0.19402863293230765,0.6455433401473812,0,71,True,False,FITS-NONE,2014-12-31,reconstructed
fast,2015-09-24,2015-10-08,-0.09217407113514298,10,0.12646110677703468,0.17016450778317802,0.17033815173808842,0.034772977574823116,-3.658912819938431,True,0.17974224247046822,-0.014636636910974388,-0.09725789633678605,0.9247004769368387,0.0752995230631613,0.442007826005329,0,11,True,False,FITS-NONE,2015-08-31,reconstructed
fast,2015-12-17,2016-01-04,-0.044202951313970784,10,0.16722230527599485,0.19132590111211803,0.1623309516312068,-0.028445885974825336,-1.3269584709357627,False,0.029933797311097576,-0.04141785532885245,-0.03741679226830008,0.41952493325063567,0.5804750667493643,1.210185145856459,0,11,True,False,FITS-NONE,2015-11-30,reconstructed
fast,2016-02-22,2016-03-07,-0.08808698456673014,10,0.18497162553901422,0.18157549023628108,0.059276568130558704,0.051818737594917286,-2.390599919208557,False,0.2542360098339138,0.02160145304355665,-0.10258640151211929,1.0928557362310674,-0.0928557362310673,0.49385243748442176,0,11,True,False,FITS-NONE,2016-01-31,reconstructed
fast,2016-04-08,2016-04-22,-0.06548094582455943,10,0.19631028426725572,0.1787663104319572,0.12037346350716294,0.029661069695249065,-1.674449917146507,True,0.1399046232023773,-0.009057065864221392,-0.071088060149612,0.9391986898042483,0.06080131019575177,0.6426197899737729,0,11,True,False,FITS-NONE,2016-03-31,reconstructed
fast,2016-05-13,2016-05-27,-0.044837167174504367,10,0.1971995571634338,0.16534721021920223,0.10928897324599185,0.021322897183042144,-1.1413858940923514,False,0.08696868171942507,0.0018818956422710365,-0.04302235779213581,1.0221173666210002,-0.022117366621000265,1.1889756668997749,0,11,True,False,FITS-NONE,2016-04-30,reconstructed
fast,2016-10-31,2016-11-14,-0.052836895995537425,10,0.11066465313976875,0.12479925946750117,0.10408615988099901,0.028779572851823643,-2.3967825796971676,True,0.08041168138357002,0.03996850639518268,-0.04554374009470352,1.9882633202427613,-0.9882633202427614,0.0748136758838501,0,11,True,False,FITS-NONE,2016-09-30,reconstructed
fast,2018-12-28,2019-01-14,-0.058186322787630806,10,0.10746864777480614,0.19866709706075084,0.13304709125115965,0.04560762229778459,-2.7179370751605587,False,0.14906766461189558,0.0670382154848368,-0.056773602271812496,1.8172457111225817,-0.8172457111225817,-0.2077127429200001,0,11,True,False,FITS-NONE,2018-11-30,reconstructed
slow,2018-12-31,2019-02-20,-0.08901577793518556,34,0.1078144547569821,0.1992402960338011,0.15339233307933742,0.134305278117685,-2.247764524141614,True,0.3036552979655003,0.17180910769171898,-0.083276577336177,2.303102557115635,-1.303102557115635,0.286846058623308,0,35,True,False,FITS-NONE,2018-11-30,reconstructed
slow,2018-12-31,2019-04-18,-0.10128699908338135,75,0.1078144547569821,0.1992402960338011,0.15339233307933742,0.1810254359356538,-1.7220523584179568,True,0.3722534477381505,0.16700392359037508,-0.09562510717760664,1.813662902673215,-0.813662902673215,0.7091546775202617,0,76,True,False,FITS-NONE,2018-11-30,reconstructed
fast,2019-08-27,2019-09-11,-0.11681185313232478,10,0.12632012968500406,0.14774484799508666,0.22156488620451387,0.0449171161032389,-4.642101384073587,True,0.187016619866875,-0.023620637539138345,-0.10868652218114183,0.8878610658435965,0.11213893415640348,0.6314315424035347,0,11,True,False,FITS-NONE,2019-07-31,reconstructed
fast,2019-10-21,2019-11-04,-0.056345825202276933,10,0.16025778006925953,0.149393309452235,0.21244132845340147,0.03370725169228761,-1.764992610846636,True,0.09875256719606784,0.013964744241073301,-0.06078099982382612,1.1647022385335428,-0.16470223853354274,0.1919396003344867,0,11,True,False,FITS-NONE,2019-09-30,reconstructed
fast,2020-05-22,2020-06-08,-0.22285884020900038,10,0.2616769881152923,0.4966188630767428,0.12538738851651177,0.09837369415240049,-4.275280402122278,True,0.5847712017023039,0.03405574576243664,-0.21648628269871417,1.0618390956620531,-0.0618390956620531,1.220505325365435,0,11,True,False,FITS-NONE,2020-04-30,reconstructed
fast,2020-07-09,2020-07-23,-0.06527302798891343,10,0.3696279255979154,0.5132712414237988,0.17558474700475357,0.022597670669329828,-0.8864806398081048,False,0.06147385790142734,-0.021579941651949763,-0.037231218828580714,0.740169122087175,0.25983087791282494,1.2471586075215946,0,11,True,False,FITS-NONE,2020-06-30,reconstructed
fast,2020-11-04,2020-11-18,-0.1566027054655902,10,0.28176573428680357,0.19266872671647012,0.3383303339676347,0.0650323513853146,-2.790045937454897,False,0.23956410463754585,0.03841713467680541,-0.11536057776285746,1.1909903722850192,-0.19099037228501928,-0.13651260235493204,1,11,True,False,FITS-NONE,2020-10-31,reconstructed
fast,2020-12-22,2021-01-07,-0.05539052979141523,10,0.3565043818167531,0.17779449955701004,0.6773477113967761,0.031737397440439796,-0.7799574617656638,False,0.10589974838562743,0.028196778872923822,-0.03753741080447304,1.3628790385972822,-0.36287903859728227,0.9879311896738964,0,11,True,False,FITS-NONE,2020-11-30,reconstructed
fast,2021-02-19,2021-03-05,-0.11770339075141067,10,0.3236430507378598,0.1569120411394416,0.5358311834501115,-0.027843242292013293,-1.8256728541776654,False,0.06298911569433918,-0.15973350915337148,-0.11567410855013882,0.2828141763209228,0.7171858236790772,-0.13012360495888622,0,11,True,False,Route 2,2021-01-31,reconstructed
fast,2021-04-28,2021-05-12,-0.06103628323074428,10,0.22753138189149727,0.14864976836969507,0.5317291341120836,-0.04201261835273096,-1.3466261556411052,False,-0.0014518928466913383,-0.14662403814891012,-0.06253862517757525,-0.010001180623657476,1.0100011806236575,0.5795833478030814,0,11,True,False,Route 2,2021-03-31,reconstructed
fast,2021-07-01,2021-07-16,-0.05907918036185156,10,0.22583568056926173,0.1408800440090802,0.5640368341009274,-0.00499006291470816,-1.3132341661307683,False,0.026469232825608424,-0.12179505847935002,-0.06105511408309172,0.17852736213580248,0.8214726378641976,0.8909528970481163,0,11,True,False,Route 2,2021-06-30,reconstructed
fast,2022-07-27,2022-08-10,-0.08314978185143973,10,0.23991024836952485,0.2764179321245285,0.24536063472909397,0.08221805987340813,-1.7398531116430258,True,0.2331468045444145,0.017692766509612268,-0.09992814084355828,1.0821185189704097,-0.08211851897040964,0.5714361012837105,0,11,True,False,FITS-NONE,2022-06-30,reconstructed
fast,2022-11-01,2022-11-15,-0.06487285107294571,10,0.24772663269308448,0.25362471402376535,0.1786040603093071,0.029727752447133993,-1.3145907012899158,True,0.05040988377517275,0.007739421966335813,-0.06580797822187257,1.1813765691360059,-0.18137656913600594,0.6609567585714029,0,11,True,False,FITS-NONE,2022-10-31,reconstructed
fast,2023-01-19,2023-02-02,-0.1288600146432186,10,0.2362061272394398,0.24725147250228027,-0.012080197296326145,0.0691998742658686,-2.738591700323388,True,0.3427835738947105,-0.01694343446530222,-0.12328471873693547,0.9528991872404939,0.04710081275950603,0.5987439838383055,0,11,True,True,Route 1,2022-12-31,reconstructed
fast,2023-05-25,2023-06-09,-0.04513996231139761,10,0.1899583782162432,0.1572586627762751,-0.02505812328013368,0.047541748455993016,-1.1928971731546933,False,0.06033263382063758,0.09269820375685645,-0.02890734167069131,-1.8640992245627668,2.864099224562767,-0.3056842509225336,0,11,True,True,FITS-NONE,2023-04-30,reconstructed
slow,2023-05-12,2023-07-26,-0.09754436714279302,50,0.19465721853368956,0.1618472694183693,-0.0016543142465282878,0.11610634605153836,-1.1249855657262062,True,0.2523690609364484,0.18383433476839772,-0.09267110672536383,3.682353093782362,-2.682353093782362,0.48247195996811293,0,51,True,True,Route 1,2023-04-30,reconstructed
fast,2023-11-30,2023-12-14,-0.05039769849007791,10,0.12042479554401596,0.12670242187539796,-0.023131680809468036,0.04388429406984584,-2.100850056609136,True,0.11754591684125337,0.02148650613055314,-0.048878334807662016,1.2236793456422872,-0.22367934564228717,0.8996125233456779,0,11,True,True,Route 1,2023-10-31,reconstructed
fast,2025-02-24,2025-03-10,-0.05516279819233649,10,0.1323425511177849,0.13315489449236606,0.4989498562336019,-0.07201699428894548,-2.092411298232495,True,-0.09859037102882684,-0.19890683734195824,-0.0665008446140285,-0.9827934999333343,1.9827934999333343,1.283617546345506,0,11,True,False,Route 2,2025-01-31,reconstructed
fast,2025-08-08,2025-08-22,-0.05098122742678468,10,0.16032563828317972,0.25555997502810185,0.46329928819021093,0.023062961671686644,-1.5962745153571003,False,0.11987561845172068,-0.015582941707250275,-0.045666722300374496,0.8849615580664485,0.11503844193355152,1.3841021629988692,0,11,True,False,FITS-NONE,2025-07-31,reconstructed
fast,2026-05-14,2026-05-29,-0.047996311890254106,10,0.185836801620033,0.13854070265055493,0.4805105719221361,0.021048626371551915,-1.2965116240563495,False,0.0773246962886347,0.009134197749436579,-0.044664298981869965,1.1339511800780566,-0.13395118007805654,0.8985906420689029,0,11,True,False,FITS-NONE,2026-04-30,reconstructed
